-- Started on 2023-07-08 19:53:20

--
-- TOC entry 4377 (class 0 OID 4386818)
-- Dependencies: 218
-- Data for Name: game_info; Type: TABLE DATA; Schema: public; Owner: yvfqbqqqabpzca
--

INSERT INTO public.game_info (id, map_url, partners, start_game, end_game) VALUES (1, 'https://www.google.com/maps/d/edit?mid=1SZtqKoT6KsR1jtIXcfyw1104VoXloWk&usp=sharing', 'Agrospol Lu쬹치;
Cash&Carry Salvetov치;
D콏evoobchod Li코ka;
Ji콏칤 Dan캩k - Invia Prost캩jov;
Obec Prlov;
Obec Vala코sk치 Polanka;
Pivn칤 And캩l Zl칤n;
Pivovar Hubertus K치cov;
Stavebniny Tradix Vset칤n;', '2023-07-05 14:00:00', '2023-07-05 20:00:00');


--
-- TOC entry 4379 (class 0 OID 4386838)
-- Dependencies: 220
-- Data for Name: pop_feedback; Type: TABLE DATA; Schema: public; Owner: yvfqbqqqabpzca
--

INSERT INTO public.pop_feedback (id, text, player_id) VALUES (1, 'Slevnil bych pivo... 游뱎', 1004);
INSERT INTO public.pop_feedback (id, text, player_id) VALUES (2, 'Jupijou, diplom pecka!', 1001);
INSERT INTO public.pop_feedback (id, text, player_id) VALUES (3, 'Trasa super, ka쬯op치dn캩 v m칤st캩 n캩kter칳ch zast치vek nebyl sign치l, tedy ne코lo naskenovat QRk칩d. Taky by se hodilo vid캩t n캩kde na str치nk치ch info o tom, kdy se bude losovat tombola. ', 1141);
INSERT INTO public.pop_feedback (id, text, player_id) VALUES (4, 'My코lenka aplikace nebyla 코patn치. Ale ikdy jsem m캩l pln캩 nabit칳 telefon i neomezen치 data, tak na stanovi코ti u cyklopartyje absolutn캩 쮂멳n칳 sign치l a tedy bez zn치mky. Tu jsem jen vyfotil, ale u se j칤 nepoda콏ilo do aplikace p콏idat. Tak snad p콏칤코t캩 rad캩ji klasick칠 karti캜ky a raz칤tka. Jinak p콏칤jemn치 akce.', 1204);
INSERT INTO public.pop_feedback (id, text, player_id) VALUES (5, 'Velk치 gratulace po콏adatel콢m,super akce, u se t캩코칤m na dal코칤 ro캜n칤k 游때', 1012);


--
-- TOC entry 4381 (class 0 OID 4386851)
-- Dependencies: 222
-- Data for Name: pop_player; Type: TABLE DATA; Schema: public; Owner: yvfqbqqqabpzca
--

INSERT INTO public.pop_player (id, email, nickname, phone_number, pin, user_id) VALUES (1001, 'rab2@seznam.cz', 'Pavel', '724026376', 7566, 1001);
INSERT INTO public.pop_player (id, email, nickname, phone_number, pin, user_id) VALUES (1003, 'johana.matusova@gmail.com', 'Johana', '+420 773 622 605', 7837, 1003);
INSERT INTO public.pop_player (id, email, nickname, phone_number, pin, user_id) VALUES (1004, 'seplet@gmail.com', 'Sepletinho', '737916630', 5641, 1004);
INSERT INTO public.pop_player (id, email, nickname, phone_number, pin, user_id) VALUES (1076, 'terkamikulenkova1@gmail.com', 'Terka Mikulenkov치', '', 6206, 1076);
INSERT INTO public.pop_player (id, email, nickname, phone_number, pin, user_id) VALUES (1010, 'dejv.kindl@seznam.cz', 'David', '603844477', 3113, 1010);
INSERT INTO public.pop_player (id, email, nickname, phone_number, pin, user_id) VALUES (1011, 'petrdanek11@gmail.com', 'Petr Dan캩k', '+420737611754', 7223, 1011);
INSERT INTO public.pop_player (id, email, nickname, phone_number, pin, user_id) VALUES (1012, 'phurtikova@seznam.cz', 'Petra', '604791413', 7930, 1012);
INSERT INTO public.pop_player (id, email, nickname, phone_number, pin, user_id) VALUES (1013, 'petranovotna23@seznam.cz', 'Petra Novotn치', '+420 731 475 086', 6134, 1013);
INSERT INTO public.pop_player (id, email, nickname, phone_number, pin, user_id) VALUES (1014, 'stepankanemecek@seznam.cz', '코t캩p치nka n캩me캜kov치', '731348026', 7972, 1014);
INSERT INTO public.pop_player (id, email, nickname, phone_number, pin, user_id) VALUES (1015, 'stepankanemecek@seznam.cz', 'pavel n캩me캜ek', '731348026', 8068, 1015);
INSERT INTO public.pop_player (id, email, nickname, phone_number, pin, user_id) VALUES (1016, 'Michal1@seznam.cz', 'Chanok', '728213551', 9547, 1016);
INSERT INTO public.pop_player (id, email, nickname, phone_number, pin, user_id) VALUES (1017, 'pepi.mety@seznam.cz', 'Pe콘ul칤ne캜ka', '725 100 681', 5862, 1017);
INSERT INTO public.pop_player (id, email, nickname, phone_number, pin, user_id) VALUES (1018, 'lidajaja@seznam.cz', 'Ludmila Ju콏icov치', '736 127 050', 8136, 1018);
INSERT INTO public.pop_player (id, email, nickname, phone_number, pin, user_id) VALUES (1019, 'kaluz564@seznam.cz', 'Radek 맛lak', '+420732785577', 3448, 1019);
INSERT INTO public.pop_player (id, email, nickname, phone_number, pin, user_id) VALUES (1020, 'katerina.valcharova@centrum.cz', 'Kate콏ina Valch치콏ov치', '721201200', 7102, 1020);
INSERT INTO public.pop_player (id, email, nickname, phone_number, pin, user_id) VALUES (1021, 'radim.mikulastik@seznam.cz', 'Radim Mikul치코t칤k', '', 2919, 1021);
INSERT INTO public.pop_player (id, email, nickname, phone_number, pin, user_id) VALUES (1022, 'dblazek73@seznam.cz', 'Daniel', '732472425', 6769, 1022);
INSERT INTO public.pop_player (id, email, nickname, phone_number, pin, user_id) VALUES (1023, 'ondrejfilgas1@gmail.com', 'Ond콏ej', '739 291 737', 2322, 1023);
INSERT INTO public.pop_player (id, email, nickname, phone_number, pin, user_id) VALUES (1024, 'terezkamartincova1@gmail.com', 'Tereza Martincov치', '', 2252, 1024);
INSERT INTO public.pop_player (id, email, nickname, phone_number, pin, user_id) VALUES (1025, 'matejkosecky@gmail.com', 'Matej', '+421905151180', 2069, 1025);
INSERT INTO public.pop_player (id, email, nickname, phone_number, pin, user_id) VALUES (1026, 'dsefr@centrum.cz', 'Daniel 만fr', '720958979', 7447, 1026);
INSERT INTO public.pop_player (id, email, nickname, phone_number, pin, user_id) VALUES (1027, 'dusan.kosecky@gmail.com', 'Du코an Ko코eck칳', '+421907718380', 6477, 1027);
INSERT INTO public.pop_player (id, email, nickname, phone_number, pin, user_id) VALUES (1028, 'tomasovic.tomas@gmail.com', 'Tom치코', '+421908861474', 4597, 1028);
INSERT INTO public.pop_player (id, email, nickname, phone_number, pin, user_id) VALUES (1029, 'cotsoor@gmail.com', 'Kocur', '+421903730413', 6529, 1029);
INSERT INTO public.pop_player (id, email, nickname, phone_number, pin, user_id) VALUES (1030, 'rapishek@seznam.cz', 'Petr Rapant', '604405694', 3786, 1030);
INSERT INTO public.pop_player (id, email, nickname, phone_number, pin, user_id) VALUES (1031, 'jarekzidek@seznam.cz', 'Jaroslav 콯칤dek', '739293458', 4326, 1031);
INSERT INTO public.pop_player (id, email, nickname, phone_number, pin, user_id) VALUES (1032, 'trnici@centrum.cz', 'Kate콏ina Trnov치', '736653352', 6936, 1032);
INSERT INTO public.pop_player (id, email, nickname, phone_number, pin, user_id) VALUES (1033, 'blazovina@gmail.com', 'tom blazek', '605 845 366', 2206, 1033);
INSERT INTO public.pop_player (id, email, nickname, phone_number, pin, user_id) VALUES (1034, 'zuzka.sis@seznam.cz', 'zuzana tajzlerova', '605350614', 8721, 1034);
INSERT INTO public.pop_player (id, email, nickname, phone_number, pin, user_id) VALUES (1035, 'vychopenzdenek@gmail.com', 'zdenek vychope켿', '777563258', 9782, 1035);
INSERT INTO public.pop_player (id, email, nickname, phone_number, pin, user_id) VALUES (1036, 'jenynavratova@gmail.com', 'Jenifer', '605193856', 9162, 1036);
INSERT INTO public.pop_player (id, email, nickname, phone_number, pin, user_id) VALUES (1037, 'agla.cz@gmail.com', 'Marie S치dl칤kov치', '777920433', 5226, 1037);
INSERT INTO public.pop_player (id, email, nickname, phone_number, pin, user_id) VALUES (1038, 'lukas.karola@gmail.com', 'Loll칤nek', '731790312', 1683, 1038);
INSERT INTO public.pop_player (id, email, nickname, phone_number, pin, user_id) VALUES (1039, 'hanaz8@seznam.cz', 'Hanicka', '', 1875, 1039);
INSERT INTO public.pop_player (id, email, nickname, phone_number, pin, user_id) VALUES (1040, 'katerina.tilscherova@seznam.cz', 'Kate콏ina Tilscherov치', '+420724060109', 5686, 1040);
INSERT INTO public.pop_player (id, email, nickname, phone_number, pin, user_id) VALUES (1041, 'matyas-blazek@seznam.cz', 'Maty치코 Bla쬰k', '731942819', 7269, 1041);
INSERT INTO public.pop_player (id, email, nickname, phone_number, pin, user_id) VALUES (1042, 'rfilak@seznam.cz', 'Richard Filak', '605440396', 4407, 1042);
INSERT INTO public.pop_player (id, email, nickname, phone_number, pin, user_id) VALUES (1043, 'morvayova@centrum.cz', 'Ad칠la Morvayov치', '737958430', 3666, 1043);
INSERT INTO public.pop_player (id, email, nickname, phone_number, pin, user_id) VALUES (1044, 'lidkadob@gmail.com', 'Lidkadob', '737448443', 6422, 1044);
INSERT INTO public.pop_player (id, email, nickname, phone_number, pin, user_id) VALUES (1045, 'kmina@seznam.cz', 'Jind콏ich', '720979610', 5019, 1045);
INSERT INTO public.pop_player (id, email, nickname, phone_number, pin, user_id) VALUES (1046, 'petanek.kral@seznam.cz', 'Petr Kr치l', '+420732260608', 6633, 1046);
INSERT INTO public.pop_player (id, email, nickname, phone_number, pin, user_id) VALUES (1047, 'petrik.jerabek@gmail.com', 'Petr Je콏치bek', '774654281', 9381, 1047);
INSERT INTO public.pop_player (id, email, nickname, phone_number, pin, user_id) VALUES (1048, 'tomsova.adela@seznam.cz', 'atomsova', '+420604177355', 9571, 1048);
INSERT INTO public.pop_player (id, email, nickname, phone_number, pin, user_id) VALUES (1049, 'reyjiri@seznam.cz', 'Ji콏칤', '+420736163057', 3251, 1049);
INSERT INTO public.pop_player (id, email, nickname, phone_number, pin, user_id) VALUES (1050, 'reyjiri@seznam.cz', 'Jord', '+420736163057', 8968, 1050);
INSERT INTO public.pop_player (id, email, nickname, phone_number, pin, user_id) VALUES (1051, 'katemikusova@seznam.cz', 'Kate콏ina Miku코ov치', '732511738', 5761, 1051);
INSERT INTO public.pop_player (id, email, nickname, phone_number, pin, user_id) VALUES (1052, 'janca.reznickova@email.cz', 'Team_Arnie', '605 926 416', 3614, 1052);
INSERT INTO public.pop_player (id, email, nickname, phone_number, pin, user_id) VALUES (1053, 'tomkovaligura@seznam.cz', 'Tom치코 Valigura', '730658502', 2316, 1053);
INSERT INTO public.pop_player (id, email, nickname, phone_number, pin, user_id) VALUES (1054, 'jan.syptak@seznam.cz', 'Jan Sypt치k', '739168749', 1049, 1054);
INSERT INTO public.pop_player (id, email, nickname, phone_number, pin, user_id) VALUES (1055, 'cerna1Eva@seznam.cz', 'Eva Mikulenkov치', '', 6757, 1055);
INSERT INTO public.pop_player (id, email, nickname, phone_number, pin, user_id) VALUES (1056, 'daniel.romanovsky2000@gmail.com', 'Daniel 2000', '727970517', 5336, 1056);
INSERT INTO public.pop_player (id, email, nickname, phone_number, pin, user_id) VALUES (1057, 'l.krahulik@email.cz', 'lukas krahulik', '606788948', 5785, 1057);
INSERT INTO public.pop_player (id, email, nickname, phone_number, pin, user_id) VALUES (1058, 'petrkuncar@seznam.cz', 'Petr Kun캜ar', '607124262', 7909, 1058);
INSERT INTO public.pop_player (id, email, nickname, phone_number, pin, user_id) VALUES (1059, 'kmvm@centrum.cz', 'Kub치t', '+420732830296', 9880, 1059);
INSERT INTO public.pop_player (id, email, nickname, phone_number, pin, user_id) VALUES (1060, 'xramok@gmail.com', 'Radek S치dl칤k', '777749779', 4553, 1060);
INSERT INTO public.pop_player (id, email, nickname, phone_number, pin, user_id) VALUES (1061, 'vatik.volek@seznam.cz', 'Vlastimil Volek', '603373625', 8141, 1061);
INSERT INTO public.pop_player (id, email, nickname, phone_number, pin, user_id) VALUES (1062, 'jiri.keszegh@seznam.cz', 'Ji콏칤 Keszegh', '605767531', 7536, 1062);
INSERT INTO public.pop_player (id, email, nickname, phone_number, pin, user_id) VALUES (1063, 'Inka.Skyvova@seznam.cz', 'Jind콏i코ka Sk칳vov치', '604673886', 3985, 1063);
INSERT INTO public.pop_player (id, email, nickname, phone_number, pin, user_id) VALUES (1064, 'zuzka.huska@email.cz', 'Zuzana Huskova', '605853656', 8446, 1064);
INSERT INTO public.pop_player (id, email, nickname, phone_number, pin, user_id) VALUES (1065, 'tkadlecova27@seznam.cz', 'Tkadlecov치 Hana', '739992317', 3772, 1065);
INSERT INTO public.pop_player (id, email, nickname, phone_number, pin, user_id) VALUES (1066, 'daidar@email.cz', 'Josef V치clav칤k', '739843969', 3927, 1066);
INSERT INTO public.pop_player (id, email, nickname, phone_number, pin, user_id) VALUES (1067, 'dankovakristina@seznam.cz', 'Krisrina Da켿kov치', '728320315', 1627, 1067);
INSERT INTO public.pop_player (id, email, nickname, phone_number, pin, user_id) VALUES (1068, 'scibulec@post.cz', 'cibi', '608784474', 4427, 1068);
INSERT INTO public.pop_player (id, email, nickname, phone_number, pin, user_id) VALUES (1069, 'marek.hana@outlook.cz', 'Marek H치na', '732828454', 7847, 1069);
INSERT INTO public.pop_player (id, email, nickname, phone_number, pin, user_id) VALUES (1070, 'pepacmajda@gmail.com', 'Josef', '702035457', 7304, 1070);
INSERT INTO public.pop_player (id, email, nickname, phone_number, pin, user_id) VALUES (1071, 'orsmar@gmail.com', 'Vagant', '603764979', 5734, 1071);
INSERT INTO public.pop_player (id, email, nickname, phone_number, pin, user_id) VALUES (1072, 'vychi@post.cz', 'Ondra Vychope켿', '605775709', 5577, 1072);
INSERT INTO public.pop_player (id, email, nickname, phone_number, pin, user_id) VALUES (1073, 'lukindrga@gmail.com', 'Luk치코 Drga', '+420 731 973 386', 5864, 1073);
INSERT INTO public.pop_player (id, email, nickname, phone_number, pin, user_id) VALUES (1074, 'dankova.simona@email.cz', 'Simona Da켿kov치', '605963138', 2922, 1074);
INSERT INTO public.pop_player (id, email, nickname, phone_number, pin, user_id) VALUES (1075, 'baletkavlastimil@seznam.cz se', 'Vlastimil Baletka', '604242923', 2466, 1075);
INSERT INTO public.pop_player (id, email, nickname, phone_number, pin, user_id) VALUES (1077, 'xjana.hofmanova@seznam.cz', 'Jana Hofmanov치', '739233837', 5151, 1077);
INSERT INTO public.pop_player (id, email, nickname, phone_number, pin, user_id) VALUES (1078, 'vavrusmartin@gmail.com', 'Vavru코 Martin', '+420604380025', 6324, 1078);
INSERT INTO public.pop_player (id, email, nickname, phone_number, pin, user_id) VALUES (1079, 'radim.dancak@seznam.cz', 'Radim Dan캜치k', '737962385', 7960, 1079);
INSERT INTO public.pop_player (id, email, nickname, phone_number, pin, user_id) VALUES (1080, '', '', '', 9214, 1080);
INSERT INTO public.pop_player (id, email, nickname, phone_number, pin, user_id) VALUES (1081, 'paja1017@seznam.cz', 'Pavla', '731586297', 1897, 1081);
INSERT INTO public.pop_player (id, email, nickname, phone_number, pin, user_id) VALUES (1082, 'xkremilek@gmail.com', 'Pavel Pol치ch', '739187654', 1500, 1082);
INSERT INTO public.pop_player (id, email, nickname, phone_number, pin, user_id) VALUES (1083, 'pepe.ptacek@seznam.cz', 'Pepe', '604645459', 4037, 1083);
INSERT INTO public.pop_player (id, email, nickname, phone_number, pin, user_id) VALUES (1084, 'lidka.ptackova@seznam.cz', 'Lidu코ka Pt치캜kov치', '739700274', 2255, 1084);
INSERT INTO public.pop_player (id, email, nickname, phone_number, pin, user_id) VALUES (1085, 'srbovazuz', 'Zuzana Srbov치', '777955263', 8961, 1085);
INSERT INTO public.pop_player (id, email, nickname, phone_number, pin, user_id) VALUES (1086, 'pepe.ptacek@seznam.cz', 'Josef Pepe Pt먟껸k', '604645459', 6074, 1086);
INSERT INTO public.pop_player (id, email, nickname, phone_number, pin, user_id) VALUES (1087, 'maharisi@seznam.cz', 'Ji콏ina', '', 8691, 1087);
INSERT INTO public.pop_player (id, email, nickname, phone_number, pin, user_id) VALUES (1088, 'danielpastorek88@gmail.com', 'Daniel Pastorek', '+420 732 182 830', 8404, 1088);
INSERT INTO public.pop_player (id, email, nickname, phone_number, pin, user_id) VALUES (1089, 'krcmys.monika@gmail.com', 'Monika Kindlov치', '+420732841144', 4355, 1089);
INSERT INTO public.pop_player (id, email, nickname, phone_number, pin, user_id) VALUES (1090, 'krcmys.monika@gmail.com', 'Mon캜a Kindlov치', '+420732841144', 9708, 1090);
INSERT INTO public.pop_player (id, email, nickname, phone_number, pin, user_id) VALUES (1091, 'pavel.matoska@seznam.cz', 'Gimli', '731418464', 8972, 1091);
INSERT INTO public.pop_player (id, email, nickname, phone_number, pin, user_id) VALUES (1092, 'mr.stach.martin@gmail.com', 'Martin 맚ach', '+420730104761', 8473, 1092);
INSERT INTO public.pop_player (id, email, nickname, phone_number, pin, user_id) VALUES (1093, 'mamnovosad@seznam.cz', 'Marek', '+420605851944', 1537, 1093);
INSERT INTO public.pop_player (id, email, nickname, phone_number, pin, user_id) VALUES (1094, 'katerina.tilscherova@seznam.cz', 'Ka캜a', '724060109', 7559, 1094);
INSERT INTO public.pop_player (id, email, nickname, phone_number, pin, user_id) VALUES (1095, 'jenifern@seznam.cz', 'Jeny', '605193856', 3865, 1095);
INSERT INTO public.pop_player (id, email, nickname, phone_number, pin, user_id) VALUES (1096, 'dantomecek@seznam.cz', 'Daniel Tome캜ek', '+420734145833', 7532, 1096);
INSERT INTO public.pop_player (id, email, nickname, phone_number, pin, user_id) VALUES (1097, 'vacovi.249', 'marie vankova', '733659352', 6811, 1097);
INSERT INTO public.pop_player (id, email, nickname, phone_number, pin, user_id) VALUES (1098, 'terezie.249@icloud.com', 'Terezie Va켿kov치', '605748723', 2682, 1098);
INSERT INTO public.pop_player (id, email, nickname, phone_number, pin, user_id) VALUES (1099, 'vacovi.249@seznam.cz', 'marie va켿kov치', '733659352', 2968, 1099);
INSERT INTO public.pop_player (id, email, nickname, phone_number, pin, user_id) VALUES (1100, 'hana.dolni@seznam.cz', 'Hana', '604607574', 1485, 1100);
INSERT INTO public.pop_player (id, email, nickname, phone_number, pin, user_id) VALUES (1101, 'trlicova.dana@seznam.cz', 'Dana', '+420 608 563 736', 7849, 1101);
INSERT INTO public.pop_player (id, email, nickname, phone_number, pin, user_id) VALUES (1102, 'kalacovamichaela@gmail.com', 'Michaela Kal치캜ov치', '723083259', 9746, 1102);
INSERT INTO public.pop_player (id, email, nickname, phone_number, pin, user_id) VALUES (1103, 'ondra.zmelik@seznam.cz', 'Ond콏ej Zm캩l칤k', '732741694', 3299, 1103);
INSERT INTO public.pop_player (id, email, nickname, phone_number, pin, user_id) VALUES (1104, 'Stanislavfilgas@centrum.cz', 'stanislqv Filgas', '731896871', 4789, 1104);
INSERT INTO public.pop_player (id, email, nickname, phone_number, pin, user_id) VALUES (1105, 'bajger.j@seznam.cz', 'Jind콏ich Bajger', '737135016', 1030, 1105);
INSERT INTO public.pop_player (id, email, nickname, phone_number, pin, user_id) VALUES (1106, 'jabajger8@gmail.com', 'Jaroslav Bajger', '605853132', 7986, 1106);
INSERT INTO public.pop_player (id, email, nickname, phone_number, pin, user_id) VALUES (1107, 'IvanaDrgova@seznam.cz', 'Ivana Drgov치', '732853333', 4446, 1107);
INSERT INTO public.pop_player (id, email, nickname, phone_number, pin, user_id) VALUES (1108, 'Stanislavfilgas@centrum.cz', 'Stanislav Filgas', '731896871', 1662, 1108);
INSERT INTO public.pop_player (id, email, nickname, phone_number, pin, user_id) VALUES (1109, 'frenkey9@seznam.cz', 'Franti코ek Brlica', '+420732741617', 6228, 1109);
INSERT INTO public.pop_player (id, email, nickname, phone_number, pin, user_id) VALUES (1110, 'martina.nov80@seznam.cz', 'Martina Novosadov치', '603918085', 9555, 1110);
INSERT INTO public.pop_player (id, email, nickname, phone_number, pin, user_id) VALUES (1111, 'olsakradim@gmail.com', 'Radim Ol코치k', '739471925', 3328, 1111);
INSERT INTO public.pop_player (id, email, nickname, phone_number, pin, user_id) VALUES (1112, 'jan.hrtan@volny.cz', 'Jan Hrt치켿', '731456763', 2389, 1112);
INSERT INTO public.pop_player (id, email, nickname, phone_number, pin, user_id) VALUES (1113, 'pavlas.k@centrum.cz', 'pavel', '', 1303, 1113);
INSERT INTO public.pop_player (id, email, nickname, phone_number, pin, user_id) VALUES (1114, 'martinaprukner@seznam.cz', 'Martina Pruknerov치', '605247170', 7297, 1114);
INSERT INTO public.pop_player (id, email, nickname, phone_number, pin, user_id) VALUES (1115, 'dan.kubacek@seznam.cz', 'Daniel Kub치캜ek', '732588636', 7639, 1115);
INSERT INTO public.pop_player (id, email, nickname, phone_number, pin, user_id) VALUES (1116, 'tomaszubek2.tz@gmail.com', 'Tom치코 Zubek', '', 6744, 1116);
INSERT INTO public.pop_player (id, email, nickname, phone_number, pin, user_id) VALUES (1117, 'karelnemecek75@gmail.com', 'Karel Nemme캜ek', '777780521', 6702, 1117);
INSERT INTO public.pop_player (id, email, nickname, phone_number, pin, user_id) VALUES (1118, 'rfrysara.rt@gmail.com', 'Fru fru', '777784366', 5136, 1118);
INSERT INTO public.pop_player (id, email, nickname, phone_number, pin, user_id) VALUES (1119, 'magda.lena1@seznam.cz', 'magda', '736770798', 2102, 1119);
INSERT INTO public.pop_player (id, email, nickname, phone_number, pin, user_id) VALUES (1120, 'zsrba@seznam.cz', 'Zbyn캩k Srba', '734325136', 1194, 1120);
INSERT INTO public.pop_player (id, email, nickname, phone_number, pin, user_id) VALUES (1121, 'tomaszubek2.tz@gmail.com', 'Zubr', '', 5853, 1121);
INSERT INTO public.pop_player (id, email, nickname, phone_number, pin, user_id) VALUES (1122, 'd.kovar2000@gmail.com', 'David Kov치콏', '776012136', 3242, 1122);
INSERT INTO public.pop_player (id, email, nickname, phone_number, pin, user_id) VALUES (1123, 'oldrich.komarek@precheza.cz', 'oldrich komarek', '606703382', 9327, 1123);
INSERT INTO public.pop_player (id, email, nickname, phone_number, pin, user_id) VALUES (1124, 'karelnemecek75@gmail.com', 'Karel N캩me캜ek', '777780521', 4246, 1124);
INSERT INTO public.pop_player (id, email, nickname, phone_number, pin, user_id) VALUES (1125, 'tomaszubek2.tz@gmail.com', 'Tz', '', 9477, 1125);
INSERT INTO public.pop_player (id, email, nickname, phone_number, pin, user_id) VALUES (1126, 'buficzek159@gmail.com', 'Pavel Jochec', '604895662', 7463, 1126);
INSERT INTO public.pop_player (id, email, nickname, phone_number, pin, user_id) VALUES (1127, 'buficzek159@gmail.com', 'Buficzek159', '604895662', 1598, 1127);
INSERT INTO public.pop_player (id, email, nickname, phone_number, pin, user_id) VALUES (1128, 'tomaszubek2.tz@gmail.com', 'Zub', '', 8073, 1128);
INSERT INTO public.pop_player (id, email, nickname, phone_number, pin, user_id) VALUES (1129, 'filakova.m@atlas.cz', 'Michaela Filakova', '723264324', 4538, 1129);
INSERT INTO public.pop_player (id, email, nickname, phone_number, pin, user_id) VALUES (1130, 'michal.jina.vs@gmail.com', 'Michal', '775118123', 5774, 1130);
INSERT INTO public.pop_player (id, email, nickname, phone_number, pin, user_id) VALUES (1131, 'verhyzakova@centrum.cz', 'Veronika Hy쮂멺ov치', '731565087', 9306, 1131);
INSERT INTO public.pop_player (id, email, nickname, phone_number, pin, user_id) VALUES (1132, 'naselovaadela200@gmail.com', 'Ad칠la N치코elov치', '605854889', 5547, 1132);
INSERT INTO public.pop_player (id, email, nickname, phone_number, pin, user_id) VALUES (1133, 'little.daisi24@gmail.com', 'Adushka', '604177355', 2528, 1133);
INSERT INTO public.pop_player (id, email, nickname, phone_number, pin, user_id) VALUES (1134, 'povalac.t@gmail.com', 'Tom치코 Povala캜', '605347690', 3928, 1134);
INSERT INTO public.pop_player (id, email, nickname, phone_number, pin, user_id) VALUES (1135, 'naselovi@atlas.cz', 'Olga 맜adle켿치kov치', '733585084', 3551, 1135);
INSERT INTO public.pop_player (id, email, nickname, phone_number, pin, user_id) VALUES (1136, 'ainy1@seznam.cz', 'Ivana', '734748618', 3643, 1136);
INSERT INTO public.pop_player (id, email, nickname, phone_number, pin, user_id) VALUES (1137, 'jirkapolansky@seznam.cz', 'Ji콏칤 Polansk칳', '739143218', 9906, 1137);
INSERT INTO public.pop_player (id, email, nickname, phone_number, pin, user_id) VALUES (1138, 'ivanfilak@seznam.cz', 'Ivan Fil치k', '733644741', 5076, 1138);
INSERT INTO public.pop_player (id, email, nickname, phone_number, pin, user_id) VALUES (1139, 'paveltajzler@seznam.cz', 'Plavec', '739188254', 5079, 1139);
INSERT INTO public.pop_player (id, email, nickname, phone_number, pin, user_id) VALUES (1140, 'michal.polach123@seznam.cz', 'Michal Pol치ch', '731870503', 2436, 1140);
INSERT INTO public.pop_player (id, email, nickname, phone_number, pin, user_id) VALUES (1141, 'lenka.polachova1@gmail.com', 'Lenka Pol치chov치', '735504930', 8116, 1141);
INSERT INTO public.pop_player (id, email, nickname, phone_number, pin, user_id) VALUES (1142, 'pilcikpatrik@seznam.cz', 'Patrik', '605584635', 1503, 1142);
INSERT INTO public.pop_player (id, email, nickname, phone_number, pin, user_id) VALUES (1143, 'radim.filgas@seznam.cz', 'Radim Filgas', '603390964', 7997, 1143);
INSERT INTO public.pop_player (id, email, nickname, phone_number, pin, user_id) VALUES (1144, 'coky30@seznam.cz', 'Roman', '737846687', 2119, 1144);
INSERT INTO public.pop_player (id, email, nickname, phone_number, pin, user_id) VALUES (1145, 'tomisdanek@seznam.cz', 'Jelen', '+420731498889', 6914, 1145);
INSERT INTO public.pop_player (id, email, nickname, phone_number, pin, user_id) VALUES (1146, 'pavel.budik.jr@email.cz', 'Pavel Bud칤k', '733723304', 8241, 1146);
INSERT INTO public.pop_player (id, email, nickname, phone_number, pin, user_id) VALUES (1147, 'barcaholubcova@seznam.cz', 'Barbora Holubcov치', '703467353', 8257, 1147);
INSERT INTO public.pop_player (id, email, nickname, phone_number, pin, user_id) VALUES (1148, 'ondrasopek@seznam.cz', 'Ond콏ej Sopek', '736122922', 3345, 1148);
INSERT INTO public.pop_player (id, email, nickname, phone_number, pin, user_id) VALUES (1149, 'marek.matus@atlas.cz', 'Marek Matus', '', 9318, 1149);
INSERT INTO public.pop_player (id, email, nickname, phone_number, pin, user_id) VALUES (1150, 'hanzalova.misa@seznam.cz', 'Michaela', '606516785', 9082, 1150);
INSERT INTO public.pop_player (id, email, nickname, phone_number, pin, user_id) VALUES (1151, 'hanzalova.misa@seznam.cz', 'Michaela Hanzalov치', '606516785', 1255, 1151);
INSERT INTO public.pop_player (id, email, nickname, phone_number, pin, user_id) VALUES (1152, 'jitka.matusova@gmail.com', 'Jitka', '777861352', 4754, 1152);
INSERT INTO public.pop_player (id, email, nickname, phone_number, pin, user_id) VALUES (1153, 'radomir.hromada237@seznam.cz', 'Radom칤r Hromada', '725281304', 2566, 1153);
INSERT INTO public.pop_player (id, email, nickname, phone_number, pin, user_id) VALUES (1154, 'janac.michal@seznam.cz', 'Jehn캩', '+420737757995', 9614, 1154);
INSERT INTO public.pop_player (id, email, nickname, phone_number, pin, user_id) VALUES (1155, 'filip.matus2@gmail.com', 'Filip', '774988576', 8543, 1155);
INSERT INTO public.pop_player (id, email, nickname, phone_number, pin, user_id) VALUES (1156, 'mlady4@seznam.cz', 'Tomas', '601376398', 9015, 1156);
INSERT INTO public.pop_player (id, email, nickname, phone_number, pin, user_id) VALUES (1157, 'manakovar@tiscali.cz', 'Renata Vychop켿ov치', '776376125', 9949, 1157);
INSERT INTO public.pop_player (id, email, nickname, phone_number, pin, user_id) VALUES (1158, 'ond콏ejdan캩k2012@gmail.com', 'Ond콏ej Dan캩k', '776667657', 3834, 1158);
INSERT INTO public.pop_player (id, email, nickname, phone_number, pin, user_id) VALUES (1159, 'gd@outlook.cz', 'Pavel Zigmund', '734121592', 9464, 1159);
INSERT INTO public.pop_player (id, email, nickname, phone_number, pin, user_id) VALUES (1160, 'm_rehakova@centrum.cz', 'Martina', '737970575', 4739, 1160);
INSERT INTO public.pop_player (id, email, nickname, phone_number, pin, user_id) VALUES (1161, 'e.evanek@seznam.cz', 'Eva', '732606734', 8202, 1161);
INSERT INTO public.pop_player (id, email, nickname, phone_number, pin, user_id) VALUES (1162, 'josega@seznam.cz', 'Josef G.', '605587095', 8780, 1162);
INSERT INTO public.pop_player (id, email, nickname, phone_number, pin, user_id) VALUES (1163, 'm-stachova@seznam.cz', 'Mark칠ta 맚achov치', '+420737908723', 6019, 1163);
INSERT INTO public.pop_player (id, email, nickname, phone_number, pin, user_id) VALUES (1164, 'ali.gregor@seznam.cz', 'Ali M', '737001248', 4775, 1164);
INSERT INTO public.pop_player (id, email, nickname, phone_number, pin, user_id) VALUES (1165, 'ladis.rehis@centrum.cz', 'Ladislove', '734567674', 2853, 1165);
INSERT INTO public.pop_player (id, email, nickname, phone_number, pin, user_id) VALUES (1166, 'petis4@seznam.cz', 'Petr_Dan캩k', '730166788', 2547, 1166);
INSERT INTO public.pop_player (id, email, nickname, phone_number, pin, user_id) VALUES (1167, 'pastorkova.lucie3@gmail.com', 'Lucie', '604586332', 5922, 1167);
INSERT INTO public.pop_player (id, email, nickname, phone_number, pin, user_id) VALUES (1168, 'm.kuncar@seznam.cz', 'michal kuncar', '603563027', 8997, 1168);
INSERT INTO public.pop_player (id, email, nickname, phone_number, pin, user_id) VALUES (1169, 'petrsipula@centrum.cz', 'Petr 말pula', '+420605512512', 1936, 1169);
INSERT INTO public.pop_player (id, email, nickname, phone_number, pin, user_id) VALUES (1170, 'dan.kubacek@seznam.cz', 'Dan Kub치캜ek', '732588636', 4614, 1170);
INSERT INTO public.pop_player (id, email, nickname, phone_number, pin, user_id) VALUES (1171, 'czechmatej@gmail.com', 'Mat캩j 캛ech', '+420 731 594 890', 6697, 1171);
INSERT INTO public.pop_player (id, email, nickname, phone_number, pin, user_id) VALUES (1172, 'petradrevojankova@gmail.com', 'Petra Machacova', '731614506', 2872, 1172);
INSERT INTO public.pop_player (id, email, nickname, phone_number, pin, user_id) VALUES (1173, 'm.horelka98@gmail.com', 'Martin Ho콏elka', '739842848', 5145, 1173);
INSERT INTO public.pop_player (id, email, nickname, phone_number, pin, user_id) VALUES (1174, '09mareksmely@gmail.com', 'Marek Sm캩l칳', '732733509', 3852, 1174);
INSERT INTO public.pop_player (id, email, nickname, phone_number, pin, user_id) VALUES (1175, 'ange@email.cz', 'Agnieszka Serafin', '731344270', 9592, 1175);
INSERT INTO public.pop_player (id, email, nickname, phone_number, pin, user_id) VALUES (1176, 'mgargulak1@seznam.cz', 'Mira Gargul치k', '777023232', 7856, 1176);
INSERT INTO public.pop_player (id, email, nickname, phone_number, pin, user_id) VALUES (1177, 'michaelatvaruzkova@email.cz', 'Michaela Tvar콢쬶ov치', '605488647', 9207, 1177);
INSERT INTO public.pop_player (id, email, nickname, phone_number, pin, user_id) VALUES (1178, 'kubas06@seznam.cz', 'jakub Van캩k', '731202972', 4048, 1178);
INSERT INTO public.pop_player (id, email, nickname, phone_number, pin, user_id) VALUES (1179, 'kubas06@seznam.cz', 'Jakub Van캩k', '731202972', 6059, 1179);
INSERT INTO public.pop_player (id, email, nickname, phone_number, pin, user_id) VALUES (1180, 'hanzalova.misa@seznam.cz', 'michaela hanzalova', '606516785', 4478, 1180);
INSERT INTO public.pop_player (id, email, nickname, phone_number, pin, user_id) VALUES (1181, 'ksery@seznam.cz', 'Kamil 만r칳', '', 6505, 1181);
INSERT INTO public.pop_player (id, email, nickname, phone_number, pin, user_id) VALUES (1182, 'natamachuk@seznam.cz', 'Nat치lie', '739986303', 2559, 1182);
INSERT INTO public.pop_player (id, email, nickname, phone_number, pin, user_id) VALUES (1183, 'martin-ondrus@seznam.cz', 'marthy89', '', 2258, 1183);
INSERT INTO public.pop_player (id, email, nickname, phone_number, pin, user_id) VALUES (1184, 'miernaalena@centrum.cz', 'ALena Mierna', '732355549', 3546, 1184);
INSERT INTO public.pop_player (id, email, nickname, phone_number, pin, user_id) VALUES (1185, 'gargulakovamartina1@gmail.com', 'martina', '', 7358, 1185);
INSERT INTO public.pop_player (id, email, nickname, phone_number, pin, user_id) VALUES (1186, 'gargulakovamartina1@gmail.com', 'Martina g.', '605898338', 9512, 1186);
INSERT INTO public.pop_player (id, email, nickname, phone_number, pin, user_id) VALUES (1187, 'radomir.hajek@seznam.cz', 'Radom칤r', '605464383', 5971, 1187);
INSERT INTO public.pop_player (id, email, nickname, phone_number, pin, user_id) VALUES (1188, 'zuzivrzka@seznam.cz', 'Zuzana Mali켿치kov치', '603713957', 6570, 1188);
INSERT INTO public.pop_player (id, email, nickname, phone_number, pin, user_id) VALUES (1189, 'surovec.zdenek@seznam.cz', 'Zden캩k Surovec', '720396129', 8005, 1189);
INSERT INTO public.pop_player (id, email, nickname, phone_number, pin, user_id) VALUES (1190, 'jkb.vvr@gmail.com', 'Jakub', '604751725', 6642, 1190);
INSERT INTO public.pop_player (id, email, nickname, phone_number, pin, user_id) VALUES (1191, 'ond콏ejdan캩k2012@gmail.com', 'Ond콏ej Dan캩k ppppp', '776667657', 5995, 1191);
INSERT INTO public.pop_player (id, email, nickname, phone_number, pin, user_id) VALUES (1192, 'charlotta.ja@seznam.cz', '먞rka', '720762608', 1539, 1192);
INSERT INTO public.pop_player (id, email, nickname, phone_number, pin, user_id) VALUES (1193, 'zaneta.dankova@post.cz', '콯aneta Vok치캜ov치', '777185267', 2287, 1193);
INSERT INTO public.pop_player (id, email, nickname, phone_number, pin, user_id) VALUES (1194, 'l.smolikova@centrum.cz', 'Ludmila', '605221079', 2389, 1194);
INSERT INTO public.pop_player (id, email, nickname, phone_number, pin, user_id) VALUES (1195, 'p.skypalova@seznam.cz', 'petra Skypalova', '737163971', 7999, 1195);
INSERT INTO public.pop_player (id, email, nickname, phone_number, pin, user_id) VALUES (1196, 'adip@seznam.cz', 'Ales', '605476837', 1994, 1196);
INSERT INTO public.pop_player (id, email, nickname, phone_number, pin, user_id) VALUES (1197, 'skrlova.ruzena@seznam.cz', 'R콢쬰na 맒rlov치', '731154258', 5310, 1197);
INSERT INTO public.pop_player (id, email, nickname, phone_number, pin, user_id) VALUES (1198, 'hrnova.renata@seznam.cz', 'Renata Hrnova', '603258989', 8480, 1198);
INSERT INTO public.pop_player (id, email, nickname, phone_number, pin, user_id) VALUES (1199, 'radmila.trochtova@seznam.cz@', 'Radmila', '+420737831028', 7354, 1199);
INSERT INTO public.pop_player (id, email, nickname, phone_number, pin, user_id) VALUES (1200, 'rostislav.zvonek@icloud.com', 'Rostislav Zvonek', '724464193', 5786, 1200);
INSERT INTO public.pop_player (id, email, nickname, phone_number, pin, user_id) VALUES (1201, 'marta.zvonkova@centrum.cz', 'Marta Zvonkov치', '605883018', 6544, 1201);
INSERT INTO public.pop_player (id, email, nickname, phone_number, pin, user_id) VALUES (1202, 'msrbova23@seznam.cz', 'Monika Jan치캜ov치', '+420732942249', 4099, 1202);
INSERT INTO public.pop_player (id, email, nickname, phone_number, pin, user_id) VALUES (1203, 'm.behunek@gmail.com', 'Myshak', '777004311', 3111, 1203);
INSERT INTO public.pop_player (id, email, nickname, phone_number, pin, user_id) VALUES (1204, 'Josea@seznam.cz', 'Tom치코 Ju콏ica', '739803263', 1951, 1204);
INSERT INTO public.pop_player (id, email, nickname, phone_number, pin, user_id) VALUES (1205, 'petr.barcak@seznam.cz', 'Petr Bar캜치k', '', 4893, 1205);
INSERT INTO public.pop_player (id, email, nickname, phone_number, pin, user_id) VALUES (1206, 'tajzlerovalenka@seznam.cz', 'Lenka Tajzlerov치', '603461490', 7727, 1206);
INSERT INTO public.pop_player (id, email, nickname, phone_number, pin, user_id) VALUES (1207, 'jantajzler@seznam.cz', 'Jan Tajzler', '604787841', 2033, 1207);
INSERT INTO public.pop_player (id, email, nickname, phone_number, pin, user_id) VALUES (1208, 'M.hnatekmail@centrum.cz', 'Martin Hnatek', '604434941', 9577, 1208);
INSERT INTO public.pop_player (id, email, nickname, phone_number, pin, user_id) VALUES (1209, 'cmajdalkaj@gmail.com', 'Ludmila59', '732112995', 3182, 1209);
INSERT INTO public.pop_player (id, email, nickname, phone_number, pin, user_id) VALUES (1210, 'Korenek.tomas@gmail.com', 'korenac', '724450932', 5097, 1210);
INSERT INTO public.pop_player (id, email, nickname, phone_number, pin, user_id) VALUES (1211, 'vitalaska', 'Petr L치ska', '734280857', 7128, 1211);
INSERT INTO public.pop_player (id, email, nickname, phone_number, pin, user_id) VALUES (1212, 'lason@centrum.cz', 'PetrLaska', '734280857', 6351, 1212);
INSERT INTO public.pop_player (id, email, nickname, phone_number, pin, user_id) VALUES (1213, 'm.jatel@seznqm.cz', 'miroslav jatel', '775967359', 3925, 1213);
INSERT INTO public.pop_player (id, email, nickname, phone_number, pin, user_id) VALUES (1214, 'Tobias.Janis@seznam.cz', 'tobias jani코', '739244886', 3447, 1214);
INSERT INTO public.pop_player (id, email, nickname, phone_number, pin, user_id) VALUES (1215, 'miloslav.ondracek@seznam.cz', 'Miloslav Ondr치캜ek', '601302484', 8349, 1215);
INSERT INTO public.pop_player (id, email, nickname, phone_number, pin, user_id) VALUES (1216, 'dagmar.polachova1@seznam.cz', 'Dagmar Pol치chov치', '+420604865699', 2991, 1216);
INSERT INTO public.pop_player (id, email, nickname, phone_number, pin, user_id) VALUES (1217, 'jiri.polach1@seznam.cz', 'Ji콏칤 Pol치ch', '604865799', 2360, 1217);
INSERT INTO public.pop_player (id, email, nickname, phone_number, pin, user_id) VALUES (1218, 'aneta.stuskova@gmail.com', 'aneta', '739709702', 2527, 1218);
INSERT INTO public.pop_player (id, email, nickname, phone_number, pin, user_id) VALUES (1219, 'aneta.stuskova@gmail.com', 'aneta 코t콢skov치', '739709702', 7955, 1219);
INSERT INTO public.pop_player (id, email, nickname, phone_number, pin, user_id) VALUES (1220, 'Schotto@seznam.cz', 'Otto Schieferdecker', '736127953', 6340, 1220);
INSERT INTO public.pop_player (id, email, nickname, phone_number, pin, user_id) VALUES (1221, 'zaahy@seznam.cz', 'zaahy', '+420732446987', 1174, 1221);


--
-- TOC entry 4382 (class 0 OID 4386864)
-- Dependencies: 223
-- Data for Name: pop_role; Type: TABLE DATA; Schema: public; Owner: yvfqbqqqabpzca
--

INSERT INTO public.pop_role (id, role) VALUES (1, 'ADMIN');
INSERT INTO public.pop_role (id, role) VALUES (2, 'ORGANIZATOR');
INSERT INTO public.pop_role (id, role) VALUES (3, 'USER');


--
-- TOC entry 4384 (class 0 OID 4386871)
-- Dependencies: 225
-- Data for Name: pop_stage; Type: TABLE DATA; Schema: public; Owner: yvfqbqqqabpzca
--

INSERT INTO public.pop_stage (id, info, location, name, number, pin, color) VALUES (2, '- Radegast 10춿, 12춿;
- Birell Pomelo, Kofola, Pomeran캜;
- Radegast Ratar;
;
K ob캜erstven칤 kyselice, vep콏ov칳 steak, topinka s ku콏ec칤 sm캩s칤...', '\xaced0005737200226f72672e737072696e676672616d65776f726b2e646174612e67656f2e506f696e7431b9e90ef11a4006020002440001784400017978704031fefaff3dc43b4048a19f54f65960', 'Hospoda U N츼S', 1, '1. hospoda U N츼S', 'color: green;');
INSERT INTO public.pop_stage (id, info, location, name, number, pin, color) VALUES (3, 'CYKLOPARTYJA VALASK츼 POLANKA;
;
- Radegast 10춿;
- Birell;
- malinovka;
- k j칤dlu speciality od Cyklopartyje!', '\xaced0005737200226f72672e737072696e676672616d65776f726b2e646174612e67656f2e506f696e7431b9e90ef11a4006020002440001784400017978704032053783240c4f4048a2cdba329655', 'NA TO캛N캨', 2, '2. NA TO캛N캨', 'color: red;');
INSERT INTO public.pop_stage (id, info, location, name, number, pin, color) VALUES (4, 'SDH Vala코sk치 Polanka;
;
- Radegast 10춿;
- Birell;
- malinovka;
- k zakousnut칤 v칳born칠 ... od hasi캜콢;', '\xaced0005737200226f72672e737072696e676672616d65776f726b2e646174612e67656f2e506f696e7431b9e90ef11a400602000244000178440001797870403207ac8f3fa3844048a217a02fb5d0', 'NA VYHL칈DCE', 3, '3. NA VYHL칈DCE', 'color: purple;');
INSERT INTO public.pop_stage (id, info, location, name, number, pin, color) VALUES (5, 'Mysliveck칳 spolek Hrub치 dolina Vala코sk치 Polanka;
;
- Radegast 10춿;
- malinovka;
- zv캩콏inov칠 speciality od myslivc콢, gul치코, ud칤rna...', '\xaced0005737200226f72672e737072696e676672616d65776f726b2e646174612e67656f2e506f696e7431b9e90ef11a4006020002440001784400017978704032050b0f27bb304048a15ae7ad22e3', 'V DUGLASCE', 4, '4. V DUGLASCE', 'color: blue;');
INSERT INTO public.pop_stage (id, info, location, name, number, pin, color) VALUES (6, '- Radegast 10춿;
- Kanec 10춿;
- Hubertus 12춿 Kvasni캜치k;
- malinovka;
- Birell Pomelo;
- k zakousnut칤 velk칳 v칳b캩r j칤dla;
- mobiln칤 kav치rna U n치s kafe z Lipiny;
- speciality z La Tazza Bistro ze Vset칤na;
KAPELA - ASTMATIC k tanci i poslechu, tombola-letos losovan치 na tane캜n칤m kole, p콏ekvapen칤 z nebes!', '\xaced0005737200226f72672e737072696e676672616d65776f726b2e646174612e67656f2e506f696e7431b9e90ef11a4006020002440001784400017978704031ff843de7c21c4048a0bd58bb82f8', 'NA KOLE', 5, '5.NA KOLE', 'color: grey;');


--
-- TOC entry 4386 (class 0 OID 4386879)
-- Dependencies: 227
-- Data for Name: pop_stamp; Type: TABLE DATA; Schema: public; Owner: yvfqbqqqabpzca
--

INSERT INTO public.pop_stamp (id, "timestamp", player_id, stage_id) VALUES (20, '2023-07-05 14:04:59.497426', 1112, 2);
INSERT INTO public.pop_stamp (id, "timestamp", player_id, stage_id) VALUES (21, '2023-07-05 14:08:09.521919', 1115, 2);
INSERT INTO public.pop_stamp (id, "timestamp", player_id, stage_id) VALUES (22, '2023-07-05 14:08:16.012595', 1066, 2);
INSERT INTO public.pop_stamp (id, "timestamp", player_id, stage_id) VALUES (23, '2023-07-05 14:15:17.22439', 1118, 2);
INSERT INTO public.pop_stamp (id, "timestamp", player_id, stage_id) VALUES (24, '2023-07-05 14:22:47.939513', 1123, 2);
INSERT INTO public.pop_stamp (id, "timestamp", player_id, stage_id) VALUES (25, '2023-07-05 14:23:42.357706', 1127, 2);
INSERT INTO public.pop_stamp (id, "timestamp", player_id, stage_id) VALUES (26, '2023-07-05 14:25:26.801392', 1124, 2);
INSERT INTO public.pop_stamp (id, "timestamp", player_id, stage_id) VALUES (27, '2023-07-05 14:25:44.235265', 1116, 2);
INSERT INTO public.pop_stamp (id, "timestamp", player_id, stage_id) VALUES (28, '2023-07-05 14:33:13.817199', 1050, 2);
INSERT INTO public.pop_stamp (id, "timestamp", player_id, stage_id) VALUES (29, '2023-07-05 14:33:33.574487', 1069, 2);
INSERT INTO public.pop_stamp (id, "timestamp", player_id, stage_id) VALUES (30, '2023-07-05 14:38:35.32377', 1077, 2);
INSERT INTO public.pop_stamp (id, "timestamp", player_id, stage_id) VALUES (31, '2023-07-05 14:40:27.99628', 1027, 2);
INSERT INTO public.pop_stamp (id, "timestamp", player_id, stage_id) VALUES (32, '2023-07-05 14:40:32.912196', 1082, 2);
INSERT INTO public.pop_stamp (id, "timestamp", player_id, stage_id) VALUES (33, '2023-07-05 14:40:34.326845', 1029, 2);
INSERT INTO public.pop_stamp (id, "timestamp", player_id, stage_id) VALUES (34, '2023-07-05 14:40:34.738706', 1025, 2);
INSERT INTO public.pop_stamp (id, "timestamp", player_id, stage_id) VALUES (35, '2023-07-05 14:40:44.445729', 1130, 2);
INSERT INTO public.pop_stamp (id, "timestamp", player_id, stage_id) VALUES (36, '2023-07-05 14:40:54.882862', 1136, 2);
INSERT INTO public.pop_stamp (id, "timestamp", player_id, stage_id) VALUES (37, '2023-07-05 14:41:00.979858', 1062, 2);
INSERT INTO public.pop_stamp (id, "timestamp", player_id, stage_id) VALUES (38, '2023-07-05 14:41:40.783888', 1094, 2);
INSERT INTO public.pop_stamp (id, "timestamp", player_id, stage_id) VALUES (39, '2023-07-05 14:44:35.550116', 1063, 2);
INSERT INTO public.pop_stamp (id, "timestamp", player_id, stage_id) VALUES (40, '2023-07-05 14:48:04.887411', 1028, 2);
INSERT INTO public.pop_stamp (id, "timestamp", player_id, stage_id) VALUES (41, '2023-07-05 14:49:40.86887', 1026, 2);
INSERT INTO public.pop_stamp (id, "timestamp", player_id, stage_id) VALUES (42, '2023-07-05 14:51:49.405516', 1048, 2);
INSERT INTO public.pop_stamp (id, "timestamp", player_id, stage_id) VALUES (43, '2023-07-05 14:53:43.322928', 1122, 2);
INSERT INTO public.pop_stamp (id, "timestamp", player_id, stage_id) VALUES (44, '2023-07-05 14:53:44.650937', 1095, 2);
INSERT INTO public.pop_stamp (id, "timestamp", player_id, stage_id) VALUES (45, '2023-07-05 14:54:16.2136', 1145, 2);
INSERT INTO public.pop_stamp (id, "timestamp", player_id, stage_id) VALUES (46, '2023-07-05 15:00:31.893981', 1105, 2);
INSERT INTO public.pop_stamp (id, "timestamp", player_id, stage_id) VALUES (47, '2023-07-05 15:00:37.565628', 1108, 2);
INSERT INTO public.pop_stamp (id, "timestamp", player_id, stage_id) VALUES (48, '2023-07-05 15:01:42.096551', 1042, 2);
INSERT INTO public.pop_stamp (id, "timestamp", player_id, stage_id) VALUES (49, '2023-07-05 15:02:30.389117', 1106, 2);
INSERT INTO public.pop_stamp (id, "timestamp", player_id, stage_id) VALUES (50, '2023-07-05 15:04:15.597853', 1159, 2);
INSERT INTO public.pop_stamp (id, "timestamp", player_id, stage_id) VALUES (51, '2023-07-05 15:05:26.968677', 1141, 2);
INSERT INTO public.pop_stamp (id, "timestamp", player_id, stage_id) VALUES (52, '2023-07-05 15:05:29.701874', 1140, 2);
INSERT INTO public.pop_stamp (id, "timestamp", player_id, stage_id) VALUES (53, '2023-07-05 15:05:42.433075', 1112, 3);
INSERT INTO public.pop_stamp (id, "timestamp", player_id, stage_id) VALUES (54, '2023-07-05 15:06:52.184707', 1066, 3);
INSERT INTO public.pop_stamp (id, "timestamp", player_id, stage_id) VALUES (55, '2023-07-05 15:13:33.932293', 1161, 2);
INSERT INTO public.pop_stamp (id, "timestamp", player_id, stage_id) VALUES (56, '2023-07-05 15:21:08.702797', 1129, 2);
INSERT INTO public.pop_stamp (id, "timestamp", player_id, stage_id) VALUES (57, '2023-07-05 15:22:17.192285', 1058, 2);
INSERT INTO public.pop_stamp (id, "timestamp", player_id, stage_id) VALUES (58, '2023-07-05 15:22:30.990722', 1139, 2);
INSERT INTO public.pop_stamp (id, "timestamp", player_id, stage_id) VALUES (59, '2023-07-05 15:24:39.929819', 1168, 2);
INSERT INTO public.pop_stamp (id, "timestamp", player_id, stage_id) VALUES (60, '2023-07-05 15:25:13.425998', 1089, 2);
INSERT INTO public.pop_stamp (id, "timestamp", player_id, stage_id) VALUES (61, '2023-07-05 15:25:20.954663', 1050, 3);
INSERT INTO public.pop_stamp (id, "timestamp", player_id, stage_id) VALUES (62, '2023-07-05 15:25:21.531616', 1081, 2);
INSERT INTO public.pop_stamp (id, "timestamp", player_id, stage_id) VALUES (63, '2023-07-05 15:25:27.476486', 1010, 2);
INSERT INTO public.pop_stamp (id, "timestamp", player_id, stage_id) VALUES (64, '2023-07-05 15:25:48.847219', 1113, 2);
INSERT INTO public.pop_stamp (id, "timestamp", player_id, stage_id) VALUES (65, '2023-07-05 15:26:10.287746', 1023, 2);
INSERT INTO public.pop_stamp (id, "timestamp", player_id, stage_id) VALUES (66, '2023-07-05 15:26:56.280671', 1175, 2);
INSERT INTO public.pop_stamp (id, "timestamp", player_id, stage_id) VALUES (67, '2023-07-05 15:27:23.814678', 1136, 3);
INSERT INTO public.pop_stamp (id, "timestamp", player_id, stage_id) VALUES (68, '2023-07-05 15:27:44.67062', 1094, 3);
INSERT INTO public.pop_stamp (id, "timestamp", player_id, stage_id) VALUES (69, '2023-07-05 15:28:04.034339', 1169, 2);
INSERT INTO public.pop_stamp (id, "timestamp", player_id, stage_id) VALUES (70, '2023-07-05 15:28:22.529897', 1165, 2);
INSERT INTO public.pop_stamp (id, "timestamp", player_id, stage_id) VALUES (71, '2023-07-05 15:28:31.355388', 1167, 2);
INSERT INTO public.pop_stamp (id, "timestamp", player_id, stage_id) VALUES (72, '2023-07-05 15:28:50.095787', 1088, 2);
INSERT INTO public.pop_stamp (id, "timestamp", player_id, stage_id) VALUES (73, '2023-07-05 15:29:05.768239', 1101, 2);
INSERT INTO public.pop_stamp (id, "timestamp", player_id, stage_id) VALUES (74, '2023-07-05 15:29:39.73234', 1172, 2);
INSERT INTO public.pop_stamp (id, "timestamp", player_id, stage_id) VALUES (75, '2023-07-05 15:29:42.218493', 1160, 2);
INSERT INTO public.pop_stamp (id, "timestamp", player_id, stage_id) VALUES (76, '2023-07-05 15:31:09.312583', 1181, 2);
INSERT INTO public.pop_stamp (id, "timestamp", player_id, stage_id) VALUES (77, '2023-07-05 15:31:11.021545', 1069, 3);
INSERT INTO public.pop_stamp (id, "timestamp", player_id, stage_id) VALUES (78, '2023-07-05 15:31:29.083454', 1162, 2);
INSERT INTO public.pop_stamp (id, "timestamp", player_id, stage_id) VALUES (79, '2023-07-05 15:31:38.77368', 1149, 2);
INSERT INTO public.pop_stamp (id, "timestamp", player_id, stage_id) VALUES (80, '2023-07-05 15:31:50.583236', 1152, 2);
INSERT INTO public.pop_stamp (id, "timestamp", player_id, stage_id) VALUES (81, '2023-07-05 15:31:57.907142', 1155, 2);
INSERT INTO public.pop_stamp (id, "timestamp", player_id, stage_id) VALUES (82, '2023-07-05 15:33:13.562672', 1048, 3);
INSERT INTO public.pop_stamp (id, "timestamp", player_id, stage_id) VALUES (83, '2023-07-05 15:33:41.187031', 1182, 2);
INSERT INTO public.pop_stamp (id, "timestamp", player_id, stage_id) VALUES (84, '2023-07-05 15:34:06.23858', 1185, 2);
INSERT INTO public.pop_stamp (id, "timestamp", player_id, stage_id) VALUES (85, '2023-07-05 15:34:24.929827', 1127, 3);
INSERT INTO public.pop_stamp (id, "timestamp", player_id, stage_id) VALUES (86, '2023-07-05 15:34:53.648577', 1093, 2);
INSERT INTO public.pop_stamp (id, "timestamp", player_id, stage_id) VALUES (87, '2023-07-05 15:35:01.787173', 1110, 2);
INSERT INTO public.pop_stamp (id, "timestamp", player_id, stage_id) VALUES (88, '2023-07-05 15:35:04.290041', 1086, 2);
INSERT INTO public.pop_stamp (id, "timestamp", player_id, stage_id) VALUES (89, '2023-07-05 15:35:40.098675', 1025, 3);
INSERT INTO public.pop_stamp (id, "timestamp", player_id, stage_id) VALUES (90, '2023-07-05 15:35:58.820639', 1065, 2);
INSERT INTO public.pop_stamp (id, "timestamp", player_id, stage_id) VALUES (91, '2023-07-05 15:36:01.403286', 1151, 2);
INSERT INTO public.pop_stamp (id, "timestamp", player_id, stage_id) VALUES (92, '2023-07-05 15:36:12.656968', 1190, 2);
INSERT INTO public.pop_stamp (id, "timestamp", player_id, stage_id) VALUES (93, '2023-07-05 15:36:16.755326', 1028, 3);
INSERT INTO public.pop_stamp (id, "timestamp", player_id, stage_id) VALUES (94, '2023-07-05 15:36:19.027683', 1176, 2);
INSERT INTO public.pop_stamp (id, "timestamp", player_id, stage_id) VALUES (95, '2023-07-05 15:36:23.816523', 1177, 2);
INSERT INTO public.pop_stamp (id, "timestamp", player_id, stage_id) VALUES (96, '2023-07-05 15:36:23.927412', 1084, 2);
INSERT INTO public.pop_stamp (id, "timestamp", player_id, stage_id) VALUES (97, '2023-07-05 15:37:46.719259', 1027, 3);
INSERT INTO public.pop_stamp (id, "timestamp", player_id, stage_id) VALUES (98, '2023-07-05 15:38:42.802312', 1057, 2);
INSERT INTO public.pop_stamp (id, "timestamp", player_id, stage_id) VALUES (99, '2023-07-05 15:40:03.604459', 1029, 3);
INSERT INTO public.pop_stamp (id, "timestamp", player_id, stage_id) VALUES (100, '2023-07-05 15:40:21.531679', 1061, 2);
INSERT INTO public.pop_stamp (id, "timestamp", player_id, stage_id) VALUES (101, '2023-07-05 15:40:33.364859', 1092, 2);
INSERT INTO public.pop_stamp (id, "timestamp", player_id, stage_id) VALUES (102, '2023-07-05 15:40:52.339914', 1053, 2);
INSERT INTO public.pop_stamp (id, "timestamp", player_id, stage_id) VALUES (103, '2023-07-05 15:41:12.000896', 1173, 2);
INSERT INTO public.pop_stamp (id, "timestamp", player_id, stage_id) VALUES (104, '2023-07-05 15:42:44.836893', 1124, 3);
INSERT INTO public.pop_stamp (id, "timestamp", player_id, stage_id) VALUES (105, '2023-07-05 15:46:09.572454', 1189, 2);
INSERT INTO public.pop_stamp (id, "timestamp", player_id, stage_id) VALUES (106, '2023-07-05 15:46:16.437051', 1192, 2);
INSERT INTO public.pop_stamp (id, "timestamp", player_id, stage_id) VALUES (107, '2023-07-05 15:46:52.559512', 1021, 2);
INSERT INTO public.pop_stamp (id, "timestamp", player_id, stage_id) VALUES (108, '2023-07-05 15:46:54.797602', 1067, 2);
INSERT INTO public.pop_stamp (id, "timestamp", player_id, stage_id) VALUES (109, '2023-07-05 15:46:58.627502', 1183, 2);
INSERT INTO public.pop_stamp (id, "timestamp", player_id, stage_id) VALUES (110, '2023-07-05 15:47:08.136494', 1011, 2);
INSERT INTO public.pop_stamp (id, "timestamp", player_id, stage_id) VALUES (111, '2023-07-05 15:47:45.511029', 1193, 2);
INSERT INTO public.pop_stamp (id, "timestamp", player_id, stage_id) VALUES (112, '2023-07-05 15:50:20.810512', 1198, 2);
INSERT INTO public.pop_stamp (id, "timestamp", player_id, stage_id) VALUES (113, '2023-07-05 15:50:32.254509', 1195, 2);
INSERT INTO public.pop_stamp (id, "timestamp", player_id, stage_id) VALUES (115, '2023-07-05 15:50:48.127016', 1118, 3);
INSERT INTO public.pop_stamp (id, "timestamp", player_id, stage_id) VALUES (116, '2023-07-05 15:52:06.982568', 1026, 3);
INSERT INTO public.pop_stamp (id, "timestamp", player_id, stage_id) VALUES (117, '2023-07-05 15:55:22.74696', 1073, 2);
INSERT INTO public.pop_stamp (id, "timestamp", player_id, stage_id) VALUES (118, '2023-07-05 15:55:47.483975', 1099, 2);
INSERT INTO public.pop_stamp (id, "timestamp", player_id, stage_id) VALUES (119, '2023-07-05 15:55:52.050638', 1098, 2);
INSERT INTO public.pop_stamp (id, "timestamp", player_id, stage_id) VALUES (120, '2023-07-05 15:56:06.993048', 1107, 2);
INSERT INTO public.pop_stamp (id, "timestamp", player_id, stage_id) VALUES (121, '2023-07-05 15:56:57.024544', 1200, 2);
INSERT INTO public.pop_stamp (id, "timestamp", player_id, stage_id) VALUES (122, '2023-07-05 15:57:09.263467', 1201, 2);
INSERT INTO public.pop_stamp (id, "timestamp", player_id, stage_id) VALUES (123, '2023-07-05 15:59:03.963998', 1203, 2);
INSERT INTO public.pop_stamp (id, "timestamp", player_id, stage_id) VALUES (124, '2023-07-05 16:04:15.742064', 1112, 4);
INSERT INTO public.pop_stamp (id, "timestamp", player_id, stage_id) VALUES (125, '2023-07-05 16:04:40.526936', 1188, 2);
INSERT INTO public.pop_stamp (id, "timestamp", player_id, stage_id) VALUES (126, '2023-07-05 16:04:47.706207', 1120, 2);
INSERT INTO public.pop_stamp (id, "timestamp", player_id, stage_id) VALUES (127, '2023-07-05 16:06:53.173004', 1066, 4);
INSERT INTO public.pop_stamp (id, "timestamp", player_id, stage_id) VALUES (128, '2023-07-05 16:09:28.437151', 1070, 2);
INSERT INTO public.pop_stamp (id, "timestamp", player_id, stage_id) VALUES (129, '2023-07-05 16:11:50.028541', 1127, 4);
INSERT INTO public.pop_stamp (id, "timestamp", player_id, stage_id) VALUES (130, '2023-07-05 16:13:03.925036', 1152, 3);
INSERT INTO public.pop_stamp (id, "timestamp", player_id, stage_id) VALUES (131, '2023-07-05 16:13:47.429952', 1149, 3);
INSERT INTO public.pop_stamp (id, "timestamp", player_id, stage_id) VALUES (132, '2023-07-05 16:13:59.269526', 1185, 3);
INSERT INTO public.pop_stamp (id, "timestamp", player_id, stage_id) VALUES (133, '2023-07-05 16:15:11.348639', 1069, 4);
INSERT INTO public.pop_stamp (id, "timestamp", player_id, stage_id) VALUES (134, '2023-07-05 16:15:29.096809', 1205, 2);
INSERT INTO public.pop_stamp (id, "timestamp", player_id, stage_id) VALUES (135, '2023-07-05 16:15:59.549028', 1162, 3);
INSERT INTO public.pop_stamp (id, "timestamp", player_id, stage_id) VALUES (136, '2023-07-05 16:18:23.958284', 1207, 2);
INSERT INTO public.pop_stamp (id, "timestamp", player_id, stage_id) VALUES (137, '2023-07-05 16:18:59.483253', 1204, 2);
INSERT INTO public.pop_stamp (id, "timestamp", player_id, stage_id) VALUES (138, '2023-07-05 16:19:07.570976', 1206, 2);
INSERT INTO public.pop_stamp (id, "timestamp", player_id, stage_id) VALUES (139, '2023-07-05 16:19:43.000986', 1108, 3);
INSERT INTO public.pop_stamp (id, "timestamp", player_id, stage_id) VALUES (140, '2023-07-05 16:19:52.211565', 1050, 4);
INSERT INTO public.pop_stamp (id, "timestamp", player_id, stage_id) VALUES (141, '2023-07-05 16:20:37.934683', 1105, 3);
INSERT INTO public.pop_stamp (id, "timestamp", player_id, stage_id) VALUES (142, '2023-07-05 16:21:04.511351', 1106, 3);
INSERT INTO public.pop_stamp (id, "timestamp", player_id, stage_id) VALUES (143, '2023-07-05 16:21:13.998818', 1088, 3);
INSERT INTO public.pop_stamp (id, "timestamp", player_id, stage_id) VALUES (144, '2023-07-05 16:21:35.3256', 1209, 2);
INSERT INTO public.pop_stamp (id, "timestamp", player_id, stage_id) VALUES (145, '2023-07-05 16:22:49.525078', 1210, 2);
INSERT INTO public.pop_stamp (id, "timestamp", player_id, stage_id) VALUES (146, '2023-07-05 16:24:24.265747', 1167, 3);
INSERT INTO public.pop_stamp (id, "timestamp", player_id, stage_id) VALUES (147, '2023-07-05 16:24:36.981522', 1101, 3);
INSERT INTO public.pop_stamp (id, "timestamp", player_id, stage_id) VALUES (148, '2023-07-05 16:24:40.950972', 1168, 3);
INSERT INTO public.pop_stamp (id, "timestamp", player_id, stage_id) VALUES (149, '2023-07-05 16:26:49.992883', 1212, 2);
INSERT INTO public.pop_stamp (id, "timestamp", player_id, stage_id) VALUES (150, '2023-07-05 16:27:29.480527', 1027, 4);
INSERT INTO public.pop_stamp (id, "timestamp", player_id, stage_id) VALUES (151, '2023-07-05 16:27:42.885128', 1181, 3);
INSERT INTO public.pop_stamp (id, "timestamp", player_id, stage_id) VALUES (152, '2023-07-05 16:27:47.374516', 1025, 4);
INSERT INTO public.pop_stamp (id, "timestamp", player_id, stage_id) VALUES (153, '2023-07-05 16:28:05.954126', 1029, 4);
INSERT INTO public.pop_stamp (id, "timestamp", player_id, stage_id) VALUES (154, '2023-07-05 16:28:58.323157', 1028, 4);
INSERT INTO public.pop_stamp (id, "timestamp", player_id, stage_id) VALUES (155, '2023-07-05 16:29:51.471609', 1048, 4);
INSERT INTO public.pop_stamp (id, "timestamp", player_id, stage_id) VALUES (156, '2023-07-05 16:30:44.260042', 1161, 4);
INSERT INTO public.pop_stamp (id, "timestamp", player_id, stage_id) VALUES (157, '2023-07-05 16:30:57.210888', 1094, 4);
INSERT INTO public.pop_stamp (id, "timestamp", player_id, stage_id) VALUES (158, '2023-07-05 16:31:03.143123', 1042, 3);
INSERT INTO public.pop_stamp (id, "timestamp", player_id, stage_id) VALUES (159, '2023-07-05 16:31:10.903756', 1136, 4);
INSERT INTO public.pop_stamp (id, "timestamp", player_id, stage_id) VALUES (162, '2023-07-05 16:31:43.64188', 1165, 3);
INSERT INTO public.pop_stamp (id, "timestamp", player_id, stage_id) VALUES (160, '2023-07-05 16:31:23.003466', 1159, 3);
INSERT INTO public.pop_stamp (id, "timestamp", player_id, stage_id) VALUES (161, '2023-07-05 16:31:36.72598', 1214, 2);
INSERT INTO public.pop_stamp (id, "timestamp", player_id, stage_id) VALUES (163, '2023-07-05 16:32:57.19965', 1058, 3);
INSERT INTO public.pop_stamp (id, "timestamp", player_id, stage_id) VALUES (164, '2023-07-05 16:33:00.034188', 1130, 3);
INSERT INTO public.pop_stamp (id, "timestamp", player_id, stage_id) VALUES (165, '2023-07-05 16:33:14.336511', 1130, 4);
INSERT INTO public.pop_stamp (id, "timestamp", player_id, stage_id) VALUES (166, '2023-07-05 16:33:51.166842', 1110, 3);
INSERT INTO public.pop_stamp (id, "timestamp", player_id, stage_id) VALUES (167, '2023-07-05 16:34:05.756488', 1161, 3);
INSERT INTO public.pop_stamp (id, "timestamp", player_id, stage_id) VALUES (168, '2023-07-05 16:36:42.666521', 1093, 3);
INSERT INTO public.pop_stamp (id, "timestamp", player_id, stage_id) VALUES (169, '2023-07-05 16:40:23.770266', 1057, 3);
INSERT INTO public.pop_stamp (id, "timestamp", player_id, stage_id) VALUES (170, '2023-07-05 16:42:29.418728', 1026, 4);
INSERT INTO public.pop_stamp (id, "timestamp", player_id, stage_id) VALUES (171, '2023-07-05 16:42:41.394595', 1159, 4);
INSERT INTO public.pop_stamp (id, "timestamp", player_id, stage_id) VALUES (172, '2023-07-05 16:43:31.873191', 1145, 4);
INSERT INTO public.pop_stamp (id, "timestamp", player_id, stage_id) VALUES (173, '2023-07-05 16:44:21.345054', 1169, 3);
INSERT INTO public.pop_stamp (id, "timestamp", player_id, stage_id) VALUES (174, '2023-07-05 16:44:31.359042', 1011, 3);
INSERT INTO public.pop_stamp (id, "timestamp", player_id, stage_id) VALUES (175, '2023-07-05 16:44:48.190461', 1189, 3);
INSERT INTO public.pop_stamp (id, "timestamp", player_id, stage_id) VALUES (176, '2023-07-05 16:45:13.013476', 1155, 3);
INSERT INTO public.pop_stamp (id, "timestamp", player_id, stage_id) VALUES (177, '2023-07-05 16:46:29.56571', 1177, 3);
INSERT INTO public.pop_stamp (id, "timestamp", player_id, stage_id) VALUES (178, '2023-07-05 16:46:54.961068', 1089, 3);
INSERT INTO public.pop_stamp (id, "timestamp", player_id, stage_id) VALUES (179, '2023-07-05 16:47:51.467687', 1023, 3);
INSERT INTO public.pop_stamp (id, "timestamp", player_id, stage_id) VALUES (180, '2023-07-05 16:48:24.280374', 1092, 3);
INSERT INTO public.pop_stamp (id, "timestamp", player_id, stage_id) VALUES (181, '2023-07-05 16:49:39.066954', 1112, 5);
INSERT INTO public.pop_stamp (id, "timestamp", player_id, stage_id) VALUES (182, '2023-07-05 16:51:01.32209', 1066, 5);
INSERT INTO public.pop_stamp (id, "timestamp", player_id, stage_id) VALUES (183, '2023-07-05 16:51:09.058997', 1162, 4);
INSERT INTO public.pop_stamp (id, "timestamp", player_id, stage_id) VALUES (184, '2023-07-05 16:51:12.895649', 1152, 4);
INSERT INTO public.pop_stamp (id, "timestamp", player_id, stage_id) VALUES (185, '2023-07-05 16:51:20.424816', 1185, 4);
INSERT INTO public.pop_stamp (id, "timestamp", player_id, stage_id) VALUES (186, '2023-07-05 16:51:27.737624', 1149, 4);
INSERT INTO public.pop_stamp (id, "timestamp", player_id, stage_id) VALUES (187, '2023-07-05 16:53:07.576392', 1155, 4);
INSERT INTO public.pop_stamp (id, "timestamp", player_id, stage_id) VALUES (188, '2023-07-05 16:54:51.220077', 1190, 3);
INSERT INTO public.pop_stamp (id, "timestamp", player_id, stage_id) VALUES (189, '2023-07-05 16:56:21.804414', 1098, 3);
INSERT INTO public.pop_stamp (id, "timestamp", player_id, stage_id) VALUES (190, '2023-07-05 16:59:21.066673', 1099, 3);
INSERT INTO public.pop_stamp (id, "timestamp", player_id, stage_id) VALUES (191, '2023-07-05 17:00:16.163225', 1077, 3);
INSERT INTO public.pop_stamp (id, "timestamp", player_id, stage_id) VALUES (192, '2023-07-05 17:01:32.94404', 1122, 3);
INSERT INTO public.pop_stamp (id, "timestamp", player_id, stage_id) VALUES (193, '2023-07-05 17:01:50.012333', 1173, 3);
INSERT INTO public.pop_stamp (id, "timestamp", player_id, stage_id) VALUES (194, '2023-07-05 17:03:02.125663', 1061, 3);
INSERT INTO public.pop_stamp (id, "timestamp", player_id, stage_id) VALUES (195, '2023-07-05 17:03:09.367456', 1053, 3);
INSERT INTO public.pop_stamp (id, "timestamp", player_id, stage_id) VALUES (196, '2023-07-05 17:04:23.093997', 1095, 3);
INSERT INTO public.pop_stamp (id, "timestamp", player_id, stage_id) VALUES (197, '2023-07-05 17:04:51.397833', 1124, 4);
INSERT INTO public.pop_stamp (id, "timestamp", player_id, stage_id) VALUES (198, '2023-07-05 17:05:03.638655', 1118, 4);
INSERT INTO public.pop_stamp (id, "timestamp", player_id, stage_id) VALUES (199, '2023-07-05 17:05:19.201494', 1105, 4);
INSERT INTO public.pop_stamp (id, "timestamp", player_id, stage_id) VALUES (200, '2023-07-05 17:05:29.878427', 1106, 4);
INSERT INTO public.pop_stamp (id, "timestamp", player_id, stage_id) VALUES (201, '2023-07-05 17:05:38.272361', 1108, 4);
INSERT INTO public.pop_stamp (id, "timestamp", player_id, stage_id) VALUES (202, '2023-07-05 17:06:26.068033', 1010, 3);
INSERT INTO public.pop_stamp (id, "timestamp", player_id, stage_id) VALUES (203, '2023-07-05 17:06:33.544001', 1120, 3);
INSERT INTO public.pop_stamp (id, "timestamp", player_id, stage_id) VALUES (204, '2023-07-05 17:06:49.771628', 1107, 3);
INSERT INTO public.pop_stamp (id, "timestamp", player_id, stage_id) VALUES (205, '2023-07-05 17:07:17.133626', 1198, 3);
INSERT INTO public.pop_stamp (id, "timestamp", player_id, stage_id) VALUES (206, '2023-07-05 17:07:23.754526', 1113, 3);
INSERT INTO public.pop_stamp (id, "timestamp", player_id, stage_id) VALUES (207, '2023-07-05 17:08:54.452415', 1069, 5);
INSERT INTO public.pop_stamp (id, "timestamp", player_id, stage_id) VALUES (208, '2023-07-05 17:09:10.135415', 1175, 3);
INSERT INTO public.pop_stamp (id, "timestamp", player_id, stage_id) VALUES (209, '2023-07-05 17:09:47.256409', 1081, 3);
INSERT INTO public.pop_stamp (id, "timestamp", player_id, stage_id) VALUES (210, '2023-07-05 17:11:36.178322', 1101, 4);
INSERT INTO public.pop_stamp (id, "timestamp", player_id, stage_id) VALUES (211, '2023-07-05 17:11:38.709122', 1050, 5);
INSERT INTO public.pop_stamp (id, "timestamp", player_id, stage_id) VALUES (212, '2023-07-05 17:12:54.250965', 1190, 4);
INSERT INTO public.pop_stamp (id, "timestamp", player_id, stage_id) VALUES (213, '2023-07-05 17:13:53.636096', 1162, 5);
INSERT INTO public.pop_stamp (id, "timestamp", player_id, stage_id) VALUES (214, '2023-07-05 17:14:07.035131', 1152, 5);
INSERT INTO public.pop_stamp (id, "timestamp", player_id, stage_id) VALUES (215, '2023-07-05 17:14:09.73604', 1149, 5);
INSERT INTO public.pop_stamp (id, "timestamp", player_id, stage_id) VALUES (216, '2023-07-05 17:14:29.15639', 1175, 4);
INSERT INTO public.pop_stamp (id, "timestamp", player_id, stage_id) VALUES (217, '2023-07-05 17:14:45.251892', 1185, 5);
INSERT INTO public.pop_stamp (id, "timestamp", player_id, stage_id) VALUES (218, '2023-07-05 17:18:07.995052', 1127, 5);
INSERT INTO public.pop_stamp (id, "timestamp", player_id, stage_id) VALUES (219, '2023-07-05 17:18:16.64743', 1155, 5);
INSERT INTO public.pop_stamp (id, "timestamp", player_id, stage_id) VALUES (220, '2023-07-05 17:18:42.835886', 1188, 3);
INSERT INTO public.pop_stamp (id, "timestamp", player_id, stage_id) VALUES (221, '2023-07-05 17:18:43.907752', 1192, 3);
INSERT INTO public.pop_stamp (id, "timestamp", player_id, stage_id) VALUES (222, '2023-07-05 17:20:18.128487', 1183, 3);
INSERT INTO public.pop_stamp (id, "timestamp", player_id, stage_id) VALUES (223, '2023-07-05 17:20:24.680788', 1110, 4);
INSERT INTO public.pop_stamp (id, "timestamp", player_id, stage_id) VALUES (224, '2023-07-05 17:20:32.792201', 1207, 3);
INSERT INTO public.pop_stamp (id, "timestamp", player_id, stage_id) VALUES (225, '2023-07-05 17:20:33.955675', 1093, 4);
INSERT INTO public.pop_stamp (id, "timestamp", player_id, stage_id) VALUES (226, '2023-07-05 17:21:05.9688', 1057, 4);
INSERT INTO public.pop_stamp (id, "timestamp", player_id, stage_id) VALUES (227, '2023-07-05 17:21:11.841617', 1067, 3);
INSERT INTO public.pop_stamp (id, "timestamp", player_id, stage_id) VALUES (228, '2023-07-05 17:25:09.313399', 1181, 4);
INSERT INTO public.pop_stamp (id, "timestamp", player_id, stage_id) VALUES (229, '2023-07-05 17:25:19.236598', 1052, 3);
INSERT INTO public.pop_stamp (id, "timestamp", player_id, stage_id) VALUES (230, '2023-07-05 17:26:07.208926', 1010, 4);
INSERT INTO public.pop_stamp (id, "timestamp", player_id, stage_id) VALUES (231, '2023-07-05 17:26:15.020911', 1058, 4);
INSERT INTO public.pop_stamp (id, "timestamp", player_id, stage_id) VALUES (232, '2023-07-05 17:26:32.990838', 1077, 4);
INSERT INTO public.pop_stamp (id, "timestamp", player_id, stage_id) VALUES (233, '2023-07-05 17:26:52.185555', 1182, 3);
INSERT INTO public.pop_stamp (id, "timestamp", player_id, stage_id) VALUES (234, '2023-07-05 17:27:07.863441', 1182, 4);
INSERT INTO public.pop_stamp (id, "timestamp", player_id, stage_id) VALUES (235, '2023-07-05 17:28:27.491427', 1172, 3);
INSERT INTO public.pop_stamp (id, "timestamp", player_id, stage_id) VALUES (236, '2023-07-05 17:28:44.232028', 1172, 4);
INSERT INTO public.pop_stamp (id, "timestamp", player_id, stage_id) VALUES (237, '2023-07-05 17:30:18.641719', 1159, 5);
INSERT INTO public.pop_stamp (id, "timestamp", player_id, stage_id) VALUES (238, '2023-07-05 17:30:25.116887', 1061, 4);
INSERT INTO public.pop_stamp (id, "timestamp", player_id, stage_id) VALUES (239, '2023-07-05 17:30:38.488277', 1053, 4);
INSERT INTO public.pop_stamp (id, "timestamp", player_id, stage_id) VALUES (240, '2023-07-05 17:31:14.967496', 1215, 3);
INSERT INTO public.pop_stamp (id, "timestamp", player_id, stage_id) VALUES (241, '2023-07-05 17:33:01.802099', 1026, 5);
INSERT INTO public.pop_stamp (id, "timestamp", player_id, stage_id) VALUES (242, '2023-07-05 17:33:02.835827', 1130, 5);
INSERT INTO public.pop_stamp (id, "timestamp", player_id, stage_id) VALUES (243, '2023-07-05 17:33:10.391703', 1089, 4);
INSERT INTO public.pop_stamp (id, "timestamp", player_id, stage_id) VALUES (244, '2023-07-05 17:33:10.550435', 1048, 5);
INSERT INTO public.pop_stamp (id, "timestamp", player_id, stage_id) VALUES (245, '2023-07-05 17:33:22.967457', 1081, 4);
INSERT INTO public.pop_stamp (id, "timestamp", player_id, stage_id) VALUES (246, '2023-07-05 17:33:31.729045', 1139, 4);
INSERT INTO public.pop_stamp (id, "timestamp", player_id, stage_id) VALUES (247, '2023-07-05 17:33:43.270829', 1173, 4);
INSERT INTO public.pop_stamp (id, "timestamp", player_id, stage_id) VALUES (248, '2023-07-05 17:34:20.932064', 1210, 3);
INSERT INTO public.pop_stamp (id, "timestamp", player_id, stage_id) VALUES (249, '2023-07-05 17:35:46.883141', 1169, 4);
INSERT INTO public.pop_stamp (id, "timestamp", player_id, stage_id) VALUES (250, '2023-07-05 17:35:53.195239', 1029, 5);
INSERT INTO public.pop_stamp (id, "timestamp", player_id, stage_id) VALUES (251, '2023-07-05 17:36:01.727713', 1028, 5);
INSERT INTO public.pop_stamp (id, "timestamp", player_id, stage_id) VALUES (252, '2023-07-05 17:36:36.659064', 1027, 5);
INSERT INTO public.pop_stamp (id, "timestamp", player_id, stage_id) VALUES (253, '2023-07-05 17:37:08.089139', 1025, 5);
INSERT INTO public.pop_stamp (id, "timestamp", player_id, stage_id) VALUES (254, '2023-07-05 17:37:16.619783', 1160, 3);
INSERT INTO public.pop_stamp (id, "timestamp", player_id, stage_id) VALUES (255, '2023-07-05 17:38:09.267462', 1073, 3);
INSERT INTO public.pop_stamp (id, "timestamp", player_id, stage_id) VALUES (256, '2023-07-05 17:40:16.924759', 1212, 3);
INSERT INTO public.pop_stamp (id, "timestamp", player_id, stage_id) VALUES (257, '2023-07-05 17:41:19.223486', 1101, 5);
INSERT INTO public.pop_stamp (id, "timestamp", player_id, stage_id) VALUES (258, '2023-07-05 17:41:23.918582', 1042, 4);
INSERT INTO public.pop_stamp (id, "timestamp", player_id, stage_id) VALUES (259, '2023-07-05 17:42:13.691038', 1168, 4);
INSERT INTO public.pop_stamp (id, "timestamp", player_id, stage_id) VALUES (260, '2023-07-05 17:43:10.231207', 1118, 5);
INSERT INTO public.pop_stamp (id, "timestamp", player_id, stage_id) VALUES (261, '2023-07-05 17:43:12.941607', 1200, 4);
INSERT INTO public.pop_stamp (id, "timestamp", player_id, stage_id) VALUES (262, '2023-07-05 17:43:15.70045', 1190, 5);
INSERT INTO public.pop_stamp (id, "timestamp", player_id, stage_id) VALUES (263, '2023-07-05 17:43:23.978781', 1176, 3);
INSERT INTO public.pop_stamp (id, "timestamp", player_id, stage_id) VALUES (264, '2023-07-05 17:43:27.035128', 1124, 5);
INSERT INTO public.pop_stamp (id, "timestamp", player_id, stage_id) VALUES (265, '2023-07-05 17:43:54.926761', 1165, 4);
INSERT INTO public.pop_stamp (id, "timestamp", player_id, stage_id) VALUES (266, '2023-07-05 17:43:57.392926', 1160, 4);
INSERT INTO public.pop_stamp (id, "timestamp", player_id, stage_id) VALUES (267, '2023-07-05 17:45:18.79338', 1161, 5);
INSERT INTO public.pop_stamp (id, "timestamp", player_id, stage_id) VALUES (268, '2023-07-05 17:46:14.397509', 1145, 5);
INSERT INTO public.pop_stamp (id, "timestamp", player_id, stage_id) VALUES (269, '2023-07-05 17:46:45.332535', 1113, 4);
INSERT INTO public.pop_stamp (id, "timestamp", player_id, stage_id) VALUES (270, '2023-07-05 17:46:54.914308', 1093, 5);
INSERT INTO public.pop_stamp (id, "timestamp", player_id, stage_id) VALUES (271, '2023-07-05 17:46:57.088728', 1110, 5);
INSERT INTO public.pop_stamp (id, "timestamp", player_id, stage_id) VALUES (272, '2023-07-05 17:47:31.180861', 1183, 4);
INSERT INTO public.pop_stamp (id, "timestamp", player_id, stage_id) VALUES (273, '2023-07-05 17:47:53.234006', 1192, 4);
INSERT INTO public.pop_stamp (id, "timestamp", player_id, stage_id) VALUES (274, '2023-07-05 17:48:13.516059', 1205, 6);
INSERT INTO public.pop_stamp (id, "timestamp", player_id, stage_id) VALUES (275, '2023-07-05 17:50:53.100316', 1021, 3);
INSERT INTO public.pop_stamp (id, "timestamp", player_id, stage_id) VALUES (276, '2023-07-05 17:51:01.074744', 1011, 4);
INSERT INTO public.pop_stamp (id, "timestamp", player_id, stage_id) VALUES (277, '2023-07-05 17:56:28.134819', 1107, 4);
INSERT INTO public.pop_stamp (id, "timestamp", player_id, stage_id) VALUES (278, '2023-07-05 17:56:59.547838', 1099, 4);
INSERT INTO public.pop_stamp (id, "timestamp", player_id, stage_id) VALUES (279, '2023-07-05 17:57:01.57933', 1098, 4);
INSERT INTO public.pop_stamp (id, "timestamp", player_id, stage_id) VALUES (280, '2023-07-05 17:57:09.122451', 1092, 4);
INSERT INTO public.pop_stamp (id, "timestamp", player_id, stage_id) VALUES (281, '2023-07-05 17:57:53.987295', 1155, 6);
INSERT INTO public.pop_stamp (id, "timestamp", player_id, stage_id) VALUES (282, '2023-07-05 17:58:19.694921', 1209, 4);
INSERT INTO public.pop_stamp (id, "timestamp", player_id, stage_id) VALUES (283, '2023-07-05 17:59:43.906222', 1112, 6);
INSERT INTO public.pop_stamp (id, "timestamp", player_id, stage_id) VALUES (284, '2023-07-05 18:00:10.30546', 1127, 6);
INSERT INTO public.pop_stamp (id, "timestamp", player_id, stage_id) VALUES (285, '2023-07-05 18:00:18.176216', 1106, 5);
INSERT INTO public.pop_stamp (id, "timestamp", player_id, stage_id) VALUES (286, '2023-07-05 18:00:21.39632', 1108, 5);
INSERT INTO public.pop_stamp (id, "timestamp", player_id, stage_id) VALUES (287, '2023-07-05 18:00:24.487583', 1105, 5);
INSERT INTO public.pop_stamp (id, "timestamp", player_id, stage_id) VALUES (288, '2023-07-05 18:01:05.994062', 1181, 5);
INSERT INTO public.pop_stamp (id, "timestamp", player_id, stage_id) VALUES (289, '2023-07-05 18:01:33.188766', 1057, 5);
INSERT INTO public.pop_stamp (id, "timestamp", player_id, stage_id) VALUES (290, '2023-07-05 18:02:09.111256', 1023, 4);
INSERT INTO public.pop_stamp (id, "timestamp", player_id, stage_id) VALUES (291, '2023-07-05 18:04:04.679377', 1175, 5);
INSERT INTO public.pop_stamp (id, "timestamp", player_id, stage_id) VALUES (292, '2023-07-05 18:04:05.980531', 1095, 4);
INSERT INTO public.pop_stamp (id, "timestamp", player_id, stage_id) VALUES (293, '2023-07-05 18:04:10.62335', 1122, 4);
INSERT INTO public.pop_stamp (id, "timestamp", player_id, stage_id) VALUES (294, '2023-07-05 18:04:15.472799', 1073, 4);
INSERT INTO public.pop_stamp (id, "timestamp", player_id, stage_id) VALUES (295, '2023-07-05 18:04:50.223885', 1173, 5);
INSERT INTO public.pop_stamp (id, "timestamp", player_id, stage_id) VALUES (296, '2023-07-05 18:04:58.584982', 1061, 5);
INSERT INTO public.pop_stamp (id, "timestamp", player_id, stage_id) VALUES (297, '2023-07-05 18:05:02.232302', 1053, 5);
INSERT INTO public.pop_stamp (id, "timestamp", player_id, stage_id) VALUES (298, '2023-07-05 18:05:31.547968', 1167, 4);
INSERT INTO public.pop_stamp (id, "timestamp", player_id, stage_id) VALUES (299, '2023-07-05 18:05:38.259888', 1088, 4);
INSERT INTO public.pop_stamp (id, "timestamp", player_id, stage_id) VALUES (300, '2023-07-05 18:06:35.702049', 1176, 4);
INSERT INTO public.pop_stamp (id, "timestamp", player_id, stage_id) VALUES (301, '2023-07-05 18:06:48.45569', 1177, 4);
INSERT INTO public.pop_stamp (id, "timestamp", player_id, stage_id) VALUES (302, '2023-07-05 18:08:18.104366', 1136, 5);
INSERT INTO public.pop_stamp (id, "timestamp", player_id, stage_id) VALUES (303, '2023-07-05 18:08:24.634758', 1094, 5);
INSERT INTO public.pop_stamp (id, "timestamp", player_id, stage_id) VALUES (304, '2023-07-05 18:08:26.9769', 1066, 6);
INSERT INTO public.pop_stamp (id, "timestamp", player_id, stage_id) VALUES (305, '2023-07-05 18:11:07.475946', 1077, 5);
INSERT INTO public.pop_stamp (id, "timestamp", player_id, stage_id) VALUES (306, '2023-07-05 18:12:30.683986', 1204, 4);
INSERT INTO public.pop_stamp (id, "timestamp", player_id, stage_id) VALUES (307, '2023-07-05 18:13:06.575286', 1069, 6);
INSERT INTO public.pop_stamp (id, "timestamp", player_id, stage_id) VALUES (308, '2023-07-05 18:15:18.884952', 1152, 6);
INSERT INTO public.pop_stamp (id, "timestamp", player_id, stage_id) VALUES (309, '2023-07-05 18:15:19.645699', 1162, 6);
INSERT INTO public.pop_stamp (id, "timestamp", player_id, stage_id) VALUES (310, '2023-07-05 18:15:23.044137', 1169, 5);
INSERT INTO public.pop_stamp (id, "timestamp", player_id, stage_id) VALUES (311, '2023-07-05 18:15:28.379727', 1149, 6);
INSERT INTO public.pop_stamp (id, "timestamp", player_id, stage_id) VALUES (312, '2023-07-05 18:15:31.850901', 1052, 4);
INSERT INTO public.pop_stamp (id, "timestamp", player_id, stage_id) VALUES (313, '2023-07-05 18:15:36.957302', 1185, 6);
INSERT INTO public.pop_stamp (id, "timestamp", player_id, stage_id) VALUES (314, '2023-07-05 18:15:45.656925', 1021, 4);
INSERT INTO public.pop_stamp (id, "timestamp", player_id, stage_id) VALUES (315, '2023-07-05 18:19:33.734047', 1200, 5);
INSERT INTO public.pop_stamp (id, "timestamp", player_id, stage_id) VALUES (316, '2023-07-05 18:20:22.467582', 1207, 4);
INSERT INTO public.pop_stamp (id, "timestamp", player_id, stage_id) VALUES (317, '2023-07-05 18:24:04.106797', 1195, 4);
INSERT INTO public.pop_stamp (id, "timestamp", player_id, stage_id) VALUES (318, '2023-07-05 18:24:06.648247', 1198, 4);
INSERT INTO public.pop_stamp (id, "timestamp", player_id, stage_id) VALUES (319, '2023-07-05 18:26:52.904163', 1139, 5);
INSERT INTO public.pop_stamp (id, "timestamp", player_id, stage_id) VALUES (320, '2023-07-05 18:27:15.31021', 1120, 4);
INSERT INTO public.pop_stamp (id, "timestamp", player_id, stage_id) VALUES (321, '2023-07-05 18:27:36.354506', 1188, 4);
INSERT INTO public.pop_stamp (id, "timestamp", player_id, stage_id) VALUES (322, '2023-07-05 18:28:10.274899', 1081, 5);
INSERT INTO public.pop_stamp (id, "timestamp", player_id, stage_id) VALUES (323, '2023-07-05 18:28:32.937648', 1172, 5);
INSERT INTO public.pop_stamp (id, "timestamp", player_id, stage_id) VALUES (324, '2023-07-05 18:29:29.924873', 1089, 5);
INSERT INTO public.pop_stamp (id, "timestamp", player_id, stage_id) VALUES (325, '2023-07-05 18:29:36.948458', 1010, 5);
INSERT INTO public.pop_stamp (id, "timestamp", player_id, stage_id) VALUES (326, '2023-07-05 18:29:53.26596', 1209, 5);
INSERT INTO public.pop_stamp (id, "timestamp", player_id, stage_id) VALUES (327, '2023-07-05 18:30:25.18736', 1215, 4);
INSERT INTO public.pop_stamp (id, "timestamp", player_id, stage_id) VALUES (328, '2023-07-05 18:30:34.075059', 1183, 5);
INSERT INTO public.pop_stamp (id, "timestamp", player_id, stage_id) VALUES (329, '2023-07-05 18:30:49.760827', 1182, 5);
INSERT INTO public.pop_stamp (id, "timestamp", player_id, stage_id) VALUES (330, '2023-07-05 18:30:59.918056', 1021, 5);
INSERT INTO public.pop_stamp (id, "timestamp", player_id, stage_id) VALUES (331, '2023-07-05 18:32:25.368133', 1092, 5);
INSERT INTO public.pop_stamp (id, "timestamp", player_id, stage_id) VALUES (332, '2023-07-05 18:33:13.052989', 1192, 5);
INSERT INTO public.pop_stamp (id, "timestamp", player_id, stage_id) VALUES (333, '2023-07-05 18:33:20.006106', 1189, 5);
INSERT INTO public.pop_stamp (id, "timestamp", player_id, stage_id) VALUES (334, '2023-07-05 18:34:24.771463', 1011, 5);
INSERT INTO public.pop_stamp (id, "timestamp", player_id, stage_id) VALUES (335, '2023-07-05 18:35:08.412976', 1113, 5);
INSERT INTO public.pop_stamp (id, "timestamp", player_id, stage_id) VALUES (336, '2023-07-05 18:35:12.464186', 1070, 5);
INSERT INTO public.pop_stamp (id, "timestamp", player_id, stage_id) VALUES (337, '2023-07-05 18:35:16.826043', 1042, 5);
INSERT INTO public.pop_stamp (id, "timestamp", player_id, stage_id) VALUES (338, '2023-07-05 18:36:31.978394', 1067, 5);
INSERT INTO public.pop_stamp (id, "timestamp", player_id, stage_id) VALUES (339, '2023-07-05 18:37:31.807332', 1058, 5);
INSERT INTO public.pop_stamp (id, "timestamp", player_id, stage_id) VALUES (340, '2023-07-05 18:37:36.432298', 1168, 5);
INSERT INTO public.pop_stamp (id, "timestamp", player_id, stage_id) VALUES (341, '2023-07-05 18:39:47.20896', 1073, 5);
INSERT INTO public.pop_stamp (id, "timestamp", player_id, stage_id) VALUES (342, '2023-07-05 18:40:17.643862', 1095, 5);
INSERT INTO public.pop_stamp (id, "timestamp", player_id, stage_id) VALUES (343, '2023-07-05 18:40:30.735332', 1212, 4);
INSERT INTO public.pop_stamp (id, "timestamp", player_id, stage_id) VALUES (344, '2023-07-05 18:41:11.005103', 1210, 4);
INSERT INTO public.pop_stamp (id, "timestamp", player_id, stage_id) VALUES (345, '2023-07-05 18:41:18.041227', 1101, 6);
INSERT INTO public.pop_stamp (id, "timestamp", player_id, stage_id) VALUES (346, '2023-07-05 18:41:40.77042', 1190, 6);
INSERT INTO public.pop_stamp (id, "timestamp", player_id, stage_id) VALUES (347, '2023-07-05 18:41:51.554796', 1026, 6);
INSERT INTO public.pop_stamp (id, "timestamp", player_id, stage_id) VALUES (348, '2023-07-05 18:43:22.86233', 1070, 3);
INSERT INTO public.pop_stamp (id, "timestamp", player_id, stage_id) VALUES (349, '2023-07-05 18:43:45.010941', 1209, 3);
INSERT INTO public.pop_stamp (id, "timestamp", player_id, stage_id) VALUES (350, '2023-07-05 18:44:46.100033', 1070, 4);
INSERT INTO public.pop_stamp (id, "timestamp", player_id, stage_id) VALUES (351, '2023-07-05 18:46:11.097304', 1122, 5);
INSERT INTO public.pop_stamp (id, "timestamp", player_id, stage_id) VALUES (352, '2023-07-05 18:49:08.362529', 1124, 6);
INSERT INTO public.pop_stamp (id, "timestamp", player_id, stage_id) VALUES (353, '2023-07-05 18:49:28.568375', 1048, 6);
INSERT INTO public.pop_stamp (id, "timestamp", player_id, stage_id) VALUES (354, '2023-07-05 18:49:42.986848', 1118, 6);
INSERT INTO public.pop_stamp (id, "timestamp", player_id, stage_id) VALUES (355, '2023-07-05 18:49:45.331419', 1130, 6);
INSERT INTO public.pop_stamp (id, "timestamp", player_id, stage_id) VALUES (356, '2023-07-05 18:49:50.642963', 1159, 6);
INSERT INTO public.pop_stamp (id, "timestamp", player_id, stage_id) VALUES (357, '2023-07-05 18:51:07.625636', 1175, 6);
INSERT INTO public.pop_stamp (id, "timestamp", player_id, stage_id) VALUES (358, '2023-07-05 18:51:24.977277', 1204, 5);
INSERT INTO public.pop_stamp (id, "timestamp", player_id, stage_id) VALUES (359, '2023-07-05 18:51:36.281601', 1167, 5);
INSERT INTO public.pop_stamp (id, "timestamp", player_id, stage_id) VALUES (360, '2023-07-05 18:53:09.03532', 1088, 5);
INSERT INTO public.pop_stamp (id, "timestamp", player_id, stage_id) VALUES (361, '2023-07-05 18:58:31.841891', 1061, 6);
INSERT INTO public.pop_stamp (id, "timestamp", player_id, stage_id) VALUES (362, '2023-07-05 18:58:37.840165', 1173, 6);
INSERT INTO public.pop_stamp (id, "timestamp", player_id, stage_id) VALUES (363, '2023-07-05 18:58:39.517598', 1053, 6);
INSERT INTO public.pop_stamp (id, "timestamp", player_id, stage_id) VALUES (364, '2023-07-05 19:01:28.093487', 1108, 6);
INSERT INTO public.pop_stamp (id, "timestamp", player_id, stage_id) VALUES (365, '2023-07-05 19:01:33.824639', 1105, 6);
INSERT INTO public.pop_stamp (id, "timestamp", player_id, stage_id) VALUES (366, '2023-07-05 19:01:47.994053', 1106, 6);
INSERT INTO public.pop_stamp (id, "timestamp", player_id, stage_id) VALUES (367, '2023-07-05 19:03:03.260327', 1050, 6);
INSERT INTO public.pop_stamp (id, "timestamp", player_id, stage_id) VALUES (368, '2023-07-05 19:03:19.969952', 1177, 5);
INSERT INTO public.pop_stamp (id, "timestamp", player_id, stage_id) VALUES (369, '2023-07-05 19:03:35.270283', 1176, 5);
INSERT INTO public.pop_stamp (id, "timestamp", player_id, stage_id) VALUES (370, '2023-07-05 19:04:44.156529', 1161, 6);
INSERT INTO public.pop_stamp (id, "timestamp", player_id, stage_id) VALUES (371, '2023-07-05 19:05:02.776886', 1207, 5);
INSERT INTO public.pop_stamp (id, "timestamp", player_id, stage_id) VALUES (372, '2023-07-05 19:06:37.686015', 1181, 6);
INSERT INTO public.pop_stamp (id, "timestamp", player_id, stage_id) VALUES (373, '2023-07-05 19:07:28.05863', 1052, 5);
INSERT INTO public.pop_stamp (id, "timestamp", player_id, stage_id) VALUES (374, '2023-07-05 19:07:59.190514', 1057, 6);
INSERT INTO public.pop_stamp (id, "timestamp", player_id, stage_id) VALUES (375, '2023-07-05 19:11:28.439081', 1077, 6);
INSERT INTO public.pop_stamp (id, "timestamp", player_id, stage_id) VALUES (376, '2023-07-05 19:11:38.705145', 1098, 5);
INSERT INTO public.pop_stamp (id, "timestamp", player_id, stage_id) VALUES (377, '2023-07-05 19:12:41.727782', 1107, 5);
INSERT INTO public.pop_stamp (id, "timestamp", player_id, stage_id) VALUES (378, '2023-07-05 19:14:15.596281', 1021, 6);
INSERT INTO public.pop_stamp (id, "timestamp", player_id, stage_id) VALUES (379, '2023-07-05 19:15:34.956442', 1198, 5);
INSERT INTO public.pop_stamp (id, "timestamp", player_id, stage_id) VALUES (380, '2023-07-05 19:15:54.940546', 1023, 5);
INSERT INTO public.pop_stamp (id, "timestamp", player_id, stage_id) VALUES (381, '2023-07-05 19:16:06.021298', 1099, 5);
INSERT INTO public.pop_stamp (id, "timestamp", player_id, stage_id) VALUES (382, '2023-07-05 19:16:34.470434', 1120, 5);
INSERT INTO public.pop_stamp (id, "timestamp", player_id, stage_id) VALUES (383, '2023-07-05 19:17:22.98864', 1188, 5);
INSERT INTO public.pop_stamp (id, "timestamp", player_id, stage_id) VALUES (384, '2023-07-05 19:17:27.811461', 1029, 6);
INSERT INTO public.pop_stamp (id, "timestamp", player_id, stage_id) VALUES (385, '2023-07-05 19:17:50.492553', 1210, 5);
INSERT INTO public.pop_stamp (id, "timestamp", player_id, stage_id) VALUES (386, '2023-07-05 19:17:57.898437', 1025, 6);
INSERT INTO public.pop_stamp (id, "timestamp", player_id, stage_id) VALUES (387, '2023-07-05 19:18:40.859042', 1027, 6);
INSERT INTO public.pop_stamp (id, "timestamp", player_id, stage_id) VALUES (388, '2023-07-05 19:18:57.420367', 1028, 6);
INSERT INTO public.pop_stamp (id, "timestamp", player_id, stage_id) VALUES (389, '2023-07-05 19:29:56.578754', 1139, 6);
INSERT INTO public.pop_stamp (id, "timestamp", player_id, stage_id) VALUES (390, '2023-07-05 19:32:00.849192', 1093, 6);
INSERT INTO public.pop_stamp (id, "timestamp", player_id, stage_id) VALUES (391, '2023-07-05 19:32:04.635902', 1110, 6);
INSERT INTO public.pop_stamp (id, "timestamp", player_id, stage_id) VALUES (392, '2023-07-05 19:34:24.67676', 1160, 5);
INSERT INTO public.pop_stamp (id, "timestamp", player_id, stage_id) VALUES (393, '2023-07-05 19:40:48.697372', 1058, 6);
INSERT INTO public.pop_stamp (id, "timestamp", player_id, stage_id) VALUES (394, '2023-07-05 19:43:16.297873', 1042, 6);
INSERT INTO public.pop_stamp (id, "timestamp", player_id, stage_id) VALUES (395, '2023-07-05 19:44:04.254898', 1167, 6);
INSERT INTO public.pop_stamp (id, "timestamp", player_id, stage_id) VALUES (396, '2023-07-05 19:44:05.477053', 1088, 6);
INSERT INTO public.pop_stamp (id, "timestamp", player_id, stage_id) VALUES (397, '2023-07-05 19:44:08.354267', 1070, 6);
INSERT INTO public.pop_stamp (id, "timestamp", player_id, stage_id) VALUES (398, '2023-07-05 19:44:35.250096', 1209, 6);
INSERT INTO public.pop_stamp (id, "timestamp", player_id, stage_id) VALUES (399, '2023-07-05 19:45:24.21093', 1200, 6);
INSERT INTO public.pop_stamp (id, "timestamp", player_id, stage_id) VALUES (400, '2023-07-05 19:46:32.54973', 1139, 3);
INSERT INTO public.pop_stamp (id, "timestamp", player_id, stage_id) VALUES (401, '2023-07-05 19:50:07.130873', 1010, 6);
INSERT INTO public.pop_stamp (id, "timestamp", player_id, stage_id) VALUES (402, '2023-07-05 19:50:15.486101', 1081, 6);
INSERT INTO public.pop_stamp (id, "timestamp", player_id, stage_id) VALUES (403, '2023-07-05 19:50:23.383096', 1089, 6);
INSERT INTO public.pop_stamp (id, "timestamp", player_id, stage_id) VALUES (404, '2023-07-05 19:50:29.752994', 1095, 6);
INSERT INTO public.pop_stamp (id, "timestamp", player_id, stage_id) VALUES (405, '2023-07-05 19:50:32.604152', 1122, 6);
INSERT INTO public.pop_stamp (id, "timestamp", player_id, stage_id) VALUES (406, '2023-07-05 19:50:57.508991', 1113, 6);
INSERT INTO public.pop_stamp (id, "timestamp", player_id, stage_id) VALUES (407, '2023-07-05 19:51:37.511476', 1073, 6);
INSERT INTO public.pop_stamp (id, "timestamp", player_id, stage_id) VALUES (408, '2023-07-05 19:57:06.796994', 1204, 6);
INSERT INTO public.pop_stamp (id, "timestamp", player_id, stage_id) VALUES (409, '2023-07-05 19:58:47.177037', 1192, 6);
INSERT INTO public.pop_stamp (id, "timestamp", player_id, stage_id) VALUES (410, '2023-07-05 19:58:57.980384', 1183, 6);
INSERT INTO public.pop_stamp (id, "timestamp", player_id, stage_id) VALUES (411, '2023-07-05 19:59:25.492674', 1176, 6);
INSERT INTO public.pop_stamp (id, "timestamp", player_id, stage_id) VALUES (412, '2023-07-05 19:59:38.360858', 1177, 6);
INSERT INTO public.pop_stamp (id, "timestamp", player_id, stage_id) VALUES (413, '2023-07-05 19:59:42.392127', 1189, 6);
INSERT INTO public.pop_stamp (id, "timestamp", player_id, stage_id) VALUES (414, '2023-07-05 19:59:44.576412', 1169, 6);
INSERT INTO public.pop_stamp (id, "timestamp", player_id, stage_id) VALUES (415, '2023-07-05 20:04:41.160617', 1011, 6);


--
-- TOC entry 4388 (class 0 OID 4386885)
-- Dependencies: 229
-- Data for Name: pop_user; Type: TABLE DATA; Schema: public; Owner: yvfqbqqqabpzca
--

INSERT INTO public.pop_user (id, password, username) VALUES (1, '$2a$12$gzQQy9oVY1v20qWzIcfWP.fp0FSWOV01c7tM5gfdwR9v8c6QoAyEW', 'admin');
INSERT INTO public.pop_user (id, password, username) VALUES (2, '$2a$10$7s.PnBW19pd8y7dgYrxDCeSflx4P/QI4Mk3TOuoBHLIEt2qQna9wG', 'organizator');
INSERT INTO public.pop_user (id, password, username) VALUES (1001, '$2a$10$9fOPGgITlvz55r1E2XappeW9afFJ.c6KL3VXjkFdRn54zmYZ2/RNm', 'Pavel');
INSERT INTO public.pop_user (id, password, username) VALUES (1003, '$2a$10$qMEss1/Fk7bo9isV0IKP1eZKvi1ys.dF0lb.9CxahhxFPnODPYVcS', 'Johana');
INSERT INTO public.pop_user (id, password, username) VALUES (1004, '$2a$10$EN0KH1HRmqFeEU0av3k6O.i5V44H8AoXygqjgZK4bFCj30BkssMZa', 'Sepletinho');
INSERT INTO public.pop_user (id, password, username) VALUES (1010, '$2a$10$hz1IeuVGRtmWMQRD/Tq7pejfArauliNz6G/bs5Rl8DUuSyV6t/BW.', 'David');
INSERT INTO public.pop_user (id, password, username) VALUES (1011, '$2a$10$gZrtK3P1qTlEiDN.NfLBeuhShgrNZF29lI7DYSaoDvpwtnJHAy9fK', 'Petr Dan캩k');
INSERT INTO public.pop_user (id, password, username) VALUES (1012, '$2a$10$Afy2cyEGMqJtz1tpHNm1HO4tfG9ZPLx1/NwIKPtFbpq6Ye4JFmL6i', 'Petra');
INSERT INTO public.pop_user (id, password, username) VALUES (1013, '$2a$10$bJB6URhr.STeqGMhv0SU5eS7Tp8XSku6.COndo/AjgMDezTJdMisO', 'Petra Novotn치');
INSERT INTO public.pop_user (id, password, username) VALUES (1014, '$2a$10$imCINWii5VDUW9LVZr2..euWp6GmkyrBz016PgrKOg64SehnN4.Oy', '코t캩p치nka n캩me캜kov치');
INSERT INTO public.pop_user (id, password, username) VALUES (1015, '$2a$10$.sCLhQYjTHwBJjQAysnaEeLZ2cMrdghgfOCY2lDcuJ36RAcK/LD96', 'pavel n캩me캜ek');
INSERT INTO public.pop_user (id, password, username) VALUES (1016, '$2a$10$8HxYikhkj2OXV2lCUC6hRuULpPz.LaEGZ/r2vPc2kGJtP5ZHYch/y', 'Chanok');
INSERT INTO public.pop_user (id, password, username) VALUES (1017, '$2a$10$db8un0ApO20R01YvWeZCWuxu4Fgb48.mrtrTc6/nOX0ZTWtmhT3pa', 'Pe콘ul칤ne캜ka');
INSERT INTO public.pop_user (id, password, username) VALUES (1018, '$2a$10$Tk4z6ej7sR6wCBXCBG6gKuZ5c5e7kBtwZtXKPidOr7gd.Lwx1cZXi', 'Ludmila Ju콏icov치');
INSERT INTO public.pop_user (id, password, username) VALUES (1019, '$2a$10$.TFL9eSrRshNIfsWRx8FuumbSIxGmT1G1d1np59F66C32KGDkxA3e', 'Radek 맛lak');
INSERT INTO public.pop_user (id, password, username) VALUES (1020, '$2a$10$aIl31Tb7PTXIijwU7BiDY.fFxT88CANvW3YS.pTSPALd152GaYmnC', 'Kate콏ina Valch치콏ov치');
INSERT INTO public.pop_user (id, password, username) VALUES (1021, '$2a$10$6C7jMJ/tF9JKuPToouROkOHvxjxKHvF4A0Sec2gbzduNeppUhhuNu', 'Radim Mikul치코t칤k');
INSERT INTO public.pop_user (id, password, username) VALUES (1022, '$2a$10$zuvPeZ.rymEbQ5d42FV5/eFtIRSiN.WD1LyR8JaBkgrAIPZjvNrIa', 'Daniel');
INSERT INTO public.pop_user (id, password, username) VALUES (1023, '$2a$10$oHR1SxPOvNJ9LIvKkCHCM.y96jPiS7RLW9IwWig/KD0c88u9h8UD.', 'Ond콏ej');
INSERT INTO public.pop_user (id, password, username) VALUES (1024, '$2a$10$Wqj.gHfJPZcsdV2Jr6J8kelBBAzQaw1S9UbvQLiv1ciHhcrdh1ovG', 'Tereza Martincov치');
INSERT INTO public.pop_user (id, password, username) VALUES (1025, '$2a$10$M0EO7bu679P3BUL2etCnK.wAWXd2mXcI62po0UQCl1fAjizNlKp/2', 'Matej');
INSERT INTO public.pop_user (id, password, username) VALUES (1026, '$2a$10$ovPDi6fPp83n9xb/ain81u53UyZCUwcKVhQB.8vWUeNUl5wSPiDrS', 'Daniel 만fr');
INSERT INTO public.pop_user (id, password, username) VALUES (1027, '$2a$10$ze19Ria4FSGYdaPFDkybpu.Tm8DxtS6ewkPoDZQkt2nn3DVb6tY/C', 'Du코an Ko코eck칳');
INSERT INTO public.pop_user (id, password, username) VALUES (1028, '$2a$10$OKppb7T7oxEn0ec4wh3VxO6Awu4xTKKgUMol75lv7mFbh91XA0ZtK', 'Tom치코');
INSERT INTO public.pop_user (id, password, username) VALUES (1029, '$2a$10$Gg8GSOkEi1JXdDhOv/.M7eoUqDgTbYj9g3h4.WIIr.xLOvLVkEK2S', 'Kocur');
INSERT INTO public.pop_user (id, password, username) VALUES (1030, '$2a$10$YS/c.MNwPnKEYyHrUwEIfOzUTTxNjpiD3loAne3o4qcIMds.oGaXm', 'Petr Rapant');
INSERT INTO public.pop_user (id, password, username) VALUES (1031, '$2a$10$46tjm8xpp.l345ERvKI5dug/V2u4TdkptxVPeROrQm5LGc2zYdymW', 'Jaroslav 콯칤dek');
INSERT INTO public.pop_user (id, password, username) VALUES (1032, '$2a$10$JvmZCK.5g10SX/n0Urfa8unh1mdryauzgweiWB0BEMKh.DTt.GWO.', 'Kate콏ina Trnov치');
INSERT INTO public.pop_user (id, password, username) VALUES (1033, '$2a$10$B.GZSmjZcZ9cUVUExTX/gudwZxqpjlWuwVFSKcs0HKPnvzYvCBnau', 'tom blazek');
INSERT INTO public.pop_user (id, password, username) VALUES (1034, '$2a$10$.FV4.bkp0eAub4xLvNAq6uuDVaG1FP0QIPd2raqXJeSUAgJKug9Y.', 'zuzana tajzlerova');
INSERT INTO public.pop_user (id, password, username) VALUES (1035, '$2a$10$MUEgQ6gVB4yVT8dwsml1rubdNb3q4lzca97u2qi1TOpi7W9xhuB1S', 'zdenek vychope켿');
INSERT INTO public.pop_user (id, password, username) VALUES (1036, '$2a$10$HIA7K2U38E1NsfcZyrqtwuAQyKC2sZRzVXc5RMWWvXUVEIQNe3c0y', 'Jenifer');
INSERT INTO public.pop_user (id, password, username) VALUES (1037, '$2a$10$bun.IPJc.4clWUKxPavUseFNP8N/dl6ypVxLq5oxk22EBzVDzIU1a', 'Marie S치dl칤kov치');
INSERT INTO public.pop_user (id, password, username) VALUES (1038, '$2a$10$JBL9wgXIzqa8rHqgOl0juOLcrJh1HJ/9bnCB0dSWbNCQ7cBN12kz2', 'Loll칤nek');
INSERT INTO public.pop_user (id, password, username) VALUES (1039, '$2a$10$Af.iEeTgLJTl.mQVw8L70.8HIz3PWNtgECDPinWW/q59s.vdqV0X2', 'Hanicka');
INSERT INTO public.pop_user (id, password, username) VALUES (1040, '$2a$10$NfwxCEyWgMi58MOh19R4dOejUFbAoIyPd1mld44ET7Gk6.0ghQjqK', 'Kate콏ina Tilscherov치');
INSERT INTO public.pop_user (id, password, username) VALUES (1041, '$2a$10$J6ILKqDkLhTy4RRI0YRGFOh64qEW1VkmmDRrOypqivx3gQjgGaqtW', 'Maty치코 Bla쬰k');
INSERT INTO public.pop_user (id, password, username) VALUES (1042, '$2a$10$s3HnWsy6tdE5r/EqcsfdXukhvcK0pdooNe6HiLrtUOlD3JwwtP8I.', 'Richard Filak');
INSERT INTO public.pop_user (id, password, username) VALUES (1043, '$2a$10$Rxe7mrUW7HavPLHyP02An.8tsnw0AxzKq94M72MkU6b.Eroy/Y6WK', 'Ad칠la Morvayov치');
INSERT INTO public.pop_user (id, password, username) VALUES (1044, '$2a$10$XUWWa.S83BEW8SzjhI8yc.zHc9bU2XQShMio2D8r2OUN0W0FTWO36', 'Lidkadob');
INSERT INTO public.pop_user (id, password, username) VALUES (1045, '$2a$10$RPVH6UdL1dNEaWbyDJ7YE.m.G00RFLsM6C6RCf8RYhyH4/kIcZTcC', 'Jind콏ich');
INSERT INTO public.pop_user (id, password, username) VALUES (1046, '$2a$10$HSwcsWPfRI.T8Q6i6yFWkumy1xxJ6G96sxvjdSKVXlnhlLmScqza6', 'Petr Kr치l');
INSERT INTO public.pop_user (id, password, username) VALUES (1047, '$2a$10$0KPhbgEon0uL8.BnDmPfZOkz4FnSTqvE7xNknFmYxz7WnMt6t5B5G', 'Petr Je콏치bek');
INSERT INTO public.pop_user (id, password, username) VALUES (1048, '$2a$10$96BeyiC7Ysvi1j4pWISYB.rAUvIxQzs1fsV.4V4n1p67HPs0MA6l.', 'atomsova');
INSERT INTO public.pop_user (id, password, username) VALUES (1049, '$2a$10$2qRfqC0dq4ALJwYatHyr4eTAYSVV62PfbEVql7By0JpNG8wlPBScG', 'Ji콏칤');
INSERT INTO public.pop_user (id, password, username) VALUES (1050, '$2a$10$gctFLk.ywuuTChiX2jAemOuPN/5AhUcF.qH3mXcvDmsVIOp/I/bDy', 'Jord');
INSERT INTO public.pop_user (id, password, username) VALUES (1051, '$2a$10$nGHxUIsIQihTlBsBPf1gouYbRq/uYTT/x816yH3yE7JpZbeW45/Ne', 'Kate콏ina Miku코ov치');
INSERT INTO public.pop_user (id, password, username) VALUES (1052, '$2a$10$zaOn7Hdmm3rTIsCLkqKsT.YkLngykjUZdGGA4P4OPcblW3sNxrorK', 'Team_Arnie');
INSERT INTO public.pop_user (id, password, username) VALUES (1053, '$2a$10$Su34NeZtxNV7./F/NaMSWui0FEinJgm89EecPugnRDx0tPtrUSdWq', 'Tom치코 Valigura');
INSERT INTO public.pop_user (id, password, username) VALUES (1054, '$2a$10$8DEyiw1zSfjblmKPiDpizuz8D.kNUW.yiSWzDQNyfALt1iBWvKwJm', 'Jan Sypt치k');
INSERT INTO public.pop_user (id, password, username) VALUES (1055, '$2a$10$NUW2z1TqK.2PSfu5Cu5BCO/qiTU2DLU9TwNKWCnJiQP778G3mpqFy', 'Eva Mikulenkov치');
INSERT INTO public.pop_user (id, password, username) VALUES (1056, '$2a$10$UgjN2Wt13jirGiZnswPpxuvUyuc4XdZrq8ZhNkJVQ9cM2WW7qxjnS', 'Daniel 2000');
INSERT INTO public.pop_user (id, password, username) VALUES (1057, '$2a$10$0hcdeI0CGzVAyvr0E57L9us.cR5mtkKmAbe6i/SfztwtUaeL.QiTO', 'lukas krahulik');
INSERT INTO public.pop_user (id, password, username) VALUES (1058, '$2a$10$EDfNbw1s/lDF2OkB7fzwe.T7Pa5fitpV7ocACvbG9lKpS0KmvB5NO', 'Petr Kun캜ar');
INSERT INTO public.pop_user (id, password, username) VALUES (1059, '$2a$10$fTlta4n8jDzEKiLbD.WQQ.x1Cys3XO7EWqEVxftgweb6Ttyb3T5mC', 'Kub치t');
INSERT INTO public.pop_user (id, password, username) VALUES (1060, '$2a$10$GKXlpA2du2mTuAIQkwi9f.BxiSVHa1Qv0bIyV5h478vNN74IeLjGC', 'Radek S치dl칤k');
INSERT INTO public.pop_user (id, password, username) VALUES (1061, '$2a$10$uZOw6b8UFzW4XPmdTgHAuOK.Itk6ttPKADB2B3/EPTLADawzpoeLe', 'Vlastimil Volek');
INSERT INTO public.pop_user (id, password, username) VALUES (1062, '$2a$10$xJs.JTDJ0itVjqh6GPAZk.xrBd7.nj7Yj2VMBOegLUmHIZ3SaVnZu', 'Ji콏칤 Keszegh');
INSERT INTO public.pop_user (id, password, username) VALUES (1063, '$2a$10$Izv.EPsembgHCXSSNbdGQeSewCSxzp7zovKb290rtMwT8cp43dvTO', 'Jind콏i코ka Sk칳vov치');
INSERT INTO public.pop_user (id, password, username) VALUES (1064, '$2a$10$sCLOrkmjB6ZQsPP/Lq0ZruQUAOhovgBK0bjY6e00P2UGPcO5c7aGi', 'Zuzana Huskova');
INSERT INTO public.pop_user (id, password, username) VALUES (1065, '$2a$10$Ln/JP20G7e5deQ1hg.YVH.K0OjZCnCc5O3DLDrgmw2.uSgqHpTjMu', 'Tkadlecov치 Hana');
INSERT INTO public.pop_user (id, password, username) VALUES (1066, '$2a$10$xNfJ4qGI0zztvz.IziKigu/7AruLH2sclPwB7sFgHOasCbHXJ1tq2', 'Josef V치clav칤k');
INSERT INTO public.pop_user (id, password, username) VALUES (1067, '$2a$10$nuB6ADXi3Q77bgfd1Sd54.0dC60J2/8.SyksCmIaMrpdIJIHsf832', 'Krisrina Da켿kov치');
INSERT INTO public.pop_user (id, password, username) VALUES (1068, '$2a$10$fLlPgtzk7I.0ON12kC5uXea7HxaHmKIcqOTBYVXJmtMaqEKiIR6H2', 'cibi');
INSERT INTO public.pop_user (id, password, username) VALUES (1069, '$2a$10$Hyw1t3TvQv6F0oQvopylV.bJz1wF1/FSHrL3RfYt6YPxSVeJiFnle', 'Marek H치na');
INSERT INTO public.pop_user (id, password, username) VALUES (1070, '$2a$10$tG0xgkSoF8lyx.ZvTOi4q.zJkoB2gBsWLwReI0yiBCDVaO8NdTEP6', 'Josef');
INSERT INTO public.pop_user (id, password, username) VALUES (1071, '$2a$10$AJjSh3Vr05Ggzb2aPmgOOOCOizZDyzVY3iQ3ZUxiODocsYJn0rnRS', 'Vagant');
INSERT INTO public.pop_user (id, password, username) VALUES (1072, '$2a$10$yDwqDGE7D7BpY2h6YdtjH.etEgjZxflP85dEbaUTGQIQUliVkVZzS', 'Ondra Vychope켿');
INSERT INTO public.pop_user (id, password, username) VALUES (1073, '$2a$10$j8dyFgkp6mI/piNCm80sj.9uWWHzJrAmcX7JQmLL3VddcurRPYhvq', 'Luk치코 Drga');
INSERT INTO public.pop_user (id, password, username) VALUES (1074, '$2a$10$9DZmYVcSoxRxcMx30SM6V.BwP9XiLvayP55bvOaFBI9j0Gz5ny91G', 'Simona Da켿kov치');
INSERT INTO public.pop_user (id, password, username) VALUES (1075, '$2a$10$H2snDB.R/aUjavQg9Qlvi.0aWcsj8hSNG7demcdh2q5jrGX6Tnjlu', 'Vlastimil Baletka');
INSERT INTO public.pop_user (id, password, username) VALUES (1076, '$2a$10$Q/UNmHYPdwjpwN0tzeZr3uSITs3/1.xoR8MmLGRE17yLmwGU44K7G', 'Terka Mikulenkov치');
INSERT INTO public.pop_user (id, password, username) VALUES (1077, '$2a$10$6Vh6stDcZY2081BK6Awtzu0GfHBiIlx3nZeSHFyB0RVpUo5GpndR6', 'Jana Hofmanov치');
INSERT INTO public.pop_user (id, password, username) VALUES (1078, '$2a$10$F/VOfLnX8twxuosBPl.1GOklQAggd92tJaPDR6ULlMKCPqIH161Mq', 'Vavru코 Martin');
INSERT INTO public.pop_user (id, password, username) VALUES (1079, '$2a$10$InRMK.VnYOUsbjg0VJD4JeaiEwe1vkhhETKjGn22.v2LiIi7kQJj2', 'Radim Dan캜치k');
INSERT INTO public.pop_user (id, password, username) VALUES (1080, '$2a$10$U27WPPzMT4ZNglvbhLWMB.UEjj.KcADIundhpVN3qAzob92ooqpS.', '');
INSERT INTO public.pop_user (id, password, username) VALUES (1081, '$2a$10$29vm8GberAn.0.NeYHm58eeOdUID/26N.BTrZagVGNwZl0tUYtEEO', 'Pavla');
INSERT INTO public.pop_user (id, password, username) VALUES (1082, '$2a$10$ZCRSb0b3KfKVUOyF.fSEM.NYxpllH06CavsmAiIR8Hj/u7x.wiNNy', 'Pavel Pol치ch');
INSERT INTO public.pop_user (id, password, username) VALUES (1083, '$2a$10$Fd/kUq1mP3ICiU5ZUBexKuH1Ljn18ueVgza.8fZnOlefK9IVU6qlO', 'Pepe');
INSERT INTO public.pop_user (id, password, username) VALUES (1084, '$2a$10$H74xTUueScxAV4mPq6iN/u.nBth7y3PKoD6Uf3g19mZkzbMGpjWO.', 'Lidu코ka Pt치캜kov치');
INSERT INTO public.pop_user (id, password, username) VALUES (1085, '$2a$10$L02BLT5IB8GVjZ5EU7tGv.7AxMKPJJINP80.LrLbQZ.XPNf/L/8LG', 'Zuzana Srbov치');
INSERT INTO public.pop_user (id, password, username) VALUES (1086, '$2a$10$sX3rPLEwGyAXWjAM5/eXkeJUAs5vgsZioMtP0xQPauSyaPmhD/yyC', 'Josef Pepe Pt먟껸k');
INSERT INTO public.pop_user (id, password, username) VALUES (1087, '$2a$10$K8zwqRhbY2zXQfWIh9572uVI2y1jR/fJQ3MV4REion7tNRSAp2lx2', 'Ji콏ina');
INSERT INTO public.pop_user (id, password, username) VALUES (1088, '$2a$10$g.vdLupQhrH58.eaTbWHPOcFZ460NOp.k.jx5ADKpOkYJs2K5p49q', 'Daniel Pastorek');
INSERT INTO public.pop_user (id, password, username) VALUES (1089, '$2a$10$kelUhiOVrMMr9Go/MtWs3OmKn3TycABw57dfjURUWeB7hIJJ3WlXa', 'Monika Kindlov치');
INSERT INTO public.pop_user (id, password, username) VALUES (1090, '$2a$10$976o/eSvs/bNJq6BGj5ZlesmqLODuoNhgKUw2RByc9Q1re1VqzPP6', 'Mon캜a Kindlov치');
INSERT INTO public.pop_user (id, password, username) VALUES (1091, '$2a$10$.j3X6UCbVcpPYQszUCjvuuDwR4cUMcaI.c9xfIMtkBtxGd5kImZ9y', 'Gimli');
INSERT INTO public.pop_user (id, password, username) VALUES (1092, '$2a$10$hiD.xYxHLCHBCkWj4XWl0erJvLRNedGm3m3j5.d2ZCdTaUJ8aSSrS', 'Martin 맚ach');
INSERT INTO public.pop_user (id, password, username) VALUES (1093, '$2a$10$lwrpsnCI9oxJxXeNtsSlQe5UNIrLRfawc.B2jNVCQAgJZeulh4L6K', 'Marek');
INSERT INTO public.pop_user (id, password, username) VALUES (1094, '$2a$10$AK/qxMZ/wso1yanPai/wF.PKCcjs/qnITn6dGfbcjvO30y6FgtD8W', 'Ka캜a');
INSERT INTO public.pop_user (id, password, username) VALUES (1095, '$2a$10$td2VrzJQMCz8Hd9qtynJiuywHtAEKR7SA9MlzjWOFccX.JsdnsglK', 'Jeny');
INSERT INTO public.pop_user (id, password, username) VALUES (1096, '$2a$10$d6xgQHyEKjm7fdu1jUfdAOwx01EuI.R7GbbO62L/YRdSrorPpDK76', 'Daniel Tome캜ek');
INSERT INTO public.pop_user (id, password, username) VALUES (1097, '$2a$10$DUvmJydtqqS/2jlMqlSaouT1zOJLxwkaALU/2bzWSv/jAaIWqMmQG', 'marie vankova');
INSERT INTO public.pop_user (id, password, username) VALUES (1098, '$2a$10$8a1Asui4saSfEnzOIN4gAOygNGxZmS76/ylK0sbb4JMjPnRqcT3uG', 'Terezie Va켿kov치');
INSERT INTO public.pop_user (id, password, username) VALUES (1099, '$2a$10$X.5krKiD7iz9qK6cEAv.4..8OmBcfuGWeyuNmrsLzOFZn6k0jYI2i', 'marie va켿kov치');
INSERT INTO public.pop_user (id, password, username) VALUES (1100, '$2a$10$GTEHv.F4QaUC5uk5sYoCCuP2XLPQPHNQRjAAZtO45A6kdlYml5khG', 'Hana');
INSERT INTO public.pop_user (id, password, username) VALUES (1101, '$2a$10$iZaHLJMckEX8F5/U82xT9uvdJrOe0SJ5RtpuBADzXKJjnBj23TcWa', 'Dana');
INSERT INTO public.pop_user (id, password, username) VALUES (1102, '$2a$10$n5C0CSKUuxqJIrAto5FXpOm1eaMQvMPls/LuGrApb0flno30AVmgO', 'Michaela Kal치캜ov치');
INSERT INTO public.pop_user (id, password, username) VALUES (1103, '$2a$10$Bf6Y08WXIxnQ0kKOuqxDQ.bIhhP88XB6teNNB9cQFBNMUni0fUQty', 'Ond콏ej Zm캩l칤k');
INSERT INTO public.pop_user (id, password, username) VALUES (1104, '$2a$10$hhpktJ5nczYly89T1R3ZWefXEnDLaYN8skLMH/KuIEDg/bfIMZPDi', 'stanislqv Filgas');
INSERT INTO public.pop_user (id, password, username) VALUES (1105, '$2a$10$hS3DN0afOHWbMC9/iIxW0./GrpUiEQNbIACA/ed/zrrq0K1sQs9DG', 'Jind콏ich Bajger');
INSERT INTO public.pop_user (id, password, username) VALUES (1106, '$2a$10$3k8I7gTiVC5givWIXwxlHeGY4wyJRg29hK9UI52./xYt6uIPuWE.S', 'Jaroslav Bajger');
INSERT INTO public.pop_user (id, password, username) VALUES (1107, '$2a$10$BDqdNxtjrMUfRRpQvHirKeic0MUEmgzXXGnlzVhb/eOA33pLlK8Ly', 'Ivana Drgov치');
INSERT INTO public.pop_user (id, password, username) VALUES (1108, '$2a$10$fxCFLtUjstZISdDCCsftD.TOoNs75hL3czOE9uW6MYESYRuoMX.mm', 'Stanislav Filgas');
INSERT INTO public.pop_user (id, password, username) VALUES (1109, '$2a$10$aIq0kdQccbqnpL8EZFZHM..Rbe141.ZySg75TCJxziroCi7XMyVNq', 'Franti코ek Brlica');
INSERT INTO public.pop_user (id, password, username) VALUES (1110, '$2a$10$kW5TgdamjrlDGDvWvuhw0.5qKXPnxQX9jOffR8n3uoJBWH/zfVVSq', 'Martina Novosadov치');
INSERT INTO public.pop_user (id, password, username) VALUES (1111, '$2a$10$z2G0/ekzyL9B4uI77WBUiO7j0xk4zwJX7p0feK/V7jF0u3FMY6vtK', 'Radim Ol코치k');
INSERT INTO public.pop_user (id, password, username) VALUES (1112, '$2a$10$xujZv8elWQC8bAfwf3PZee2.FzWMlCnKNqYtGeUq36OnsdO91Q3ve', 'Jan Hrt치켿');
INSERT INTO public.pop_user (id, password, username) VALUES (1113, '$2a$10$Lgg8Kcvgfxm85NhPJ6BCvO65Tkk/mZEprV4fGsC1KWImbxMx2cMAC', 'pavel');
INSERT INTO public.pop_user (id, password, username) VALUES (1114, '$2a$10$68XiZCVZjnOn0gfR66XdEekpwMGcBJeGBH5fRjXM9dQoSjGLoQZB2', 'Martina Pruknerov치');
INSERT INTO public.pop_user (id, password, username) VALUES (1115, '$2a$10$lhGqejO8SBI1CkxGidsPB.Y2A7DMAoAEEgRCQCXdrAAImcBj1l6SS', 'Daniel Kub치캜ek');
INSERT INTO public.pop_user (id, password, username) VALUES (1116, '$2a$10$az47l68gJBr9UWza6DsRo.bHZb66CEaI8xAoYVOTjn3LT.l65.Z56', 'Tom치코 Zubek');
INSERT INTO public.pop_user (id, password, username) VALUES (1117, '$2a$10$FrxmhXIAlfJ19MKZ9pPVTuCMfKqDZP2dl962L7ZUYNaFxwafPozPO', 'Karel Nemme캜ek');
INSERT INTO public.pop_user (id, password, username) VALUES (1118, '$2a$10$v0q0Wb4dRAXDcx6r11dlr.IVrKQ06rxBs75BDvQMFnsjqMmLuVkZW', 'Fru fru');
INSERT INTO public.pop_user (id, password, username) VALUES (1119, '$2a$10$DrGM.TuY0pgnB0q/25Y.V.ywl6ElJwwOLY98PONy3w1j2DmhtNAgm', 'magda');
INSERT INTO public.pop_user (id, password, username) VALUES (1120, '$2a$10$x0FvP1xG7wEJqLJaV8kd8ObFmEvjovsrULtudDegUE2umBFdiJq.i', 'Zbyn캩k Srba');
INSERT INTO public.pop_user (id, password, username) VALUES (1121, '$2a$10$P9KlYlKIAfqNlq9M7dppReN/6BRlevSuR.Yy7Voww9GUAZKoVdrIO', 'Zubr');
INSERT INTO public.pop_user (id, password, username) VALUES (1122, '$2a$10$9n/pORQqwXkQJRUcdwkooeFp84wnFtKV681wKhgnStIvG4C8BG2XG', 'David Kov치콏');
INSERT INTO public.pop_user (id, password, username) VALUES (1123, '$2a$10$qjRBvwym9IPXxrZlv0KMMu9L0EsOYGDBddiWneajiFEF.zKzXYvQG', 'oldrich komarek');
INSERT INTO public.pop_user (id, password, username) VALUES (1124, '$2a$10$ll3SXmrMhBMv2SnCLeKZmuaxlOL5lp5djUuH6LBIHdLc7eGEaVG3y', 'Karel N캩me캜ek');
INSERT INTO public.pop_user (id, password, username) VALUES (1125, '$2a$10$6MzfA53yx1JWMyG4Z/0U/.b/EGVGX5BtoG7hgGonalIXwkTatYU2e', 'Tz');
INSERT INTO public.pop_user (id, password, username) VALUES (1126, '$2a$10$XGKXDkc0565l32cjcLAD8e52nGdvOP9.MZi1CXbpjbrz0qtic6Bae', 'Pavel Jochec');
INSERT INTO public.pop_user (id, password, username) VALUES (1127, '$2a$10$nrrKpmGKe1XO7Yg8ydFOE.0oe8xMHVDVl1HaZ1ra0roslwM0S8o7a', 'Buficzek159');
INSERT INTO public.pop_user (id, password, username) VALUES (1128, '$2a$10$Cz30ivDQGkJUlRWJ/72sDOtMzJUMZ4IvKiZ4Vj0g0OEix448dl6r2', 'Zub');
INSERT INTO public.pop_user (id, password, username) VALUES (1129, '$2a$10$.wrA4CHFu1m9zDX/1UiU8.e/AHHw3N054h26rbetfkp2I0hsTux4O', 'Michaela Filakova');
INSERT INTO public.pop_user (id, password, username) VALUES (1130, '$2a$10$hbYkneGkpk1RYbFE5Zuas./Tl7mGsmBFqdHJ4Sm36yswjJ5.II5yG', 'Michal');
INSERT INTO public.pop_user (id, password, username) VALUES (1131, '$2a$10$wSrPwozJ71yn62nr3S1o.evj7KdDa1Jfmk23ACwBiivbuhg2F.0we', 'Veronika Hy쮂멺ov치');
INSERT INTO public.pop_user (id, password, username) VALUES (1132, '$2a$10$.o4hhCiOIkBwsZhMAgy8K.xgoXPfOy2wK/dNdY8B6c8gW5MEur28y', 'Ad칠la N치코elov치');
INSERT INTO public.pop_user (id, password, username) VALUES (1133, '$2a$10$gbblmedSTHRWDj1rSThP5u28cJCEPBxyG5wdsPhQkxFS95MCXJMwq', 'Adushka');
INSERT INTO public.pop_user (id, password, username) VALUES (1134, '$2a$10$h8PAO8FAEma8bEzLOTPz8.Y1.FM18AP5dNtpP7Cf/w8Ne2TFXOXLu', 'Tom치코 Povala캜');
INSERT INTO public.pop_user (id, password, username) VALUES (1135, '$2a$10$oESyVRN92Cw1084MeVTUYOTWwTUkzqtAGO2BGVHFX2o5bG2lcDaFy', 'Olga 맜adle켿치kov치');
INSERT INTO public.pop_user (id, password, username) VALUES (1136, '$2a$10$CyVcsoVjursxQhGeRpKFUOTGk.MRs/89EITKimrpI6lI8km/Ce7W6', 'Ivana');
INSERT INTO public.pop_user (id, password, username) VALUES (1137, '$2a$10$A2qJJbEduE0OOXE41OTRsuU2PuYeOJak.QMIbfJPyy3JRuc3CMseS', 'Ji콏칤 Polansk칳');
INSERT INTO public.pop_user (id, password, username) VALUES (1138, '$2a$10$aklBHSc8Kt6KnHdIRt8/B.Ii4r17HzKtLqiHJq.8DbjfqZ3yc6Kxy', 'Ivan Fil치k');
INSERT INTO public.pop_user (id, password, username) VALUES (1139, '$2a$10$voT6yhpTfpuqEDVsQpMfe.4wvmzkhJosSBn7NthcSuIqniIg/Aq1a', 'Plavec');
INSERT INTO public.pop_user (id, password, username) VALUES (1140, '$2a$10$NMqtFyFxMsBcfFESP2l75.2.clnTZKXvKbNO3zWPO/uLtnWcCU9H6', 'Michal Pol치ch');
INSERT INTO public.pop_user (id, password, username) VALUES (1141, '$2a$10$7fqbdaXE4CNXBaxLK.S3RexmkGI56AfvVroSIG7Y3gqNJ7oAPMWyG', 'Lenka Pol치chov치');
INSERT INTO public.pop_user (id, password, username) VALUES (1142, '$2a$10$.ATm.7lH/peWrOOXCKEubedcBzPBRgJspAwoOEe8kdUgQ3dq1VITC', 'Patrik');
INSERT INTO public.pop_user (id, password, username) VALUES (1143, '$2a$10$DNl4WAR6s0ylPxF8Q5UYV.Vu0vpW75ZslMHUfFZvcx0lc3xqKzRG.', 'Radim Filgas');
INSERT INTO public.pop_user (id, password, username) VALUES (1144, '$2a$10$WqWL6eSj5MoeNBVCqqHRq.sL57t1axAH9nBavsEZTrOC2o.hUdJHS', 'Roman');
INSERT INTO public.pop_user (id, password, username) VALUES (1145, '$2a$10$ftT8F0BihVuZaYT80PTiOupzmRMbudkSTs0JWaIIzuA1ykRfJPJuS', 'Jelen');
INSERT INTO public.pop_user (id, password, username) VALUES (1146, '$2a$10$y0v2jnaRA.xEQ6E4BWZ7GOQz2R7K68/QmqO.I1UaezUtsZRkNucDS', 'Pavel Bud칤k');
INSERT INTO public.pop_user (id, password, username) VALUES (1147, '$2a$10$n.TT8UkkN4iW5Lq9KL6fluO57YJl7C3RiosWey7jCm98TSIAveTZi', 'Barbora Holubcov치');
INSERT INTO public.pop_user (id, password, username) VALUES (1148, '$2a$10$nItgHFrq3Il0Wfq.0ffwz..y/LrorPlyG.t7NeO7G4UDF8SZUkItS', 'Ond콏ej Sopek');
INSERT INTO public.pop_user (id, password, username) VALUES (1149, '$2a$10$xBRvOEwr5N6VOA8vrdxdjOgPEkLk0SJIDIcWmJ77SO.CeaDF5ZI2y', 'Marek Matus');
INSERT INTO public.pop_user (id, password, username) VALUES (1150, '$2a$10$c9FKmextfzqJ2ynq2.y8dusr.6R186jPSRnF2mljCeL7/Q2oHTy7G', 'Michaela');
INSERT INTO public.pop_user (id, password, username) VALUES (1151, '$2a$10$scM.b8HuyY68tABUZO/0jOIJQ3rvsCkA8CxcUEe1aIpUr8sxAs4Uu', 'Michaela Hanzalov치');
INSERT INTO public.pop_user (id, password, username) VALUES (1152, '$2a$10$zHWBVGyDzKBoVZMkv3tD6ObO5ej5O0ClDPfQIp9Xsui4dBOb/H1Ri', 'Jitka');
INSERT INTO public.pop_user (id, password, username) VALUES (1153, '$2a$10$HqLOqtSXB6nCp8BuW7azoetDq/Frt2yoQvGeyrQEupLf7tQJqJ1nW', 'Radom칤r Hromada');
INSERT INTO public.pop_user (id, password, username) VALUES (1154, '$2a$10$fq5eDKugLWmgbror6BhYkO8sxGrcung7zjZ6X6GnuR597UD3SQmjq', 'Jehn캩');
INSERT INTO public.pop_user (id, password, username) VALUES (1155, '$2a$10$hw2rBOeeXmsM4dmcWD1Gt.sL0AkNebx74GVvtjnD/ebFIIhCpvUxO', 'Filip');
INSERT INTO public.pop_user (id, password, username) VALUES (1156, '$2a$10$4S8bvN9CDcXCSAMJ1AxSxekfIZw0M6ZQVNJb9FKFuFw3COwoQN9eK', 'Tomas');
INSERT INTO public.pop_user (id, password, username) VALUES (1157, '$2a$10$eRy5shTUNw179vsp8XigbulUvEy5EOGhoJJaf1EtNg5A1LHrCM6ii', 'Renata Vychop켿ov치');
INSERT INTO public.pop_user (id, password, username) VALUES (1158, '$2a$10$zFSccXAsHgo6W88uDiJr8OjE62kqcMnIWkhpnpQs2ifuE15R7QYUy', 'Ond콏ej Dan캩k');
INSERT INTO public.pop_user (id, password, username) VALUES (1159, '$2a$10$.A1XgmgGl5mqXtrvtQE8t.2MwfIGOB44uI9EfHYyNfeJ26NA67vZa', 'Pavel Zigmund');
INSERT INTO public.pop_user (id, password, username) VALUES (1160, '$2a$10$1t5YN3tDSheA4XsrvjxK7e8TG4hxHPYz4oiBr6zH6kN8ZT7TSgd6K', 'Martina');
INSERT INTO public.pop_user (id, password, username) VALUES (1161, '$2a$10$ZtyRFKZM0OWHSMO9s8cahu.Tdz2UePCZ6ZM5tVqT71hkqHGT9CX9S', 'Eva');
INSERT INTO public.pop_user (id, password, username) VALUES (1162, '$2a$10$WAAggqaCixheH9Gc8NXjbOofSGG4rEma0rxmpJKUmuu.DL4MXjRgO', 'Josef G.');
INSERT INTO public.pop_user (id, password, username) VALUES (1163, '$2a$10$2z.bTSY0DMg3RzULu4lQ1.gIs/rSn9sBumwOGppc924TU04BEJe9i', 'Mark칠ta 맚achov치');
INSERT INTO public.pop_user (id, password, username) VALUES (1164, '$2a$10$jo5hJNjhRWwX3Hrm94hyiupe33vz4rhfSFeE4/dUIQAT6fQou5nGy', 'Ali M');
INSERT INTO public.pop_user (id, password, username) VALUES (1165, '$2a$10$3MC.OjP2d/smP9JDZ0C/I.gzB8nngphUFwjb9WvG0oosSW0NhzbVm', 'Ladislove');
INSERT INTO public.pop_user (id, password, username) VALUES (1166, '$2a$10$BGq5EsUjE/GJYfgr/VIhc.CdOu/Fub9rR1RADl7JmvzCraFW20D/C', 'Petr_Dan캩k');
INSERT INTO public.pop_user (id, password, username) VALUES (1167, '$2a$10$vgX.vxZMTdRHyxeN2b8LdOrcpBrlXNzM0v5HimQdjACeEDupczAQ2', 'Lucie');
INSERT INTO public.pop_user (id, password, username) VALUES (1168, '$2a$10$CKlrJD7EWCIHYnd3jT1lA.91XIZbdba7kucrxjfgZrclfLTk9fwGy', 'michal kuncar');
INSERT INTO public.pop_user (id, password, username) VALUES (1169, '$2a$10$H9ipY8kAwwdokvkuJyCyd./LVgWVjRhIFS4bbSZlxA5IAt/CmulVK', 'Petr 말pula');
INSERT INTO public.pop_user (id, password, username) VALUES (1170, '$2a$10$Gkp4VVMtR9vUeI.FYBG25ObTDjI1oZiCKHe//f0y2wq9YC05bpHlO', 'Dan Kub치캜ek');
INSERT INTO public.pop_user (id, password, username) VALUES (1171, '$2a$10$Z9zWmSAs2cxtQM3TnB/iZOmqW2Cz0JXK2YHojeQpw/S4MXOM8uUx6', 'Mat캩j 캛ech');
INSERT INTO public.pop_user (id, password, username) VALUES (1172, '$2a$10$N5C8RONW47Qz6nsN8mEnu.K7PgfovHv10gIo1xIIO0dpb9bk/iY/a', 'Petra Machacova');
INSERT INTO public.pop_user (id, password, username) VALUES (1173, '$2a$10$bnSMvWtWzxbgHMrKHdthg.MFJYyqxVkx4HiDoGCnRDJ0ibxUvHYai', 'Martin Ho콏elka');
INSERT INTO public.pop_user (id, password, username) VALUES (1174, '$2a$10$eE48XeMeXdbrap4QKnzmZuscOXag9259oN7vr.v99E2sZ2dmXxili', 'Marek Sm캩l칳');
INSERT INTO public.pop_user (id, password, username) VALUES (1175, '$2a$10$BnOshfu9OJSwEYYxupb./uI7j0XHAssBfboMhLH.VxJbYl3Gq8KB.', 'Agnieszka Serafin');
INSERT INTO public.pop_user (id, password, username) VALUES (1176, '$2a$10$OgzkYQLoRugzeEGMzSQav.Jrn24vNjJ/tnU0tgpeyHr4pVp6C.hGK', 'Mira Gargul치k');
INSERT INTO public.pop_user (id, password, username) VALUES (1177, '$2a$10$l.9xNEMBEbxQD250ORw0neQ6w01iXCRu.HKeQXuzY.HKBB3oml1Uq', 'Michaela Tvar콢쬶ov치');
INSERT INTO public.pop_user (id, password, username) VALUES (1178, '$2a$10$2lsFt5fRmUiHTkg227DFqOvvxuWapZgsV3WzkcRUmclD29Xomjn4y', 'jakub Van캩k');
INSERT INTO public.pop_user (id, password, username) VALUES (1179, '$2a$10$W58k/Jsa6TyapbKLJ1bNSeefWLBbsVqRklgYjfqUTgnjhWfbxXL4e', 'Jakub Van캩k');
INSERT INTO public.pop_user (id, password, username) VALUES (1180, '$2a$10$k1qem6fu/bCyrkPXd3ThzenUFulLv1n6QVRA5iPiByyaExwKPNUIy', 'michaela hanzalova');
INSERT INTO public.pop_user (id, password, username) VALUES (1181, '$2a$10$vBuz5ImfXo.3e7HXPY9qMu6XbxcfPN3Ktj1TtCgYSVvfVKFlfEqnK', 'Kamil 만r칳');
INSERT INTO public.pop_user (id, password, username) VALUES (1182, '$2a$10$fnB9Xhh6w5GR/xeHRwJiju7zytv5DC0jqAEyZFQv4HEDvFekySpni', 'Nat치lie');
INSERT INTO public.pop_user (id, password, username) VALUES (1183, '$2a$10$7gyylxp3MjErmHDF5XVzTuazrSEe2OwVu7.tKVZ4H6Z4UZe2vcgiq', 'marthy89');
INSERT INTO public.pop_user (id, password, username) VALUES (1184, '$2a$10$yRVIUvQwLEH4rkMwCs68ce3Zxz7b7Vr/yb2r5PYR9UdvY.GWQnkWi', 'ALena Mierna');
INSERT INTO public.pop_user (id, password, username) VALUES (1185, '$2a$10$er.LJkm8Kzo7G3d0ONVqI.HJBaTQQrM79HmpOrZamq6IBkCEZekdC', 'martina');
INSERT INTO public.pop_user (id, password, username) VALUES (1186, '$2a$10$Mf4pO27DvzjL5eumz5I2JOFNFX/qhbwBnsvdi2yctKOYhTtpxu4eG', 'Martina g.');
INSERT INTO public.pop_user (id, password, username) VALUES (1187, '$2a$10$OStHSG1yDIWhkPc0ftnzV.VlZQTZR0AR4JbgKIZHfLZQkKmjkLeG2', 'Radom칤r');
INSERT INTO public.pop_user (id, password, username) VALUES (1188, '$2a$10$1E2NONwhe1DGwQlGCHkW/.mmZ2Xz6g.pg8peWMiY9uaBJSUrvr2Eq', 'Zuzana Mali켿치kov치');
INSERT INTO public.pop_user (id, password, username) VALUES (1189, '$2a$10$BXUaGMPSvcWKGhiQ136DmOzY3A5jL0zaVw3vFdHT0PPfbu2OJdyQG', 'Zden캩k Surovec');
INSERT INTO public.pop_user (id, password, username) VALUES (1190, '$2a$10$DQbTmoenEqA00.Kbj8v5a.fxm330F6Ghb5VR76Fwge9qr9n6VXIHe', 'Jakub');
INSERT INTO public.pop_user (id, password, username) VALUES (1191, '$2a$10$fCGDyyU0h.SxCKSty03E2emSS38RSnlMbEyfLX.VPmXOi0pDyf6A.', 'Ond콏ej Dan캩k ppppp');
INSERT INTO public.pop_user (id, password, username) VALUES (1192, '$2a$10$EGfx6IXTqV//C0jyVG3yGe2EmYT.648bB9rVhW9I4sYDoP9n1KUkm', '먞rka');
INSERT INTO public.pop_user (id, password, username) VALUES (1193, '$2a$10$/8CrX0ft6JV/Q5wLwigdWeB/bjx8oOa4wilOoD1rPW1Bl7i2Qm2sW', '콯aneta Vok치캜ov치');
INSERT INTO public.pop_user (id, password, username) VALUES (1194, '$2a$10$A0avCA1Lcb1O5kYMOFzsz.7otcB906U.dJOf0ZxcGEVUsRWTAYGbS', 'Ludmila');
INSERT INTO public.pop_user (id, password, username) VALUES (1195, '$2a$10$BDRg7.PLHljVhwrESQbneOjGbVNJWwayBm1R./TLl1zNdMirAFPLS', 'petra Skypalova');
INSERT INTO public.pop_user (id, password, username) VALUES (1196, '$2a$10$Uuo9XwpxFBNCxmEzeYgOE.NyPR251ifeHVLfeAOVw6Qau/gLbIcwG', 'Ales');
INSERT INTO public.pop_user (id, password, username) VALUES (1197, '$2a$10$q3mQBIrzzRRFOCtHs43akejwmsjqZjbZypddW.B3zhg3LkFDt1qjG', 'R콢쬰na 맒rlov치');
INSERT INTO public.pop_user (id, password, username) VALUES (1198, '$2a$10$Q7JP2h4tkSC.OMo96R5/I.aOaTbqZD3JCRW9wssEGBfnpAi/EF93S', 'Renata Hrnova');
INSERT INTO public.pop_user (id, password, username) VALUES (1199, '$2a$10$DVMaYEV.JOi59GGZl4xEqe1fs50tSYZFDCtMRphVG1jHWdlVnx7ae', 'Radmila');
INSERT INTO public.pop_user (id, password, username) VALUES (1200, '$2a$10$RFeHoO.qFbBjCo/pwXMnLeLEL308f9cwwUD89sftRJHHt5StqBXfe', 'Rostislav Zvonek');
INSERT INTO public.pop_user (id, password, username) VALUES (1201, '$2a$10$ODQzpl6RlUlTyf4cT6wDHuwg69fXh97o0S/CqvHib8tmwb/EYf8y6', 'Marta Zvonkov치');
INSERT INTO public.pop_user (id, password, username) VALUES (1202, '$2a$10$ajlaL7weFyT77rHJSFeIFOxhxqbsaioXoyA6tJVGDdpWxapJkEyp2', 'Monika Jan치캜ov치');
INSERT INTO public.pop_user (id, password, username) VALUES (1203, '$2a$10$R5.nm4I7h6U9QCqnO0UoyOEVle9YuvAjMZZl3aXRDOU.Aw8UEU4UC', 'Myshak');
INSERT INTO public.pop_user (id, password, username) VALUES (1204, '$2a$10$24w5CwgC/uz6uej6Qak9E.3Uw8OwOEj2CdenclGTERMmQvkhKbtB6', 'Tom치코 Ju콏ica');
INSERT INTO public.pop_user (id, password, username) VALUES (1205, '$2a$10$9ha.00XwJaJ6xZSTWNKOHOXwd6WK1c9KCdr482Px/r7DupZ4bZ/bG', 'Petr Bar캜치k');
INSERT INTO public.pop_user (id, password, username) VALUES (1206, '$2a$10$RW.zZtzRU/WahEbcYtBvj.qqqK8JsW6kcl/jpw2YlYjrlvNQhGuie', 'Lenka Tajzlerov치');
INSERT INTO public.pop_user (id, password, username) VALUES (1207, '$2a$10$c7mVLif1DfcUdD6Yfxywm.0vAhtpe4IvFavTULoniJFCc.1B2U1ri', 'Jan Tajzler');
INSERT INTO public.pop_user (id, password, username) VALUES (1208, '$2a$10$IxT/lgu9kzgMxLmvIGMvoem/z2zU239ggq2F5QRxIVPIRmULZIUrW', 'Martin Hnatek');
INSERT INTO public.pop_user (id, password, username) VALUES (1209, '$2a$10$l0MKOe2IsBeXtcvmX3o3ZOpJwkVYTM0GlEwsMzWECPXDltrid1seG', 'Ludmila59');
INSERT INTO public.pop_user (id, password, username) VALUES (1210, '$2a$10$pYmAYAlpVBNXU2awOzTHMOWqmvk4FIhf1HaSw0yNz0vSce.mhDrH6', 'korenac');
INSERT INTO public.pop_user (id, password, username) VALUES (1211, '$2a$10$QPgozGkrm9UBoge8ReuBXeD8Ub.APWE9cAnoxxDTDGvc9knz2i6Hu', 'Petr L치ska');
INSERT INTO public.pop_user (id, password, username) VALUES (1212, '$2a$10$ktVcJnOp5uE7ahvE1Op1Z.TEVO571uOMHQzuVaBEIuwcRRr5gspw2', 'PetrLaska');
INSERT INTO public.pop_user (id, password, username) VALUES (1213, '$2a$10$7rKx1J.TMYMxXkzZULsA/erw7w8Sy1i1/PfclDHNTgThp/2foG5de', 'miroslav jatel');
INSERT INTO public.pop_user (id, password, username) VALUES (1214, '$2a$10$E4gWpz.tgZfe6C9Iu4HsrOht9d06pdNshT8A3naqrVHRnqIG/244i', 'tobias jani코');
INSERT INTO public.pop_user (id, password, username) VALUES (1215, '$2a$10$iyJbcekO3wdZGDabd3F9hu2KTojp/bzot5.40xz2XHl2cFlbywviC', 'Miloslav Ondr치캜ek');
INSERT INTO public.pop_user (id, password, username) VALUES (1216, '$2a$10$pNKvyWn86AqYJ0tIuwy5oeDmR4QisrO9IsZiH0het9vq9t6HhvKIO', 'Dagmar Pol치chov치');
INSERT INTO public.pop_user (id, password, username) VALUES (1217, '$2a$10$F/H7lfx03yBZbOkhOBFD1.FDCL5OVoPHk1RwvsyBZLTX1MHF.xljG', 'Ji콏칤 Pol치ch');
INSERT INTO public.pop_user (id, password, username) VALUES (1218, '$2a$10$iNsI5Jt6ko.2VgPqlnIwiuR3rLBFKn3RDesPXV4wq0O0NHifnQVfK', 'aneta');
INSERT INTO public.pop_user (id, password, username) VALUES (1219, '$2a$10$LOSnDaSDyBZFz7fmHUNMH.E7CuAGzP7zwXcMLQg0v0G8JTVFqFaVy', 'aneta 코t콢skov치');
INSERT INTO public.pop_user (id, password, username) VALUES (1220, '$2a$10$8AVQ/4KKTTqtsPIaouHKfOxyGVQlvXrjds42UWmLM74swTlRZnt6a', 'Otto Schieferdecker');
INSERT INTO public.pop_user (id, password, username) VALUES (1221, '$2a$10$1bS8Il7XOlhqxDXwR04f6uFYOc8YoV0m9dxxyb07XLrCrqEVES2GO', 'zaahy');


--
-- TOC entry 4391 (class 0 OID 4386894)
-- Dependencies: 232
-- Data for Name: user_role; Type: TABLE DATA; Schema: public; Owner: yvfqbqqqabpzca
--

INSERT INTO public.user_role (user_id, role_id) VALUES (1, 1);
INSERT INTO public.user_role (user_id, role_id) VALUES (2, 2);
INSERT INTO public.user_role (user_id, role_id) VALUES (1001, 3);
INSERT INTO public.user_role (user_id, role_id) VALUES (1003, 3);
INSERT INTO public.user_role (user_id, role_id) VALUES (1004, 3);
INSERT INTO public.user_role (user_id, role_id) VALUES (1010, 3);
INSERT INTO public.user_role (user_id, role_id) VALUES (1011, 3);
INSERT INTO public.user_role (user_id, role_id) VALUES (1012, 3);
INSERT INTO public.user_role (user_id, role_id) VALUES (1013, 3);
INSERT INTO public.user_role (user_id, role_id) VALUES (1014, 3);
INSERT INTO public.user_role (user_id, role_id) VALUES (1015, 3);
INSERT INTO public.user_role (user_id, role_id) VALUES (1016, 3);
INSERT INTO public.user_role (user_id, role_id) VALUES (1017, 3);
INSERT INTO public.user_role (user_id, role_id) VALUES (1018, 3);
INSERT INTO public.user_role (user_id, role_id) VALUES (1019, 3);
INSERT INTO public.user_role (user_id, role_id) VALUES (1020, 3);
INSERT INTO public.user_role (user_id, role_id) VALUES (1021, 3);
INSERT INTO public.user_role (user_id, role_id) VALUES (1022, 3);
INSERT INTO public.user_role (user_id, role_id) VALUES (1023, 3);
INSERT INTO public.user_role (user_id, role_id) VALUES (1024, 3);
INSERT INTO public.user_role (user_id, role_id) VALUES (1025, 3);
INSERT INTO public.user_role (user_id, role_id) VALUES (1026, 3);
INSERT INTO public.user_role (user_id, role_id) VALUES (1027, 3);
INSERT INTO public.user_role (user_id, role_id) VALUES (1028, 3);
INSERT INTO public.user_role (user_id, role_id) VALUES (1029, 3);
INSERT INTO public.user_role (user_id, role_id) VALUES (1030, 3);
INSERT INTO public.user_role (user_id, role_id) VALUES (1031, 3);
INSERT INTO public.user_role (user_id, role_id) VALUES (1032, 3);
INSERT INTO public.user_role (user_id, role_id) VALUES (1033, 3);
INSERT INTO public.user_role (user_id, role_id) VALUES (1034, 3);
INSERT INTO public.user_role (user_id, role_id) VALUES (1035, 3);
INSERT INTO public.user_role (user_id, role_id) VALUES (1036, 3);
INSERT INTO public.user_role (user_id, role_id) VALUES (1037, 3);
INSERT INTO public.user_role (user_id, role_id) VALUES (1038, 3);
INSERT INTO public.user_role (user_id, role_id) VALUES (1039, 3);
INSERT INTO public.user_role (user_id, role_id) VALUES (1040, 3);
INSERT INTO public.user_role (user_id, role_id) VALUES (1041, 3);
INSERT INTO public.user_role (user_id, role_id) VALUES (1042, 3);
INSERT INTO public.user_role (user_id, role_id) VALUES (1043, 3);
INSERT INTO public.user_role (user_id, role_id) VALUES (1044, 3);
INSERT INTO public.user_role (user_id, role_id) VALUES (1045, 3);
INSERT INTO public.user_role (user_id, role_id) VALUES (1046, 3);
INSERT INTO public.user_role (user_id, role_id) VALUES (1047, 3);
INSERT INTO public.user_role (user_id, role_id) VALUES (1048, 3);
INSERT INTO public.user_role (user_id, role_id) VALUES (1049, 3);
INSERT INTO public.user_role (user_id, role_id) VALUES (1050, 3);
INSERT INTO public.user_role (user_id, role_id) VALUES (1051, 3);
INSERT INTO public.user_role (user_id, role_id) VALUES (1052, 3);
INSERT INTO public.user_role (user_id, role_id) VALUES (1053, 3);
INSERT INTO public.user_role (user_id, role_id) VALUES (1054, 3);
INSERT INTO public.user_role (user_id, role_id) VALUES (1055, 3);
INSERT INTO public.user_role (user_id, role_id) VALUES (1056, 3);
INSERT INTO public.user_role (user_id, role_id) VALUES (1057, 3);
INSERT INTO public.user_role (user_id, role_id) VALUES (1058, 3);
INSERT INTO public.user_role (user_id, role_id) VALUES (1059, 3);
INSERT INTO public.user_role (user_id, role_id) VALUES (1060, 3);
INSERT INTO public.user_role (user_id, role_id) VALUES (1061, 3);
INSERT INTO public.user_role (user_id, role_id) VALUES (1062, 3);
INSERT INTO public.user_role (user_id, role_id) VALUES (1063, 3);
INSERT INTO public.user_role (user_id, role_id) VALUES (1064, 3);
INSERT INTO public.user_role (user_id, role_id) VALUES (1065, 3);
INSERT INTO public.user_role (user_id, role_id) VALUES (1066, 3);
INSERT INTO public.user_role (user_id, role_id) VALUES (1067, 3);
INSERT INTO public.user_role (user_id, role_id) VALUES (1068, 3);
INSERT INTO public.user_role (user_id, role_id) VALUES (1069, 3);
INSERT INTO public.user_role (user_id, role_id) VALUES (1070, 3);
INSERT INTO public.user_role (user_id, role_id) VALUES (1071, 3);
INSERT INTO public.user_role (user_id, role_id) VALUES (1072, 3);
INSERT INTO public.user_role (user_id, role_id) VALUES (1073, 3);
INSERT INTO public.user_role (user_id, role_id) VALUES (1074, 3);
INSERT INTO public.user_role (user_id, role_id) VALUES (1075, 3);
INSERT INTO public.user_role (user_id, role_id) VALUES (1076, 3);
INSERT INTO public.user_role (user_id, role_id) VALUES (1077, 3);
INSERT INTO public.user_role (user_id, role_id) VALUES (1078, 3);
INSERT INTO public.user_role (user_id, role_id) VALUES (1079, 3);
INSERT INTO public.user_role (user_id, role_id) VALUES (1080, 3);
INSERT INTO public.user_role (user_id, role_id) VALUES (1081, 3);
INSERT INTO public.user_role (user_id, role_id) VALUES (1082, 3);
INSERT INTO public.user_role (user_id, role_id) VALUES (1083, 3);
INSERT INTO public.user_role (user_id, role_id) VALUES (1084, 3);
INSERT INTO public.user_role (user_id, role_id) VALUES (1085, 3);
INSERT INTO public.user_role (user_id, role_id) VALUES (1086, 3);
INSERT INTO public.user_role (user_id, role_id) VALUES (1087, 3);
INSERT INTO public.user_role (user_id, role_id) VALUES (1088, 3);
INSERT INTO public.user_role (user_id, role_id) VALUES (1089, 3);
INSERT INTO public.user_role (user_id, role_id) VALUES (1090, 3);
INSERT INTO public.user_role (user_id, role_id) VALUES (1091, 3);
INSERT INTO public.user_role (user_id, role_id) VALUES (1092, 3);
INSERT INTO public.user_role (user_id, role_id) VALUES (1093, 3);
INSERT INTO public.user_role (user_id, role_id) VALUES (1094, 3);
INSERT INTO public.user_role (user_id, role_id) VALUES (1095, 3);
INSERT INTO public.user_role (user_id, role_id) VALUES (1096, 3);
INSERT INTO public.user_role (user_id, role_id) VALUES (1097, 3);
INSERT INTO public.user_role (user_id, role_id) VALUES (1098, 3);
INSERT INTO public.user_role (user_id, role_id) VALUES (1099, 3);
INSERT INTO public.user_role (user_id, role_id) VALUES (1100, 3);
INSERT INTO public.user_role (user_id, role_id) VALUES (1101, 3);
INSERT INTO public.user_role (user_id, role_id) VALUES (1102, 3);
INSERT INTO public.user_role (user_id, role_id) VALUES (1103, 3);
INSERT INTO public.user_role (user_id, role_id) VALUES (1104, 3);
INSERT INTO public.user_role (user_id, role_id) VALUES (1105, 3);
INSERT INTO public.user_role (user_id, role_id) VALUES (1106, 3);
INSERT INTO public.user_role (user_id, role_id) VALUES (1107, 3);
INSERT INTO public.user_role (user_id, role_id) VALUES (1108, 3);
INSERT INTO public.user_role (user_id, role_id) VALUES (1109, 3);
INSERT INTO public.user_role (user_id, role_id) VALUES (1110, 3);
INSERT INTO public.user_role (user_id, role_id) VALUES (1111, 3);
INSERT INTO public.user_role (user_id, role_id) VALUES (1112, 3);
INSERT INTO public.user_role (user_id, role_id) VALUES (1113, 3);
INSERT INTO public.user_role (user_id, role_id) VALUES (1114, 3);
INSERT INTO public.user_role (user_id, role_id) VALUES (1115, 3);
INSERT INTO public.user_role (user_id, role_id) VALUES (1116, 3);
INSERT INTO public.user_role (user_id, role_id) VALUES (1117, 3);
INSERT INTO public.user_role (user_id, role_id) VALUES (1118, 3);
INSERT INTO public.user_role (user_id, role_id) VALUES (1119, 3);
INSERT INTO public.user_role (user_id, role_id) VALUES (1120, 3);
INSERT INTO public.user_role (user_id, role_id) VALUES (1121, 3);
INSERT INTO public.user_role (user_id, role_id) VALUES (1122, 3);
INSERT INTO public.user_role (user_id, role_id) VALUES (1123, 3);
INSERT INTO public.user_role (user_id, role_id) VALUES (1124, 3);
INSERT INTO public.user_role (user_id, role_id) VALUES (1125, 3);
INSERT INTO public.user_role (user_id, role_id) VALUES (1126, 3);
INSERT INTO public.user_role (user_id, role_id) VALUES (1127, 3);
INSERT INTO public.user_role (user_id, role_id) VALUES (1128, 3);
INSERT INTO public.user_role (user_id, role_id) VALUES (1129, 3);
INSERT INTO public.user_role (user_id, role_id) VALUES (1130, 3);
INSERT INTO public.user_role (user_id, role_id) VALUES (1131, 3);
INSERT INTO public.user_role (user_id, role_id) VALUES (1132, 3);
INSERT INTO public.user_role (user_id, role_id) VALUES (1133, 3);
INSERT INTO public.user_role (user_id, role_id) VALUES (1134, 3);
INSERT INTO public.user_role (user_id, role_id) VALUES (1135, 3);
INSERT INTO public.user_role (user_id, role_id) VALUES (1136, 3);
INSERT INTO public.user_role (user_id, role_id) VALUES (1137, 3);
INSERT INTO public.user_role (user_id, role_id) VALUES (1138, 3);
INSERT INTO public.user_role (user_id, role_id) VALUES (1139, 3);
INSERT INTO public.user_role (user_id, role_id) VALUES (1140, 3);
INSERT INTO public.user_role (user_id, role_id) VALUES (1141, 3);
INSERT INTO public.user_role (user_id, role_id) VALUES (1142, 3);
INSERT INTO public.user_role (user_id, role_id) VALUES (1143, 3);
INSERT INTO public.user_role (user_id, role_id) VALUES (1144, 3);
INSERT INTO public.user_role (user_id, role_id) VALUES (1145, 3);
INSERT INTO public.user_role (user_id, role_id) VALUES (1146, 3);
INSERT INTO public.user_role (user_id, role_id) VALUES (1147, 3);
INSERT INTO public.user_role (user_id, role_id) VALUES (1148, 3);
INSERT INTO public.user_role (user_id, role_id) VALUES (1149, 3);
INSERT INTO public.user_role (user_id, role_id) VALUES (1150, 3);
INSERT INTO public.user_role (user_id, role_id) VALUES (1151, 3);
INSERT INTO public.user_role (user_id, role_id) VALUES (1152, 3);
INSERT INTO public.user_role (user_id, role_id) VALUES (1153, 3);
INSERT INTO public.user_role (user_id, role_id) VALUES (1154, 3);
INSERT INTO public.user_role (user_id, role_id) VALUES (1155, 3);
INSERT INTO public.user_role (user_id, role_id) VALUES (1156, 3);
INSERT INTO public.user_role (user_id, role_id) VALUES (1157, 3);
INSERT INTO public.user_role (user_id, role_id) VALUES (1158, 3);
INSERT INTO public.user_role (user_id, role_id) VALUES (1159, 3);
INSERT INTO public.user_role (user_id, role_id) VALUES (1160, 3);
INSERT INTO public.user_role (user_id, role_id) VALUES (1161, 3);
INSERT INTO public.user_role (user_id, role_id) VALUES (1162, 3);
INSERT INTO public.user_role (user_id, role_id) VALUES (1163, 3);
INSERT INTO public.user_role (user_id, role_id) VALUES (1164, 3);
INSERT INTO public.user_role (user_id, role_id) VALUES (1165, 3);
INSERT INTO public.user_role (user_id, role_id) VALUES (1166, 3);
INSERT INTO public.user_role (user_id, role_id) VALUES (1167, 3);
INSERT INTO public.user_role (user_id, role_id) VALUES (1168, 3);
INSERT INTO public.user_role (user_id, role_id) VALUES (1169, 3);
INSERT INTO public.user_role (user_id, role_id) VALUES (1170, 3);
INSERT INTO public.user_role (user_id, role_id) VALUES (1171, 3);
INSERT INTO public.user_role (user_id, role_id) VALUES (1172, 3);
INSERT INTO public.user_role (user_id, role_id) VALUES (1173, 3);
INSERT INTO public.user_role (user_id, role_id) VALUES (1174, 3);
INSERT INTO public.user_role (user_id, role_id) VALUES (1175, 3);
INSERT INTO public.user_role (user_id, role_id) VALUES (1176, 3);
INSERT INTO public.user_role (user_id, role_id) VALUES (1177, 3);
INSERT INTO public.user_role (user_id, role_id) VALUES (1178, 3);
INSERT INTO public.user_role (user_id, role_id) VALUES (1179, 3);
INSERT INTO public.user_role (user_id, role_id) VALUES (1180, 3);
INSERT INTO public.user_role (user_id, role_id) VALUES (1181, 3);
INSERT INTO public.user_role (user_id, role_id) VALUES (1182, 3);
INSERT INTO public.user_role (user_id, role_id) VALUES (1183, 3);
INSERT INTO public.user_role (user_id, role_id) VALUES (1184, 3);
INSERT INTO public.user_role (user_id, role_id) VALUES (1185, 3);
INSERT INTO public.user_role (user_id, role_id) VALUES (1186, 3);
INSERT INTO public.user_role (user_id, role_id) VALUES (1187, 3);
INSERT INTO public.user_role (user_id, role_id) VALUES (1188, 3);
INSERT INTO public.user_role (user_id, role_id) VALUES (1189, 3);
INSERT INTO public.user_role (user_id, role_id) VALUES (1190, 3);
INSERT INTO public.user_role (user_id, role_id) VALUES (1191, 3);
INSERT INTO public.user_role (user_id, role_id) VALUES (1192, 3);
INSERT INTO public.user_role (user_id, role_id) VALUES (1193, 3);
INSERT INTO public.user_role (user_id, role_id) VALUES (1194, 3);
INSERT INTO public.user_role (user_id, role_id) VALUES (1195, 3);
INSERT INTO public.user_role (user_id, role_id) VALUES (1196, 3);
INSERT INTO public.user_role (user_id, role_id) VALUES (1197, 3);
INSERT INTO public.user_role (user_id, role_id) VALUES (1198, 3);
INSERT INTO public.user_role (user_id, role_id) VALUES (1199, 3);
INSERT INTO public.user_role (user_id, role_id) VALUES (1200, 3);
INSERT INTO public.user_role (user_id, role_id) VALUES (1201, 3);
INSERT INTO public.user_role (user_id, role_id) VALUES (1202, 3);
INSERT INTO public.user_role (user_id, role_id) VALUES (1203, 3);
INSERT INTO public.user_role (user_id, role_id) VALUES (1204, 3);
INSERT INTO public.user_role (user_id, role_id) VALUES (1205, 3);
INSERT INTO public.user_role (user_id, role_id) VALUES (1206, 3);
INSERT INTO public.user_role (user_id, role_id) VALUES (1207, 3);
INSERT INTO public.user_role (user_id, role_id) VALUES (1208, 3);
INSERT INTO public.user_role (user_id, role_id) VALUES (1209, 3);
INSERT INTO public.user_role (user_id, role_id) VALUES (1210, 3);
INSERT INTO public.user_role (user_id, role_id) VALUES (1211, 3);
INSERT INTO public.user_role (user_id, role_id) VALUES (1212, 3);
INSERT INTO public.user_role (user_id, role_id) VALUES (1213, 3);
INSERT INTO public.user_role (user_id, role_id) VALUES (1214, 3);
INSERT INTO public.user_role (user_id, role_id) VALUES (1215, 3);
INSERT INTO public.user_role (user_id, role_id) VALUES (1216, 3);
INSERT INTO public.user_role (user_id, role_id) VALUES (1217, 3);
INSERT INTO public.user_role (user_id, role_id) VALUES (1218, 3);
INSERT INTO public.user_role (user_id, role_id) VALUES (1219, 3);
INSERT INTO public.user_role (user_id, role_id) VALUES (1220, 3);
INSERT INTO public.user_role (user_id, role_id) VALUES (1221, 3);