-- Started on 2023-07-08 19:53:20


--
-- TOC entry 4388 (class 0 OID 4386885)
-- Dependencies: 229
-- Data for Name: pop_user; Type: TABLE DATA; Schema: public; Owner: yvfqbqqqabpzca
--

-- INSERT INTO public.pop_user (id, password, username) VALUES (1, '$2a$12$gzQQy9oVY1v20qWzIcfWP.fp0FSWOV01c7tM5gfdwR9v8c6QoAyEW', 'admin');
-- INSERT INTO public.pop_user (id, password, username) VALUES (2, '$2a$10$7s.PnBW19pd8y7dgYrxDCeSflx4P/QI4Mk3TOuoBHLIEt2qQna9wG', 'organizator');
INSERT INTO public.pop_user (id, password, username) VALUES (1001, '$2a$10$9fOPGgITlvz55r1E2XappeW9afFJ.c6KL3VXjkFdRn54zmYZ2/RNm', 'Pavel');
INSERT INTO public.pop_user (id, password, username) VALUES (1003, '$2a$10$qMEss1/Fk7bo9isV0IKP1eZKvi1ys.dF0lb.9CxahhxFPnODPYVcS', 'Johana');
INSERT INTO public.pop_user (id, password, username) VALUES (1004, '$2a$10$EN0KH1HRmqFeEU0av3k6O.i5V44H8AoXygqjgZK4bFCj30BkssMZa', 'Sepletinho');
INSERT INTO public.pop_user (id, password, username) VALUES (1010, '$2a$10$hz1IeuVGRtmWMQRD/Tq7pejfArauliNz6G/bs5Rl8DUuSyV6t/BW.', 'David');
INSERT INTO public.pop_user (id, password, username) VALUES (1011, '$2a$10$gZrtK3P1qTlEiDN.NfLBeuhShgrNZF29lI7DYSaoDvpwtnJHAy9fK', 'Petr Daněk');
INSERT INTO public.pop_user (id, password, username) VALUES (1012, '$2a$10$Afy2cyEGMqJtz1tpHNm1HO4tfG9ZPLx1/NwIKPtFbpq6Ye4JFmL6i', 'Petra');
INSERT INTO public.pop_user (id, password, username) VALUES (1013, '$2a$10$bJB6URhr.STeqGMhv0SU5eS7Tp8XSku6.COndo/AjgMDezTJdMisO', 'Petra Novotná');
INSERT INTO public.pop_user (id, password, username) VALUES (1014, '$2a$10$imCINWii5VDUW9LVZr2..euWp6GmkyrBz016PgrKOg64SehnN4.Oy', 'štěpánka němečková');
INSERT INTO public.pop_user (id, password, username) VALUES (1015, '$2a$10$.sCLhQYjTHwBJjQAysnaEeLZ2cMrdghgfOCY2lDcuJ36RAcK/LD96', 'pavel němeček');
INSERT INTO public.pop_user (id, password, username) VALUES (1016, '$2a$10$8HxYikhkj2OXV2lCUC6hRuULpPz.LaEGZ/r2vPc2kGJtP5ZHYch/y', 'Chanok');
INSERT INTO public.pop_user (id, password, username) VALUES (1017, '$2a$10$db8un0ApO20R01YvWeZCWuxu4Fgb48.mrtrTc6/nOX0ZTWtmhT3pa', 'Peťulínečka');
INSERT INTO public.pop_user (id, password, username) VALUES (1018, '$2a$10$Tk4z6ej7sR6wCBXCBG6gKuZ5c5e7kBtwZtXKPidOr7gd.Lwx1cZXi', 'Ludmila Juřicová');
INSERT INTO public.pop_user (id, password, username) VALUES (1019, '$2a$10$.TFL9eSrRshNIfsWRx8FuumbSIxGmT1G1d1np59F66C32KGDkxA3e', 'Radek Šulak');
INSERT INTO public.pop_user (id, password, username) VALUES (1020, '$2a$10$aIl31Tb7PTXIijwU7BiDY.fFxT88CANvW3YS.pTSPALd152GaYmnC', 'Kateřina Valchářová');
INSERT INTO public.pop_user (id, password, username) VALUES (1021, '$2a$10$6C7jMJ/tF9JKuPToouROkOHvxjxKHvF4A0Sec2gbzduNeppUhhuNu', 'Radim Mikuláštík');
INSERT INTO public.pop_user (id, password, username) VALUES (1022, '$2a$10$zuvPeZ.rymEbQ5d42FV5/eFtIRSiN.WD1LyR8JaBkgrAIPZjvNrIa', 'Daniel');
INSERT INTO public.pop_user (id, password, username) VALUES (1023, '$2a$10$oHR1SxPOvNJ9LIvKkCHCM.y96jPiS7RLW9IwWig/KD0c88u9h8UD.', 'Ondřej');
INSERT INTO public.pop_user (id, password, username) VALUES (1024, '$2a$10$Wqj.gHfJPZcsdV2Jr6J8kelBBAzQaw1S9UbvQLiv1ciHhcrdh1ovG', 'Tereza Martincová');
INSERT INTO public.pop_user (id, password, username) VALUES (1025, '$2a$10$M0EO7bu679P3BUL2etCnK.wAWXd2mXcI62po0UQCl1fAjizNlKp/2', 'Matej');
INSERT INTO public.pop_user (id, password, username) VALUES (1026, '$2a$10$ovPDi6fPp83n9xb/ain81u53UyZCUwcKVhQB.8vWUeNUl5wSPiDrS', 'Daniel Šefr');
INSERT INTO public.pop_user (id, password, username) VALUES (1027, '$2a$10$ze19Ria4FSGYdaPFDkybpu.Tm8DxtS6ewkPoDZQkt2nn3DVb6tY/C', 'Dušan Košecký');
INSERT INTO public.pop_user (id, password, username) VALUES (1028, '$2a$10$OKppb7T7oxEn0ec4wh3VxO6Awu4xTKKgUMol75lv7mFbh91XA0ZtK', 'Tomáš');
INSERT INTO public.pop_user (id, password, username) VALUES (1029, '$2a$10$Gg8GSOkEi1JXdDhOv/.M7eoUqDgTbYj9g3h4.WIIr.xLOvLVkEK2S', 'Kocur');
INSERT INTO public.pop_user (id, password, username) VALUES (1030, '$2a$10$YS/c.MNwPnKEYyHrUwEIfOzUTTxNjpiD3loAne3o4qcIMds.oGaXm', 'Petr Rapant');
INSERT INTO public.pop_user (id, password, username) VALUES (1031, '$2a$10$46tjm8xpp.l345ERvKI5dug/V2u4TdkptxVPeROrQm5LGc2zYdymW', 'Jaroslav Žídek');
INSERT INTO public.pop_user (id, password, username) VALUES (1032, '$2a$10$JvmZCK.5g10SX/n0Urfa8unh1mdryauzgweiWB0BEMKh.DTt.GWO.', 'Kateřina Trnová');
INSERT INTO public.pop_user (id, password, username) VALUES (1033, '$2a$10$B.GZSmjZcZ9cUVUExTX/gudwZxqpjlWuwVFSKcs0HKPnvzYvCBnau', 'tom blazek');
INSERT INTO public.pop_user (id, password, username) VALUES (1034, '$2a$10$.FV4.bkp0eAub4xLvNAq6uuDVaG1FP0QIPd2raqXJeSUAgJKug9Y.', 'zuzana tajzlerova');
INSERT INTO public.pop_user (id, password, username) VALUES (1035, '$2a$10$MUEgQ6gVB4yVT8dwsml1rubdNb3q4lzca97u2qi1TOpi7W9xhuB1S', 'zdenek vychopeň');
INSERT INTO public.pop_user (id, password, username) VALUES (1036, '$2a$10$HIA7K2U38E1NsfcZyrqtwuAQyKC2sZRzVXc5RMWWvXUVEIQNe3c0y', 'Jenifer');
INSERT INTO public.pop_user (id, password, username) VALUES (1037, '$2a$10$bun.IPJc.4clWUKxPavUseFNP8N/dl6ypVxLq5oxk22EBzVDzIU1a', 'Marie Sádlíková');
INSERT INTO public.pop_user (id, password, username) VALUES (1038, '$2a$10$JBL9wgXIzqa8rHqgOl0juOLcrJh1HJ/9bnCB0dSWbNCQ7cBN12kz2', 'Lollínek');
INSERT INTO public.pop_user (id, password, username) VALUES (1039, '$2a$10$Af.iEeTgLJTl.mQVw8L70.8HIz3PWNtgECDPinWW/q59s.vdqV0X2', 'Hanicka');
INSERT INTO public.pop_user (id, password, username) VALUES (1040, '$2a$10$NfwxCEyWgMi58MOh19R4dOejUFbAoIyPd1mld44ET7Gk6.0ghQjqK', 'Kateřina Tilscherová');
INSERT INTO public.pop_user (id, password, username) VALUES (1041, '$2a$10$J6ILKqDkLhTy4RRI0YRGFOh64qEW1VkmmDRrOypqivx3gQjgGaqtW', 'Matyáš Blažek');
INSERT INTO public.pop_user (id, password, username) VALUES (1042, '$2a$10$s3HnWsy6tdE5r/EqcsfdXukhvcK0pdooNe6HiLrtUOlD3JwwtP8I.', 'Richard Filak');
INSERT INTO public.pop_user (id, password, username) VALUES (1043, '$2a$10$Rxe7mrUW7HavPLHyP02An.8tsnw0AxzKq94M72MkU6b.Eroy/Y6WK', 'Adéla Morvayová');
INSERT INTO public.pop_user (id, password, username) VALUES (1044, '$2a$10$XUWWa.S83BEW8SzjhI8yc.zHc9bU2XQShMio2D8r2OUN0W0FTWO36', 'Lidkadob');
INSERT INTO public.pop_user (id, password, username) VALUES (1045, '$2a$10$RPVH6UdL1dNEaWbyDJ7YE.m.G00RFLsM6C6RCf8RYhyH4/kIcZTcC', 'Jindřich');
INSERT INTO public.pop_user (id, password, username) VALUES (1046, '$2a$10$HSwcsWPfRI.T8Q6i6yFWkumy1xxJ6G96sxvjdSKVXlnhlLmScqza6', 'Petr Král');
INSERT INTO public.pop_user (id, password, username) VALUES (1047, '$2a$10$0KPhbgEon0uL8.BnDmPfZOkz4FnSTqvE7xNknFmYxz7WnMt6t5B5G', 'Petr Jeřábek');
INSERT INTO public.pop_user (id, password, username) VALUES (1048, '$2a$10$96BeyiC7Ysvi1j4pWISYB.rAUvIxQzs1fsV.4V4n1p67HPs0MA6l.', 'atomsova');
INSERT INTO public.pop_user (id, password, username) VALUES (1049, '$2a$10$2qRfqC0dq4ALJwYatHyr4eTAYSVV62PfbEVql7By0JpNG8wlPBScG', 'Jiří');
INSERT INTO public.pop_user (id, password, username) VALUES (1050, '$2a$10$gctFLk.ywuuTChiX2jAemOuPN/5AhUcF.qH3mXcvDmsVIOp/I/bDy', 'Jord');
INSERT INTO public.pop_user (id, password, username) VALUES (1051, '$2a$10$nGHxUIsIQihTlBsBPf1gouYbRq/uYTT/x816yH3yE7JpZbeW45/Ne', 'Kateřina Mikušová');
INSERT INTO public.pop_user (id, password, username) VALUES (1052, '$2a$10$zaOn7Hdmm3rTIsCLkqKsT.YkLngykjUZdGGA4P4OPcblW3sNxrorK', 'Team_Arnie');
INSERT INTO public.pop_user (id, password, username) VALUES (1053, '$2a$10$Su34NeZtxNV7./F/NaMSWui0FEinJgm89EecPugnRDx0tPtrUSdWq', 'Tomáš Valigura');
INSERT INTO public.pop_user (id, password, username) VALUES (1054, '$2a$10$8DEyiw1zSfjblmKPiDpizuz8D.kNUW.yiSWzDQNyfALt1iBWvKwJm', 'Jan Sypták');
INSERT INTO public.pop_user (id, password, username) VALUES (1055, '$2a$10$NUW2z1TqK.2PSfu5Cu5BCO/qiTU2DLU9TwNKWCnJiQP778G3mpqFy', 'Eva Mikulenková');
INSERT INTO public.pop_user (id, password, username) VALUES (1056, '$2a$10$UgjN2Wt13jirGiZnswPpxuvUyuc4XdZrq8ZhNkJVQ9cM2WW7qxjnS', 'Daniel 2000');
INSERT INTO public.pop_user (id, password, username) VALUES (1057, '$2a$10$0hcdeI0CGzVAyvr0E57L9us.cR5mtkKmAbe6i/SfztwtUaeL.QiTO', 'lukas krahulik');
INSERT INTO public.pop_user (id, password, username) VALUES (1058, '$2a$10$EDfNbw1s/lDF2OkB7fzwe.T7Pa5fitpV7ocACvbG9lKpS0KmvB5NO', 'Petr Kunčar');
INSERT INTO public.pop_user (id, password, username) VALUES (1059, '$2a$10$fTlta4n8jDzEKiLbD.WQQ.x1Cys3XO7EWqEVxftgweb6Ttyb3T5mC', 'Kubát');
INSERT INTO public.pop_user (id, password, username) VALUES (1060, '$2a$10$GKXlpA2du2mTuAIQkwi9f.BxiSVHa1Qv0bIyV5h478vNN74IeLjGC', 'Radek Sádlík');
INSERT INTO public.pop_user (id, password, username) VALUES (1061, '$2a$10$uZOw6b8UFzW4XPmdTgHAuOK.Itk6ttPKADB2B3/EPTLADawzpoeLe', 'Vlastimil Volek');
INSERT INTO public.pop_user (id, password, username) VALUES (1062, '$2a$10$xJs.JTDJ0itVjqh6GPAZk.xrBd7.nj7Yj2VMBOegLUmHIZ3SaVnZu', 'Jiří Keszegh');
INSERT INTO public.pop_user (id, password, username) VALUES (1063, '$2a$10$Izv.EPsembgHCXSSNbdGQeSewCSxzp7zovKb290rtMwT8cp43dvTO', 'Jindřiška Skývová');
INSERT INTO public.pop_user (id, password, username) VALUES (1064, '$2a$10$sCLOrkmjB6ZQsPP/Lq0ZruQUAOhovgBK0bjY6e00P2UGPcO5c7aGi', 'Zuzana Huskova');
INSERT INTO public.pop_user (id, password, username) VALUES (1065, '$2a$10$Ln/JP20G7e5deQ1hg.YVH.K0OjZCnCc5O3DLDrgmw2.uSgqHpTjMu', 'Tkadlecová Hana');
INSERT INTO public.pop_user (id, password, username) VALUES (1066, '$2a$10$xNfJ4qGI0zztvz.IziKigu/7AruLH2sclPwB7sFgHOasCbHXJ1tq2', 'Josef Václavík');
INSERT INTO public.pop_user (id, password, username) VALUES (1067, '$2a$10$nuB6ADXi3Q77bgfd1Sd54.0dC60J2/8.SyksCmIaMrpdIJIHsf832', 'Krisrina Daňková');
INSERT INTO public.pop_user (id, password, username) VALUES (1068, '$2a$10$fLlPgtzk7I.0ON12kC5uXea7HxaHmKIcqOTBYVXJmtMaqEKiIR6H2', 'cibi');
INSERT INTO public.pop_user (id, password, username) VALUES (1069, '$2a$10$Hyw1t3TvQv6F0oQvopylV.bJz1wF1/FSHrL3RfYt6YPxSVeJiFnle', 'Marek Hána');
INSERT INTO public.pop_user (id, password, username) VALUES (1070, '$2a$10$tG0xgkSoF8lyx.ZvTOi4q.zJkoB2gBsWLwReI0yiBCDVaO8NdTEP6', 'Josef');
INSERT INTO public.pop_user (id, password, username) VALUES (1071, '$2a$10$AJjSh3Vr05Ggzb2aPmgOOOCOizZDyzVY3iQ3ZUxiODocsYJn0rnRS', 'Vagant');
INSERT INTO public.pop_user (id, password, username) VALUES (1072, '$2a$10$yDwqDGE7D7BpY2h6YdtjH.etEgjZxflP85dEbaUTGQIQUliVkVZzS', 'Ondra Vychopeň');
INSERT INTO public.pop_user (id, password, username) VALUES (1073, '$2a$10$j8dyFgkp6mI/piNCm80sj.9uWWHzJrAmcX7JQmLL3VddcurRPYhvq', 'Lukáš Drga');
INSERT INTO public.pop_user (id, password, username) VALUES (1074, '$2a$10$9DZmYVcSoxRxcMx30SM6V.BwP9XiLvayP55bvOaFBI9j0Gz5ny91G', 'Simona Daňková');
INSERT INTO public.pop_user (id, password, username) VALUES (1075, '$2a$10$H2snDB.R/aUjavQg9Qlvi.0aWcsj8hSNG7demcdh2q5jrGX6Tnjlu', 'Vlastimil Baletka');
INSERT INTO public.pop_user (id, password, username) VALUES (1076, '$2a$10$Q/UNmHYPdwjpwN0tzeZr3uSITs3/1.xoR8MmLGRE17yLmwGU44K7G', 'Terka Mikulenková');
INSERT INTO public.pop_user (id, password, username) VALUES (1077, '$2a$10$6Vh6stDcZY2081BK6Awtzu0GfHBiIlx3nZeSHFyB0RVpUo5GpndR6', 'Jana Hofmanová');
INSERT INTO public.pop_user (id, password, username) VALUES (1078, '$2a$10$F/VOfLnX8twxuosBPl.1GOklQAggd92tJaPDR6ULlMKCPqIH161Mq', 'Vavruš Martin');
INSERT INTO public.pop_user (id, password, username) VALUES (1079, '$2a$10$InRMK.VnYOUsbjg0VJD4JeaiEwe1vkhhETKjGn22.v2LiIi7kQJj2', 'Radim Dančák');
INSERT INTO public.pop_user (id, password, username) VALUES (1080, '$2a$10$U27WPPzMT4ZNglvbhLWMB.UEjj.KcADIundhpVN3qAzob92ooqpS.', '');
INSERT INTO public.pop_user (id, password, username) VALUES (1081, '$2a$10$29vm8GberAn.0.NeYHm58eeOdUID/26N.BTrZagVGNwZl0tUYtEEO', 'Pavla');
INSERT INTO public.pop_user (id, password, username) VALUES (1082, '$2a$10$ZCRSb0b3KfKVUOyF.fSEM.NYxpllH06CavsmAiIR8Hj/u7x.wiNNy', 'Pavel Polách');
INSERT INTO public.pop_user (id, password, username) VALUES (1083, '$2a$10$Fd/kUq1mP3ICiU5ZUBexKuH1Ljn18ueVgza.8fZnOlefK9IVU6qlO', 'Pepe');
INSERT INTO public.pop_user (id, password, username) VALUES (1084, '$2a$10$H74xTUueScxAV4mPq6iN/u.nBth7y3PKoD6Uf3g19mZkzbMGpjWO.', 'Liduška Ptáčková');
INSERT INTO public.pop_user (id, password, username) VALUES (1085, '$2a$10$L02BLT5IB8GVjZ5EU7tGv.7AxMKPJJINP80.LrLbQZ.XPNf/L/8LG', 'Zuzana Srbová');
INSERT INTO public.pop_user (id, password, username) VALUES (1086, '$2a$10$sX3rPLEwGyAXWjAM5/eXkeJUAs5vgsZioMtP0xQPauSyaPmhD/yyC', 'Josef Pepe Ptàček');
INSERT INTO public.pop_user (id, password, username) VALUES (1087, '$2a$10$K8zwqRhbY2zXQfWIh9572uVI2y1jR/fJQ3MV4REion7tNRSAp2lx2', 'Jiřina');
INSERT INTO public.pop_user (id, password, username) VALUES (1088, '$2a$10$g.vdLupQhrH58.eaTbWHPOcFZ460NOp.k.jx5ADKpOkYJs2K5p49q', 'Daniel Pastorek');
INSERT INTO public.pop_user (id, password, username) VALUES (1089, '$2a$10$kelUhiOVrMMr9Go/MtWs3OmKn3TycABw57dfjURUWeB7hIJJ3WlXa', 'Monika Kindlová');
INSERT INTO public.pop_user (id, password, username) VALUES (1090, '$2a$10$976o/eSvs/bNJq6BGj5ZlesmqLODuoNhgKUw2RByc9Q1re1VqzPP6', 'Monča Kindlová');
INSERT INTO public.pop_user (id, password, username) VALUES (1091, '$2a$10$.j3X6UCbVcpPYQszUCjvuuDwR4cUMcaI.c9xfIMtkBtxGd5kImZ9y', 'Gimli');
INSERT INTO public.pop_user (id, password, username) VALUES (1092, '$2a$10$hiD.xYxHLCHBCkWj4XWl0erJvLRNedGm3m3j5.d2ZCdTaUJ8aSSrS', 'Martin Štach');
INSERT INTO public.pop_user (id, password, username) VALUES (1093, '$2a$10$lwrpsnCI9oxJxXeNtsSlQe5UNIrLRfawc.B2jNVCQAgJZeulh4L6K', 'Marek');
INSERT INTO public.pop_user (id, password, username) VALUES (1094, '$2a$10$AK/qxMZ/wso1yanPai/wF.PKCcjs/qnITn6dGfbcjvO30y6FgtD8W', 'Kača');
INSERT INTO public.pop_user (id, password, username) VALUES (1095, '$2a$10$td2VrzJQMCz8Hd9qtynJiuywHtAEKR7SA9MlzjWOFccX.JsdnsglK', 'Jeny');
INSERT INTO public.pop_user (id, password, username) VALUES (1096, '$2a$10$d6xgQHyEKjm7fdu1jUfdAOwx01EuI.R7GbbO62L/YRdSrorPpDK76', 'Daniel Tomeček');
INSERT INTO public.pop_user (id, password, username) VALUES (1097, '$2a$10$DUvmJydtqqS/2jlMqlSaouT1zOJLxwkaALU/2bzWSv/jAaIWqMmQG', 'marie vankova');
INSERT INTO public.pop_user (id, password, username) VALUES (1098, '$2a$10$8a1Asui4saSfEnzOIN4gAOygNGxZmS76/ylK0sbb4JMjPnRqcT3uG', 'Terezie Vaňková');
INSERT INTO public.pop_user (id, password, username) VALUES (1099, '$2a$10$X.5krKiD7iz9qK6cEAv.4..8OmBcfuGWeyuNmrsLzOFZn6k0jYI2i', 'marie vaňková');
INSERT INTO public.pop_user (id, password, username) VALUES (1100, '$2a$10$GTEHv.F4QaUC5uk5sYoCCuP2XLPQPHNQRjAAZtO45A6kdlYml5khG', 'Hana');
INSERT INTO public.pop_user (id, password, username) VALUES (1101, '$2a$10$iZaHLJMckEX8F5/U82xT9uvdJrOe0SJ5RtpuBADzXKJjnBj23TcWa', 'Dana');
INSERT INTO public.pop_user (id, password, username) VALUES (1102, '$2a$10$n5C0CSKUuxqJIrAto5FXpOm1eaMQvMPls/LuGrApb0flno30AVmgO', 'Michaela Kaláčová');
INSERT INTO public.pop_user (id, password, username) VALUES (1103, '$2a$10$Bf6Y08WXIxnQ0kKOuqxDQ.bIhhP88XB6teNNB9cQFBNMUni0fUQty', 'Ondřej Změlík');
INSERT INTO public.pop_user (id, password, username) VALUES (1104, '$2a$10$hhpktJ5nczYly89T1R3ZWefXEnDLaYN8skLMH/KuIEDg/bfIMZPDi', 'stanislqv Filgas');
INSERT INTO public.pop_user (id, password, username) VALUES (1105, '$2a$10$hS3DN0afOHWbMC9/iIxW0./GrpUiEQNbIACA/ed/zrrq0K1sQs9DG', 'Jindřich Bajger');
INSERT INTO public.pop_user (id, password, username) VALUES (1106, '$2a$10$3k8I7gTiVC5givWIXwxlHeGY4wyJRg29hK9UI52./xYt6uIPuWE.S', 'Jaroslav Bajger');
INSERT INTO public.pop_user (id, password, username) VALUES (1107, '$2a$10$BDqdNxtjrMUfRRpQvHirKeic0MUEmgzXXGnlzVhb/eOA33pLlK8Ly', 'Ivana Drgová');
INSERT INTO public.pop_user (id, password, username) VALUES (1108, '$2a$10$fxCFLtUjstZISdDCCsftD.TOoNs75hL3czOE9uW6MYESYRuoMX.mm', 'Stanislav Filgas');
INSERT INTO public.pop_user (id, password, username) VALUES (1109, '$2a$10$aIq0kdQccbqnpL8EZFZHM..Rbe141.ZySg75TCJxziroCi7XMyVNq', 'František Brlica');
INSERT INTO public.pop_user (id, password, username) VALUES (1110, '$2a$10$kW5TgdamjrlDGDvWvuhw0.5qKXPnxQX9jOffR8n3uoJBWH/zfVVSq', 'Martina Novosadová');
INSERT INTO public.pop_user (id, password, username) VALUES (1111, '$2a$10$z2G0/ekzyL9B4uI77WBUiO7j0xk4zwJX7p0feK/V7jF0u3FMY6vtK', 'Radim Olšák');
INSERT INTO public.pop_user (id, password, username) VALUES (1112, '$2a$10$xujZv8elWQC8bAfwf3PZee2.FzWMlCnKNqYtGeUq36OnsdO91Q3ve', 'Jan Hrtáň');
INSERT INTO public.pop_user (id, password, username) VALUES (1113, '$2a$10$Lgg8Kcvgfxm85NhPJ6BCvO65Tkk/mZEprV4fGsC1KWImbxMx2cMAC', 'pavel');
INSERT INTO public.pop_user (id, password, username) VALUES (1114, '$2a$10$68XiZCVZjnOn0gfR66XdEekpwMGcBJeGBH5fRjXM9dQoSjGLoQZB2', 'Martina Pruknerová');
INSERT INTO public.pop_user (id, password, username) VALUES (1115, '$2a$10$lhGqejO8SBI1CkxGidsPB.Y2A7DMAoAEEgRCQCXdrAAImcBj1l6SS', 'Daniel Kubáček');
INSERT INTO public.pop_user (id, password, username) VALUES (1116, '$2a$10$az47l68gJBr9UWza6DsRo.bHZb66CEaI8xAoYVOTjn3LT.l65.Z56', 'Tomáš Zubek');
INSERT INTO public.pop_user (id, password, username) VALUES (1117, '$2a$10$FrxmhXIAlfJ19MKZ9pPVTuCMfKqDZP2dl962L7ZUYNaFxwafPozPO', 'Karel Nemmeček');
INSERT INTO public.pop_user (id, password, username) VALUES (1118, '$2a$10$v0q0Wb4dRAXDcx6r11dlr.IVrKQ06rxBs75BDvQMFnsjqMmLuVkZW', 'Fru fru');
INSERT INTO public.pop_user (id, password, username) VALUES (1119, '$2a$10$DrGM.TuY0pgnB0q/25Y.V.ywl6ElJwwOLY98PONy3w1j2DmhtNAgm', 'magda');
INSERT INTO public.pop_user (id, password, username) VALUES (1120, '$2a$10$x0FvP1xG7wEJqLJaV8kd8ObFmEvjovsrULtudDegUE2umBFdiJq.i', 'Zbyněk Srba');
INSERT INTO public.pop_user (id, password, username) VALUES (1121, '$2a$10$P9KlYlKIAfqNlq9M7dppReN/6BRlevSuR.Yy7Voww9GUAZKoVdrIO', 'Zubr');
INSERT INTO public.pop_user (id, password, username) VALUES (1122, '$2a$10$9n/pORQqwXkQJRUcdwkooeFp84wnFtKV681wKhgnStIvG4C8BG2XG', 'David Kovář');
INSERT INTO public.pop_user (id, password, username) VALUES (1123, '$2a$10$qjRBvwym9IPXxrZlv0KMMu9L0EsOYGDBddiWneajiFEF.zKzXYvQG', 'oldrich komarek');
INSERT INTO public.pop_user (id, password, username) VALUES (1124, '$2a$10$ll3SXmrMhBMv2SnCLeKZmuaxlOL5lp5djUuH6LBIHdLc7eGEaVG3y', 'Karel Němeček');
INSERT INTO public.pop_user (id, password, username) VALUES (1125, '$2a$10$6MzfA53yx1JWMyG4Z/0U/.b/EGVGX5BtoG7hgGonalIXwkTatYU2e', 'Tz');
INSERT INTO public.pop_user (id, password, username) VALUES (1126, '$2a$10$XGKXDkc0565l32cjcLAD8e52nGdvOP9.MZi1CXbpjbrz0qtic6Bae', 'Pavel Jochec');
INSERT INTO public.pop_user (id, password, username) VALUES (1127, '$2a$10$nrrKpmGKe1XO7Yg8ydFOE.0oe8xMHVDVl1HaZ1ra0roslwM0S8o7a', 'Buficzek159');
INSERT INTO public.pop_user (id, password, username) VALUES (1128, '$2a$10$Cz30ivDQGkJUlRWJ/72sDOtMzJUMZ4IvKiZ4Vj0g0OEix448dl6r2', 'Zub');
INSERT INTO public.pop_user (id, password, username) VALUES (1129, '$2a$10$.wrA4CHFu1m9zDX/1UiU8.e/AHHw3N054h26rbetfkp2I0hsTux4O', 'Michaela Filakova');
INSERT INTO public.pop_user (id, password, username) VALUES (1130, '$2a$10$hbYkneGkpk1RYbFE5Zuas./Tl7mGsmBFqdHJ4Sm36yswjJ5.II5yG', 'Michal');
INSERT INTO public.pop_user (id, password, username) VALUES (1131, '$2a$10$wSrPwozJ71yn62nr3S1o.evj7KdDa1Jfmk23ACwBiivbuhg2F.0we', 'Veronika Hyžáková');
INSERT INTO public.pop_user (id, password, username) VALUES (1132, '$2a$10$.o4hhCiOIkBwsZhMAgy8K.xgoXPfOy2wK/dNdY8B6c8gW5MEur28y', 'Adéla Nášelová');
INSERT INTO public.pop_user (id, password, username) VALUES (1133, '$2a$10$gbblmedSTHRWDj1rSThP5u28cJCEPBxyG5wdsPhQkxFS95MCXJMwq', 'Adushka');
INSERT INTO public.pop_user (id, password, username) VALUES (1134, '$2a$10$h8PAO8FAEma8bEzLOTPz8.Y1.FM18AP5dNtpP7Cf/w8Ne2TFXOXLu', 'Tomáš Povalač');
INSERT INTO public.pop_user (id, password, username) VALUES (1135, '$2a$10$oESyVRN92Cw1084MeVTUYOTWwTUkzqtAGO2BGVHFX2o5bG2lcDaFy', 'Olga Švadleňáková');
INSERT INTO public.pop_user (id, password, username) VALUES (1136, '$2a$10$CyVcsoVjursxQhGeRpKFUOTGk.MRs/89EITKimrpI6lI8km/Ce7W6', 'Ivana');
INSERT INTO public.pop_user (id, password, username) VALUES (1137, '$2a$10$A2qJJbEduE0OOXE41OTRsuU2PuYeOJak.QMIbfJPyy3JRuc3CMseS', 'Jiří Polanský');
INSERT INTO public.pop_user (id, password, username) VALUES (1138, '$2a$10$aklBHSc8Kt6KnHdIRt8/B.Ii4r17HzKtLqiHJq.8DbjfqZ3yc6Kxy', 'Ivan Filák');
INSERT INTO public.pop_user (id, password, username) VALUES (1139, '$2a$10$voT6yhpTfpuqEDVsQpMfe.4wvmzkhJosSBn7NthcSuIqniIg/Aq1a', 'Plavec');
INSERT INTO public.pop_user (id, password, username) VALUES (1140, '$2a$10$NMqtFyFxMsBcfFESP2l75.2.clnTZKXvKbNO3zWPO/uLtnWcCU9H6', 'Michal Polách');
INSERT INTO public.pop_user (id, password, username) VALUES (1141, '$2a$10$7fqbdaXE4CNXBaxLK.S3RexmkGI56AfvVroSIG7Y3gqNJ7oAPMWyG', 'Lenka Poláchová');
INSERT INTO public.pop_user (id, password, username) VALUES (1142, '$2a$10$.ATm.7lH/peWrOOXCKEubedcBzPBRgJspAwoOEe8kdUgQ3dq1VITC', 'Patrik');
INSERT INTO public.pop_user (id, password, username) VALUES (1143, '$2a$10$DNl4WAR6s0ylPxF8Q5UYV.Vu0vpW75ZslMHUfFZvcx0lc3xqKzRG.', 'Radim Filgas');
INSERT INTO public.pop_user (id, password, username) VALUES (1144, '$2a$10$WqWL6eSj5MoeNBVCqqHRq.sL57t1axAH9nBavsEZTrOC2o.hUdJHS', 'Roman');
INSERT INTO public.pop_user (id, password, username) VALUES (1145, '$2a$10$ftT8F0BihVuZaYT80PTiOupzmRMbudkSTs0JWaIIzuA1ykRfJPJuS', 'Jelen');
INSERT INTO public.pop_user (id, password, username) VALUES (1146, '$2a$10$y0v2jnaRA.xEQ6E4BWZ7GOQz2R7K68/QmqO.I1UaezUtsZRkNucDS', 'Pavel Budík');
INSERT INTO public.pop_user (id, password, username) VALUES (1147, '$2a$10$n.TT8UkkN4iW5Lq9KL6fluO57YJl7C3RiosWey7jCm98TSIAveTZi', 'Barbora Holubcová');
INSERT INTO public.pop_user (id, password, username) VALUES (1148, '$2a$10$nItgHFrq3Il0Wfq.0ffwz..y/LrorPlyG.t7NeO7G4UDF8SZUkItS', 'Ondřej Sopek');
INSERT INTO public.pop_user (id, password, username) VALUES (1149, '$2a$10$xBRvOEwr5N6VOA8vrdxdjOgPEkLk0SJIDIcWmJ77SO.CeaDF5ZI2y', 'Marek Matus');
INSERT INTO public.pop_user (id, password, username) VALUES (1150, '$2a$10$c9FKmextfzqJ2ynq2.y8dusr.6R186jPSRnF2mljCeL7/Q2oHTy7G', 'Michaela');
INSERT INTO public.pop_user (id, password, username) VALUES (1151, '$2a$10$scM.b8HuyY68tABUZO/0jOIJQ3rvsCkA8CxcUEe1aIpUr8sxAs4Uu', 'Michaela Hanzalová');
INSERT INTO public.pop_user (id, password, username) VALUES (1152, '$2a$10$zHWBVGyDzKBoVZMkv3tD6ObO5ej5O0ClDPfQIp9Xsui4dBOb/H1Ri', 'Jitka');
INSERT INTO public.pop_user (id, password, username) VALUES (1153, '$2a$10$HqLOqtSXB6nCp8BuW7azoetDq/Frt2yoQvGeyrQEupLf7tQJqJ1nW', 'Radomír Hromada');
INSERT INTO public.pop_user (id, password, username) VALUES (1154, '$2a$10$fq5eDKugLWmgbror6BhYkO8sxGrcung7zjZ6X6GnuR597UD3SQmjq', 'Jehně');
INSERT INTO public.pop_user (id, password, username) VALUES (1155, '$2a$10$hw2rBOeeXmsM4dmcWD1Gt.sL0AkNebx74GVvtjnD/ebFIIhCpvUxO', 'Filip');
INSERT INTO public.pop_user (id, password, username) VALUES (1156, '$2a$10$4S8bvN9CDcXCSAMJ1AxSxekfIZw0M6ZQVNJb9FKFuFw3COwoQN9eK', 'Tomas');
INSERT INTO public.pop_user (id, password, username) VALUES (1157, '$2a$10$eRy5shTUNw179vsp8XigbulUvEy5EOGhoJJaf1EtNg5A1LHrCM6ii', 'Renata Vychopňová');
INSERT INTO public.pop_user (id, password, username) VALUES (1158, '$2a$10$zFSccXAsHgo6W88uDiJr8OjE62kqcMnIWkhpnpQs2ifuE15R7QYUy', 'Ondřej Daněk');
INSERT INTO public.pop_user (id, password, username) VALUES (1159, '$2a$10$.A1XgmgGl5mqXtrvtQE8t.2MwfIGOB44uI9EfHYyNfeJ26NA67vZa', 'Pavel Zigmund');
INSERT INTO public.pop_user (id, password, username) VALUES (1160, '$2a$10$1t5YN3tDSheA4XsrvjxK7e8TG4hxHPYz4oiBr6zH6kN8ZT7TSgd6K', 'Martina');
INSERT INTO public.pop_user (id, password, username) VALUES (1161, '$2a$10$ZtyRFKZM0OWHSMO9s8cahu.Tdz2UePCZ6ZM5tVqT71hkqHGT9CX9S', 'Eva');
INSERT INTO public.pop_user (id, password, username) VALUES (1162, '$2a$10$WAAggqaCixheH9Gc8NXjbOofSGG4rEma0rxmpJKUmuu.DL4MXjRgO', 'Josef G.');
INSERT INTO public.pop_user (id, password, username) VALUES (1163, '$2a$10$2z.bTSY0DMg3RzULu4lQ1.gIs/rSn9sBumwOGppc924TU04BEJe9i', 'Markéta Štachová');
INSERT INTO public.pop_user (id, password, username) VALUES (1164, '$2a$10$jo5hJNjhRWwX3Hrm94hyiupe33vz4rhfSFeE4/dUIQAT6fQou5nGy', 'Ali M');
INSERT INTO public.pop_user (id, password, username) VALUES (1165, '$2a$10$3MC.OjP2d/smP9JDZ0C/I.gzB8nngphUFwjb9WvG0oosSW0NhzbVm', 'Ladislove');
INSERT INTO public.pop_user (id, password, username) VALUES (1166, '$2a$10$BGq5EsUjE/GJYfgr/VIhc.CdOu/Fub9rR1RADl7JmvzCraFW20D/C', 'Petr_Daněk');
INSERT INTO public.pop_user (id, password, username) VALUES (1167, '$2a$10$vgX.vxZMTdRHyxeN2b8LdOrcpBrlXNzM0v5HimQdjACeEDupczAQ2', 'Lucie');
INSERT INTO public.pop_user (id, password, username) VALUES (1168, '$2a$10$CKlrJD7EWCIHYnd3jT1lA.91XIZbdba7kucrxjfgZrclfLTk9fwGy', 'michal kuncar');
INSERT INTO public.pop_user (id, password, username) VALUES (1169, '$2a$10$H9ipY8kAwwdokvkuJyCyd./LVgWVjRhIFS4bbSZlxA5IAt/CmulVK', 'Petr Šipula');
INSERT INTO public.pop_user (id, password, username) VALUES (1170, '$2a$10$Gkp4VVMtR9vUeI.FYBG25ObTDjI1oZiCKHe//f0y2wq9YC05bpHlO', 'Dan Kubáček');
INSERT INTO public.pop_user (id, password, username) VALUES (1171, '$2a$10$Z9zWmSAs2cxtQM3TnB/iZOmqW2Cz0JXK2YHojeQpw/S4MXOM8uUx6', 'Matěj Čech');
INSERT INTO public.pop_user (id, password, username) VALUES (1172, '$2a$10$N5C8RONW47Qz6nsN8mEnu.K7PgfovHv10gIo1xIIO0dpb9bk/iY/a', 'Petra Machacova');
INSERT INTO public.pop_user (id, password, username) VALUES (1173, '$2a$10$bnSMvWtWzxbgHMrKHdthg.MFJYyqxVkx4HiDoGCnRDJ0ibxUvHYai', 'Martin Hořelka');
INSERT INTO public.pop_user (id, password, username) VALUES (1174, '$2a$10$eE48XeMeXdbrap4QKnzmZuscOXag9259oN7vr.v99E2sZ2dmXxili', 'Marek Smělý');
INSERT INTO public.pop_user (id, password, username) VALUES (1175, '$2a$10$BnOshfu9OJSwEYYxupb./uI7j0XHAssBfboMhLH.VxJbYl3Gq8KB.', 'Agnieszka Serafin');
INSERT INTO public.pop_user (id, password, username) VALUES (1176, '$2a$10$OgzkYQLoRugzeEGMzSQav.Jrn24vNjJ/tnU0tgpeyHr4pVp6C.hGK', 'Mira Gargulák');
INSERT INTO public.pop_user (id, password, username) VALUES (1177, '$2a$10$l.9xNEMBEbxQD250ORw0neQ6w01iXCRu.HKeQXuzY.HKBB3oml1Uq', 'Michaela Tvarůžková');
INSERT INTO public.pop_user (id, password, username) VALUES (1178, '$2a$10$2lsFt5fRmUiHTkg227DFqOvvxuWapZgsV3WzkcRUmclD29Xomjn4y', 'jakub Vaněk');
INSERT INTO public.pop_user (id, password, username) VALUES (1179, '$2a$10$W58k/Jsa6TyapbKLJ1bNSeefWLBbsVqRklgYjfqUTgnjhWfbxXL4e', 'Jakub Vaněk');
INSERT INTO public.pop_user (id, password, username) VALUES (1180, '$2a$10$k1qem6fu/bCyrkPXd3ThzenUFulLv1n6QVRA5iPiByyaExwKPNUIy', 'michaela hanzalova');
INSERT INTO public.pop_user (id, password, username) VALUES (1181, '$2a$10$vBuz5ImfXo.3e7HXPY9qMu6XbxcfPN3Ktj1TtCgYSVvfVKFlfEqnK', 'Kamil Šerý');
INSERT INTO public.pop_user (id, password, username) VALUES (1182, '$2a$10$fnB9Xhh6w5GR/xeHRwJiju7zytv5DC0jqAEyZFQv4HEDvFekySpni', 'Natálie');
INSERT INTO public.pop_user (id, password, username) VALUES (1183, '$2a$10$7gyylxp3MjErmHDF5XVzTuazrSEe2OwVu7.tKVZ4H6Z4UZe2vcgiq', 'marthy89');
INSERT INTO public.pop_user (id, password, username) VALUES (1184, '$2a$10$yRVIUvQwLEH4rkMwCs68ce3Zxz7b7Vr/yb2r5PYR9UdvY.GWQnkWi', 'ALena Mierna');
INSERT INTO public.pop_user (id, password, username) VALUES (1185, '$2a$10$er.LJkm8Kzo7G3d0ONVqI.HJBaTQQrM79HmpOrZamq6IBkCEZekdC', 'martina');
INSERT INTO public.pop_user (id, password, username) VALUES (1186, '$2a$10$Mf4pO27DvzjL5eumz5I2JOFNFX/qhbwBnsvdi2yctKOYhTtpxu4eG', 'Martina g.');
INSERT INTO public.pop_user (id, password, username) VALUES (1187, '$2a$10$OStHSG1yDIWhkPc0ftnzV.VlZQTZR0AR4JbgKIZHfLZQkKmjkLeG2', 'Radomír');
INSERT INTO public.pop_user (id, password, username) VALUES (1188, '$2a$10$1E2NONwhe1DGwQlGCHkW/.mmZ2Xz6g.pg8peWMiY9uaBJSUrvr2Eq', 'Zuzana Maliňáková');
INSERT INTO public.pop_user (id, password, username) VALUES (1189, '$2a$10$BXUaGMPSvcWKGhiQ136DmOzY3A5jL0zaVw3vFdHT0PPfbu2OJdyQG', 'Zdeněk Surovec');
INSERT INTO public.pop_user (id, password, username) VALUES (1190, '$2a$10$DQbTmoenEqA00.Kbj8v5a.fxm330F6Ghb5VR76Fwge9qr9n6VXIHe', 'Jakub');
INSERT INTO public.pop_user (id, password, username) VALUES (1191, '$2a$10$fCGDyyU0h.SxCKSty03E2emSS38RSnlMbEyfLX.VPmXOi0pDyf6A.', 'Ondřej Daněk ppppp');
INSERT INTO public.pop_user (id, password, username) VALUES (1192, '$2a$10$EGfx6IXTqV//C0jyVG3yGe2EmYT.648bB9rVhW9I4sYDoP9n1KUkm', 'Šárka');
INSERT INTO public.pop_user (id, password, username) VALUES (1193, '$2a$10$/8CrX0ft6JV/Q5wLwigdWeB/bjx8oOa4wilOoD1rPW1Bl7i2Qm2sW', 'Žaneta Vokáčová');
INSERT INTO public.pop_user (id, password, username) VALUES (1194, '$2a$10$A0avCA1Lcb1O5kYMOFzsz.7otcB906U.dJOf0ZxcGEVUsRWTAYGbS', 'Ludmila');
INSERT INTO public.pop_user (id, password, username) VALUES (1195, '$2a$10$BDRg7.PLHljVhwrESQbneOjGbVNJWwayBm1R./TLl1zNdMirAFPLS', 'petra Skypalova');
INSERT INTO public.pop_user (id, password, username) VALUES (1196, '$2a$10$Uuo9XwpxFBNCxmEzeYgOE.NyPR251ifeHVLfeAOVw6Qau/gLbIcwG', 'Ales');
INSERT INTO public.pop_user (id, password, username) VALUES (1197, '$2a$10$q3mQBIrzzRRFOCtHs43akejwmsjqZjbZypddW.B3zhg3LkFDt1qjG', 'Růžena Škrlová');
INSERT INTO public.pop_user (id, password, username) VALUES (1198, '$2a$10$Q7JP2h4tkSC.OMo96R5/I.aOaTbqZD3JCRW9wssEGBfnpAi/EF93S', 'Renata Hrnova');
INSERT INTO public.pop_user (id, password, username) VALUES (1199, '$2a$10$DVMaYEV.JOi59GGZl4xEqe1fs50tSYZFDCtMRphVG1jHWdlVnx7ae', 'Radmila');
INSERT INTO public.pop_user (id, password, username) VALUES (1200, '$2a$10$RFeHoO.qFbBjCo/pwXMnLeLEL308f9cwwUD89sftRJHHt5StqBXfe', 'Rostislav Zvonek');
INSERT INTO public.pop_user (id, password, username) VALUES (1201, '$2a$10$ODQzpl6RlUlTyf4cT6wDHuwg69fXh97o0S/CqvHib8tmwb/EYf8y6', 'Marta Zvonková');
INSERT INTO public.pop_user (id, password, username) VALUES (1202, '$2a$10$ajlaL7weFyT77rHJSFeIFOxhxqbsaioXoyA6tJVGDdpWxapJkEyp2', 'Monika Janáčová');
INSERT INTO public.pop_user (id, password, username) VALUES (1203, '$2a$10$R5.nm4I7h6U9QCqnO0UoyOEVle9YuvAjMZZl3aXRDOU.Aw8UEU4UC', 'Myshak');
INSERT INTO public.pop_user (id, password, username) VALUES (1204, '$2a$10$24w5CwgC/uz6uej6Qak9E.3Uw8OwOEj2CdenclGTERMmQvkhKbtB6', 'Tomáš Juřica');
INSERT INTO public.pop_user (id, password, username) VALUES (1205, '$2a$10$9ha.00XwJaJ6xZSTWNKOHOXwd6WK1c9KCdr482Px/r7DupZ4bZ/bG', 'Petr Barčák');
INSERT INTO public.pop_user (id, password, username) VALUES (1206, '$2a$10$RW.zZtzRU/WahEbcYtBvj.qqqK8JsW6kcl/jpw2YlYjrlvNQhGuie', 'Lenka Tajzlerová');
INSERT INTO public.pop_user (id, password, username) VALUES (1207, '$2a$10$c7mVLif1DfcUdD6Yfxywm.0vAhtpe4IvFavTULoniJFCc.1B2U1ri', 'Jan Tajzler');
INSERT INTO public.pop_user (id, password, username) VALUES (1208, '$2a$10$IxT/lgu9kzgMxLmvIGMvoem/z2zU239ggq2F5QRxIVPIRmULZIUrW', 'Martin Hnatek');
INSERT INTO public.pop_user (id, password, username) VALUES (1209, '$2a$10$l0MKOe2IsBeXtcvmX3o3ZOpJwkVYTM0GlEwsMzWECPXDltrid1seG', 'Ludmila59');
INSERT INTO public.pop_user (id, password, username) VALUES (1210, '$2a$10$pYmAYAlpVBNXU2awOzTHMOWqmvk4FIhf1HaSw0yNz0vSce.mhDrH6', 'korenac');
INSERT INTO public.pop_user (id, password, username) VALUES (1211, '$2a$10$QPgozGkrm9UBoge8ReuBXeD8Ub.APWE9cAnoxxDTDGvc9knz2i6Hu', 'Petr Láska');
INSERT INTO public.pop_user (id, password, username) VALUES (1212, '$2a$10$ktVcJnOp5uE7ahvE1Op1Z.TEVO571uOMHQzuVaBEIuwcRRr5gspw2', 'PetrLaska');
INSERT INTO public.pop_user (id, password, username) VALUES (1213, '$2a$10$7rKx1J.TMYMxXkzZULsA/erw7w8Sy1i1/PfclDHNTgThp/2foG5de', 'miroslav jatel');
INSERT INTO public.pop_user (id, password, username) VALUES (1214, '$2a$10$E4gWpz.tgZfe6C9Iu4HsrOht9d06pdNshT8A3naqrVHRnqIG/244i', 'tobias janiš');
INSERT INTO public.pop_user (id, password, username) VALUES (1215, '$2a$10$iyJbcekO3wdZGDabd3F9hu2KTojp/bzot5.40xz2XHl2cFlbywviC', 'Miloslav Ondráček');
INSERT INTO public.pop_user (id, password, username) VALUES (1216, '$2a$10$pNKvyWn86AqYJ0tIuwy5oeDmR4QisrO9IsZiH0het9vq9t6HhvKIO', 'Dagmar Poláchová');
INSERT INTO public.pop_user (id, password, username) VALUES (1217, '$2a$10$F/H7lfx03yBZbOkhOBFD1.FDCL5OVoPHk1RwvsyBZLTX1MHF.xljG', 'Jiří Polách');
INSERT INTO public.pop_user (id, password, username) VALUES (1218, '$2a$10$iNsI5Jt6ko.2VgPqlnIwiuR3rLBFKn3RDesPXV4wq0O0NHifnQVfK', 'aneta');
INSERT INTO public.pop_user (id, password, username) VALUES (1219, '$2a$10$LOSnDaSDyBZFz7fmHUNMH.E7CuAGzP7zwXcMLQg0v0G8JTVFqFaVy', 'aneta štůsková');
INSERT INTO public.pop_user (id, password, username) VALUES (1220, '$2a$10$8AVQ/4KKTTqtsPIaouHKfOxyGVQlvXrjds42UWmLM74swTlRZnt6a', 'Otto Schieferdecker');
INSERT INTO public.pop_user (id, password, username) VALUES (1221, '$2a$10$1bS8Il7XOlhqxDXwR04f6uFYOc8YoV0m9dxxyb07XLrCrqEVES2GO', 'zaahy');


--
-- TOC entry 4391 (class 0 OID 4386894)
-- Dependencies: 232
-- Data for Name: user_role; Type: TABLE DATA; Schema: public; Owner: yvfqbqqqabpzca
--

-- INSERT INTO public.user_role (user_id, role_id) VALUES (1, 1);
-- INSERT INTO public.user_role (user_id, role_id) VALUES (2, 2);
INSERT INTO public.user_role (user_id, role_id) VALUES (1001, 3);
INSERT INTO public.user_role (user_id, role_id) VALUES (1003, 3);
INSERT INTO public.user_role (user_id, role_id) VALUES (1004, 3);
INSERT INTO public.user_role (user_id, role_id) VALUES (1010, 3);
INSERT INTO public.user_role (user_id, role_id) VALUES (1011, 3);
INSERT INTO public.user_role (user_id, role_id) VALUES (1012, 3);
INSERT INTO public.user_role (user_id, role_id) VALUES (1013, 3);
INSERT INTO public.user_role (user_id, role_id) VALUES (1014, 3);
INSERT INTO public.user_role (user_id, role_id) VALUES (1015, 3);
INSERT INTO public.user_role (user_id, role_id) VALUES (1016, 3);
INSERT INTO public.user_role (user_id, role_id) VALUES (1017, 3);
INSERT INTO public.user_role (user_id, role_id) VALUES (1018, 3);
INSERT INTO public.user_role (user_id, role_id) VALUES (1019, 3);
INSERT INTO public.user_role (user_id, role_id) VALUES (1020, 3);
INSERT INTO public.user_role (user_id, role_id) VALUES (1021, 3);
INSERT INTO public.user_role (user_id, role_id) VALUES (1022, 3);
INSERT INTO public.user_role (user_id, role_id) VALUES (1023, 3);
INSERT INTO public.user_role (user_id, role_id) VALUES (1024, 3);
INSERT INTO public.user_role (user_id, role_id) VALUES (1025, 3);
INSERT INTO public.user_role (user_id, role_id) VALUES (1026, 3);
INSERT INTO public.user_role (user_id, role_id) VALUES (1027, 3);
INSERT INTO public.user_role (user_id, role_id) VALUES (1028, 3);
INSERT INTO public.user_role (user_id, role_id) VALUES (1029, 3);
INSERT INTO public.user_role (user_id, role_id) VALUES (1030, 3);
INSERT INTO public.user_role (user_id, role_id) VALUES (1031, 3);
INSERT INTO public.user_role (user_id, role_id) VALUES (1032, 3);
INSERT INTO public.user_role (user_id, role_id) VALUES (1033, 3);
INSERT INTO public.user_role (user_id, role_id) VALUES (1034, 3);
INSERT INTO public.user_role (user_id, role_id) VALUES (1035, 3);
INSERT INTO public.user_role (user_id, role_id) VALUES (1036, 3);
INSERT INTO public.user_role (user_id, role_id) VALUES (1037, 3);
INSERT INTO public.user_role (user_id, role_id) VALUES (1038, 3);
INSERT INTO public.user_role (user_id, role_id) VALUES (1039, 3);
INSERT INTO public.user_role (user_id, role_id) VALUES (1040, 3);
INSERT INTO public.user_role (user_id, role_id) VALUES (1041, 3);
INSERT INTO public.user_role (user_id, role_id) VALUES (1042, 3);
INSERT INTO public.user_role (user_id, role_id) VALUES (1043, 3);
INSERT INTO public.user_role (user_id, role_id) VALUES (1044, 3);
INSERT INTO public.user_role (user_id, role_id) VALUES (1045, 3);
INSERT INTO public.user_role (user_id, role_id) VALUES (1046, 3);
INSERT INTO public.user_role (user_id, role_id) VALUES (1047, 3);
INSERT INTO public.user_role (user_id, role_id) VALUES (1048, 3);
INSERT INTO public.user_role (user_id, role_id) VALUES (1049, 3);
INSERT INTO public.user_role (user_id, role_id) VALUES (1050, 3);
INSERT INTO public.user_role (user_id, role_id) VALUES (1051, 3);
INSERT INTO public.user_role (user_id, role_id) VALUES (1052, 3);
INSERT INTO public.user_role (user_id, role_id) VALUES (1053, 3);
INSERT INTO public.user_role (user_id, role_id) VALUES (1054, 3);
INSERT INTO public.user_role (user_id, role_id) VALUES (1055, 3);
INSERT INTO public.user_role (user_id, role_id) VALUES (1056, 3);
INSERT INTO public.user_role (user_id, role_id) VALUES (1057, 3);
INSERT INTO public.user_role (user_id, role_id) VALUES (1058, 3);
INSERT INTO public.user_role (user_id, role_id) VALUES (1059, 3);
INSERT INTO public.user_role (user_id, role_id) VALUES (1060, 3);
INSERT INTO public.user_role (user_id, role_id) VALUES (1061, 3);
INSERT INTO public.user_role (user_id, role_id) VALUES (1062, 3);
INSERT INTO public.user_role (user_id, role_id) VALUES (1063, 3);
INSERT INTO public.user_role (user_id, role_id) VALUES (1064, 3);
INSERT INTO public.user_role (user_id, role_id) VALUES (1065, 3);
INSERT INTO public.user_role (user_id, role_id) VALUES (1066, 3);
INSERT INTO public.user_role (user_id, role_id) VALUES (1067, 3);
INSERT INTO public.user_role (user_id, role_id) VALUES (1068, 3);
INSERT INTO public.user_role (user_id, role_id) VALUES (1069, 3);
INSERT INTO public.user_role (user_id, role_id) VALUES (1070, 3);
INSERT INTO public.user_role (user_id, role_id) VALUES (1071, 3);
INSERT INTO public.user_role (user_id, role_id) VALUES (1072, 3);
INSERT INTO public.user_role (user_id, role_id) VALUES (1073, 3);
INSERT INTO public.user_role (user_id, role_id) VALUES (1074, 3);
INSERT INTO public.user_role (user_id, role_id) VALUES (1075, 3);
INSERT INTO public.user_role (user_id, role_id) VALUES (1076, 3);
INSERT INTO public.user_role (user_id, role_id) VALUES (1077, 3);
INSERT INTO public.user_role (user_id, role_id) VALUES (1078, 3);
INSERT INTO public.user_role (user_id, role_id) VALUES (1079, 3);
INSERT INTO public.user_role (user_id, role_id) VALUES (1080, 3);
INSERT INTO public.user_role (user_id, role_id) VALUES (1081, 3);
INSERT INTO public.user_role (user_id, role_id) VALUES (1082, 3);
INSERT INTO public.user_role (user_id, role_id) VALUES (1083, 3);
INSERT INTO public.user_role (user_id, role_id) VALUES (1084, 3);
INSERT INTO public.user_role (user_id, role_id) VALUES (1085, 3);
INSERT INTO public.user_role (user_id, role_id) VALUES (1086, 3);
INSERT INTO public.user_role (user_id, role_id) VALUES (1087, 3);
INSERT INTO public.user_role (user_id, role_id) VALUES (1088, 3);
INSERT INTO public.user_role (user_id, role_id) VALUES (1089, 3);
INSERT INTO public.user_role (user_id, role_id) VALUES (1090, 3);
INSERT INTO public.user_role (user_id, role_id) VALUES (1091, 3);
INSERT INTO public.user_role (user_id, role_id) VALUES (1092, 3);
INSERT INTO public.user_role (user_id, role_id) VALUES (1093, 3);
INSERT INTO public.user_role (user_id, role_id) VALUES (1094, 3);
INSERT INTO public.user_role (user_id, role_id) VALUES (1095, 3);
INSERT INTO public.user_role (user_id, role_id) VALUES (1096, 3);
INSERT INTO public.user_role (user_id, role_id) VALUES (1097, 3);
INSERT INTO public.user_role (user_id, role_id) VALUES (1098, 3);
INSERT INTO public.user_role (user_id, role_id) VALUES (1099, 3);
INSERT INTO public.user_role (user_id, role_id) VALUES (1100, 3);
INSERT INTO public.user_role (user_id, role_id) VALUES (1101, 3);
INSERT INTO public.user_role (user_id, role_id) VALUES (1102, 3);
INSERT INTO public.user_role (user_id, role_id) VALUES (1103, 3);
INSERT INTO public.user_role (user_id, role_id) VALUES (1104, 3);
INSERT INTO public.user_role (user_id, role_id) VALUES (1105, 3);
INSERT INTO public.user_role (user_id, role_id) VALUES (1106, 3);
INSERT INTO public.user_role (user_id, role_id) VALUES (1107, 3);
INSERT INTO public.user_role (user_id, role_id) VALUES (1108, 3);
INSERT INTO public.user_role (user_id, role_id) VALUES (1109, 3);
INSERT INTO public.user_role (user_id, role_id) VALUES (1110, 3);
INSERT INTO public.user_role (user_id, role_id) VALUES (1111, 3);
INSERT INTO public.user_role (user_id, role_id) VALUES (1112, 3);
INSERT INTO public.user_role (user_id, role_id) VALUES (1113, 3);
INSERT INTO public.user_role (user_id, role_id) VALUES (1114, 3);
INSERT INTO public.user_role (user_id, role_id) VALUES (1115, 3);
INSERT INTO public.user_role (user_id, role_id) VALUES (1116, 3);
INSERT INTO public.user_role (user_id, role_id) VALUES (1117, 3);
INSERT INTO public.user_role (user_id, role_id) VALUES (1118, 3);
INSERT INTO public.user_role (user_id, role_id) VALUES (1119, 3);
INSERT INTO public.user_role (user_id, role_id) VALUES (1120, 3);
INSERT INTO public.user_role (user_id, role_id) VALUES (1121, 3);
INSERT INTO public.user_role (user_id, role_id) VALUES (1122, 3);
INSERT INTO public.user_role (user_id, role_id) VALUES (1123, 3);
INSERT INTO public.user_role (user_id, role_id) VALUES (1124, 3);
INSERT INTO public.user_role (user_id, role_id) VALUES (1125, 3);
INSERT INTO public.user_role (user_id, role_id) VALUES (1126, 3);
INSERT INTO public.user_role (user_id, role_id) VALUES (1127, 3);
INSERT INTO public.user_role (user_id, role_id) VALUES (1128, 3);
INSERT INTO public.user_role (user_id, role_id) VALUES (1129, 3);
INSERT INTO public.user_role (user_id, role_id) VALUES (1130, 3);
INSERT INTO public.user_role (user_id, role_id) VALUES (1131, 3);
INSERT INTO public.user_role (user_id, role_id) VALUES (1132, 3);
INSERT INTO public.user_role (user_id, role_id) VALUES (1133, 3);
INSERT INTO public.user_role (user_id, role_id) VALUES (1134, 3);
INSERT INTO public.user_role (user_id, role_id) VALUES (1135, 3);
INSERT INTO public.user_role (user_id, role_id) VALUES (1136, 3);
INSERT INTO public.user_role (user_id, role_id) VALUES (1137, 3);
INSERT INTO public.user_role (user_id, role_id) VALUES (1138, 3);
INSERT INTO public.user_role (user_id, role_id) VALUES (1139, 3);
INSERT INTO public.user_role (user_id, role_id) VALUES (1140, 3);
INSERT INTO public.user_role (user_id, role_id) VALUES (1141, 3);
INSERT INTO public.user_role (user_id, role_id) VALUES (1142, 3);
INSERT INTO public.user_role (user_id, role_id) VALUES (1143, 3);
INSERT INTO public.user_role (user_id, role_id) VALUES (1144, 3);
INSERT INTO public.user_role (user_id, role_id) VALUES (1145, 3);
INSERT INTO public.user_role (user_id, role_id) VALUES (1146, 3);
INSERT INTO public.user_role (user_id, role_id) VALUES (1147, 3);
INSERT INTO public.user_role (user_id, role_id) VALUES (1148, 3);
INSERT INTO public.user_role (user_id, role_id) VALUES (1149, 3);
INSERT INTO public.user_role (user_id, role_id) VALUES (1150, 3);
INSERT INTO public.user_role (user_id, role_id) VALUES (1151, 3);
INSERT INTO public.user_role (user_id, role_id) VALUES (1152, 3);
INSERT INTO public.user_role (user_id, role_id) VALUES (1153, 3);
INSERT INTO public.user_role (user_id, role_id) VALUES (1154, 3);
INSERT INTO public.user_role (user_id, role_id) VALUES (1155, 3);
INSERT INTO public.user_role (user_id, role_id) VALUES (1156, 3);
INSERT INTO public.user_role (user_id, role_id) VALUES (1157, 3);
INSERT INTO public.user_role (user_id, role_id) VALUES (1158, 3);
INSERT INTO public.user_role (user_id, role_id) VALUES (1159, 3);
INSERT INTO public.user_role (user_id, role_id) VALUES (1160, 3);
INSERT INTO public.user_role (user_id, role_id) VALUES (1161, 3);
INSERT INTO public.user_role (user_id, role_id) VALUES (1162, 3);
INSERT INTO public.user_role (user_id, role_id) VALUES (1163, 3);
INSERT INTO public.user_role (user_id, role_id) VALUES (1164, 3);
INSERT INTO public.user_role (user_id, role_id) VALUES (1165, 3);
INSERT INTO public.user_role (user_id, role_id) VALUES (1166, 3);
INSERT INTO public.user_role (user_id, role_id) VALUES (1167, 3);
INSERT INTO public.user_role (user_id, role_id) VALUES (1168, 3);
INSERT INTO public.user_role (user_id, role_id) VALUES (1169, 3);
INSERT INTO public.user_role (user_id, role_id) VALUES (1170, 3);
INSERT INTO public.user_role (user_id, role_id) VALUES (1171, 3);
INSERT INTO public.user_role (user_id, role_id) VALUES (1172, 3);
INSERT INTO public.user_role (user_id, role_id) VALUES (1173, 3);
INSERT INTO public.user_role (user_id, role_id) VALUES (1174, 3);
INSERT INTO public.user_role (user_id, role_id) VALUES (1175, 3);
INSERT INTO public.user_role (user_id, role_id) VALUES (1176, 3);
INSERT INTO public.user_role (user_id, role_id) VALUES (1177, 3);
INSERT INTO public.user_role (user_id, role_id) VALUES (1178, 3);
INSERT INTO public.user_role (user_id, role_id) VALUES (1179, 3);
INSERT INTO public.user_role (user_id, role_id) VALUES (1180, 3);
INSERT INTO public.user_role (user_id, role_id) VALUES (1181, 3);
INSERT INTO public.user_role (user_id, role_id) VALUES (1182, 3);
INSERT INTO public.user_role (user_id, role_id) VALUES (1183, 3);
INSERT INTO public.user_role (user_id, role_id) VALUES (1184, 3);
INSERT INTO public.user_role (user_id, role_id) VALUES (1185, 3);
INSERT INTO public.user_role (user_id, role_id) VALUES (1186, 3);
INSERT INTO public.user_role (user_id, role_id) VALUES (1187, 3);
INSERT INTO public.user_role (user_id, role_id) VALUES (1188, 3);
INSERT INTO public.user_role (user_id, role_id) VALUES (1189, 3);
INSERT INTO public.user_role (user_id, role_id) VALUES (1190, 3);
INSERT INTO public.user_role (user_id, role_id) VALUES (1191, 3);
INSERT INTO public.user_role (user_id, role_id) VALUES (1192, 3);
INSERT INTO public.user_role (user_id, role_id) VALUES (1193, 3);
INSERT INTO public.user_role (user_id, role_id) VALUES (1194, 3);
INSERT INTO public.user_role (user_id, role_id) VALUES (1195, 3);
INSERT INTO public.user_role (user_id, role_id) VALUES (1196, 3);
INSERT INTO public.user_role (user_id, role_id) VALUES (1197, 3);
INSERT INTO public.user_role (user_id, role_id) VALUES (1198, 3);
INSERT INTO public.user_role (user_id, role_id) VALUES (1199, 3);
INSERT INTO public.user_role (user_id, role_id) VALUES (1200, 3);
INSERT INTO public.user_role (user_id, role_id) VALUES (1201, 3);
INSERT INTO public.user_role (user_id, role_id) VALUES (1202, 3);
INSERT INTO public.user_role (user_id, role_id) VALUES (1203, 3);
INSERT INTO public.user_role (user_id, role_id) VALUES (1204, 3);
INSERT INTO public.user_role (user_id, role_id) VALUES (1205, 3);
INSERT INTO public.user_role (user_id, role_id) VALUES (1206, 3);
INSERT INTO public.user_role (user_id, role_id) VALUES (1207, 3);
INSERT INTO public.user_role (user_id, role_id) VALUES (1208, 3);
INSERT INTO public.user_role (user_id, role_id) VALUES (1209, 3);
INSERT INTO public.user_role (user_id, role_id) VALUES (1210, 3);
INSERT INTO public.user_role (user_id, role_id) VALUES (1211, 3);
INSERT INTO public.user_role (user_id, role_id) VALUES (1212, 3);
INSERT INTO public.user_role (user_id, role_id) VALUES (1213, 3);
INSERT INTO public.user_role (user_id, role_id) VALUES (1214, 3);
INSERT INTO public.user_role (user_id, role_id) VALUES (1215, 3);
INSERT INTO public.user_role (user_id, role_id) VALUES (1216, 3);
INSERT INTO public.user_role (user_id, role_id) VALUES (1217, 3);
INSERT INTO public.user_role (user_id, role_id) VALUES (1218, 3);
INSERT INTO public.user_role (user_id, role_id) VALUES (1219, 3);
INSERT INTO public.user_role (user_id, role_id) VALUES (1220, 3);
INSERT INTO public.user_role (user_id, role_id) VALUES (1221, 3);

--
-- TOC entry 4381 (class 0 OID 4386851)
-- Dependencies: 222
-- Data for Name: pop_player; Type: TABLE DATA; Schema: public; Owner: yvfqbqqqabpzca
--

INSERT INTO public.pop_player (id, email, nickname, phone_number, pin, user_id) VALUES (1001, 'rab2@seznam.cz', 'Pavel', '724026376', 7566, 1001);
INSERT INTO public.pop_player (id, email, nickname, phone_number, pin, user_id) VALUES (1003, 'johana.matusova@gmail.com', 'Johana', '+420 773 622 605', 7837, 1003);
INSERT INTO public.pop_player (id, email, nickname, phone_number, pin, user_id) VALUES (1004, 'seplet@gmail.com', 'Sepletinho', '737916630', 5641, 1004);
INSERT INTO public.pop_player (id, email, nickname, phone_number, pin, user_id) VALUES (1076, 'terkamikulenkova1@gmail.com', 'Terka Mikulenková', '', 6206, 1076);
INSERT INTO public.pop_player (id, email, nickname, phone_number, pin, user_id) VALUES (1010, 'dejv.kindl@seznam.cz', 'David', '603844477', 3113, 1010);
INSERT INTO public.pop_player (id, email, nickname, phone_number, pin, user_id) VALUES (1011, 'petrdanek11@gmail.com', 'Petr Daněk', '+420737611754', 7223, 1011);
INSERT INTO public.pop_player (id, email, nickname, phone_number, pin, user_id) VALUES (1012, 'phurtikova@seznam.cz', 'Petra', '604791413', 7930, 1012);
INSERT INTO public.pop_player (id, email, nickname, phone_number, pin, user_id) VALUES (1013, 'petranovotna23@seznam.cz', 'Petra Novotná', '+420 731 475 086', 6134, 1013);
INSERT INTO public.pop_player (id, email, nickname, phone_number, pin, user_id) VALUES (1014, 'stepankanemecek@seznam.cz', 'štěpánka němečková', '731348026', 7972, 1014);
INSERT INTO public.pop_player (id, email, nickname, phone_number, pin, user_id) VALUES (1015, 'stepankanemecek@seznam.cz', 'pavel němeček', '731348026', 8068, 1015);
INSERT INTO public.pop_player (id, email, nickname, phone_number, pin, user_id) VALUES (1016, 'Michal1@seznam.cz', 'Chanok', '728213551', 9547, 1016);
INSERT INTO public.pop_player (id, email, nickname, phone_number, pin, user_id) VALUES (1017, 'pepi.mety@seznam.cz', 'Peťulínečka', '725 100 681', 5862, 1017);
INSERT INTO public.pop_player (id, email, nickname, phone_number, pin, user_id) VALUES (1018, 'lidajaja@seznam.cz', 'Ludmila Juřicová', '736 127 050', 8136, 1018);
INSERT INTO public.pop_player (id, email, nickname, phone_number, pin, user_id) VALUES (1019, 'kaluz564@seznam.cz', 'Radek Šulak', '+420732785577', 3448, 1019);
INSERT INTO public.pop_player (id, email, nickname, phone_number, pin, user_id) VALUES (1020, 'katerina.valcharova@centrum.cz', 'Kateřina Valchářová', '721201200', 7102, 1020);
INSERT INTO public.pop_player (id, email, nickname, phone_number, pin, user_id) VALUES (1021, 'radim.mikulastik@seznam.cz', 'Radim Mikuláštík', '', 2919, 1021);
INSERT INTO public.pop_player (id, email, nickname, phone_number, pin, user_id) VALUES (1022, 'dblazek73@seznam.cz', 'Daniel', '732472425', 6769, 1022);
INSERT INTO public.pop_player (id, email, nickname, phone_number, pin, user_id) VALUES (1023, 'ondrejfilgas1@gmail.com', 'Ondřej', '739 291 737', 2322, 1023);
INSERT INTO public.pop_player (id, email, nickname, phone_number, pin, user_id) VALUES (1024, 'terezkamartincova1@gmail.com', 'Tereza Martincová', '', 2252, 1024);
INSERT INTO public.pop_player (id, email, nickname, phone_number, pin, user_id) VALUES (1025, 'matejkosecky@gmail.com', 'Matej', '+421905151180', 2069, 1025);
INSERT INTO public.pop_player (id, email, nickname, phone_number, pin, user_id) VALUES (1026, 'dsefr@centrum.cz', 'Daniel Šefr', '720958979', 7447, 1026);
INSERT INTO public.pop_player (id, email, nickname, phone_number, pin, user_id) VALUES (1027, 'dusan.kosecky@gmail.com', 'Dušan Košecký', '+421907718380', 6477, 1027);
INSERT INTO public.pop_player (id, email, nickname, phone_number, pin, user_id) VALUES (1028, 'tomasovic.tomas@gmail.com', 'Tomáš', '+421908861474', 4597, 1028);
INSERT INTO public.pop_player (id, email, nickname, phone_number, pin, user_id) VALUES (1029, 'cotsoor@gmail.com', 'Kocur', '+421903730413', 6529, 1029);
INSERT INTO public.pop_player (id, email, nickname, phone_number, pin, user_id) VALUES (1030, 'rapishek@seznam.cz', 'Petr Rapant', '604405694', 3786, 1030);
INSERT INTO public.pop_player (id, email, nickname, phone_number, pin, user_id) VALUES (1031, 'jarekzidek@seznam.cz', 'Jaroslav Žídek', '739293458', 4326, 1031);
INSERT INTO public.pop_player (id, email, nickname, phone_number, pin, user_id) VALUES (1032, 'trnici@centrum.cz', 'Kateřina Trnová', '736653352', 6936, 1032);
INSERT INTO public.pop_player (id, email, nickname, phone_number, pin, user_id) VALUES (1033, 'blazovina@gmail.com', 'tom blazek', '605 845 366', 2206, 1033);
INSERT INTO public.pop_player (id, email, nickname, phone_number, pin, user_id) VALUES (1034, 'zuzka.sis@seznam.cz', 'zuzana tajzlerova', '605350614', 8721, 1034);
INSERT INTO public.pop_player (id, email, nickname, phone_number, pin, user_id) VALUES (1035, 'vychopenzdenek@gmail.com', 'zdenek vychopeň', '777563258', 9782, 1035);
INSERT INTO public.pop_player (id, email, nickname, phone_number, pin, user_id) VALUES (1036, 'jenynavratova@gmail.com', 'Jenifer', '605193856', 9162, 1036);
INSERT INTO public.pop_player (id, email, nickname, phone_number, pin, user_id) VALUES (1037, 'agla.cz@gmail.com', 'Marie Sádlíková', '777920433', 5226, 1037);
INSERT INTO public.pop_player (id, email, nickname, phone_number, pin, user_id) VALUES (1038, 'lukas.karola@gmail.com', 'Lollínek', '731790312', 1683, 1038);
INSERT INTO public.pop_player (id, email, nickname, phone_number, pin, user_id) VALUES (1039, 'hanaz8@seznam.cz', 'Hanicka', '', 1875, 1039);
INSERT INTO public.pop_player (id, email, nickname, phone_number, pin, user_id) VALUES (1040, 'katerina.tilscherova@seznam.cz', 'Kateřina Tilscherová', '+420724060109', 5686, 1040);
INSERT INTO public.pop_player (id, email, nickname, phone_number, pin, user_id) VALUES (1041, 'matyas-blazek@seznam.cz', 'Matyáš Blažek', '731942819', 7269, 1041);
INSERT INTO public.pop_player (id, email, nickname, phone_number, pin, user_id) VALUES (1042, 'rfilak@seznam.cz', 'Richard Filak', '605440396', 4407, 1042);
INSERT INTO public.pop_player (id, email, nickname, phone_number, pin, user_id) VALUES (1043, 'morvayova@centrum.cz', 'Adéla Morvayová', '737958430', 3666, 1043);
INSERT INTO public.pop_player (id, email, nickname, phone_number, pin, user_id) VALUES (1044, 'lidkadob@gmail.com', 'Lidkadob', '737448443', 6422, 1044);
INSERT INTO public.pop_player (id, email, nickname, phone_number, pin, user_id) VALUES (1045, 'kmina@seznam.cz', 'Jindřich', '720979610', 5019, 1045);
INSERT INTO public.pop_player (id, email, nickname, phone_number, pin, user_id) VALUES (1046, 'petanek.kral@seznam.cz', 'Petr Král', '+420732260608', 6633, 1046);
INSERT INTO public.pop_player (id, email, nickname, phone_number, pin, user_id) VALUES (1047, 'petrik.jerabek@gmail.com', 'Petr Jeřábek', '774654281', 9381, 1047);
INSERT INTO public.pop_player (id, email, nickname, phone_number, pin, user_id) VALUES (1048, 'tomsova.adela@seznam.cz', 'atomsova', '+420604177355', 9571, 1048);
INSERT INTO public.pop_player (id, email, nickname, phone_number, pin, user_id) VALUES (1049, 'reyjiri@seznam.cz', 'Jiří', '+420736163057', 3251, 1049);
INSERT INTO public.pop_player (id, email, nickname, phone_number, pin, user_id) VALUES (1050, 'reyjiri@seznam.cz', 'Jord', '+420736163057', 8968, 1050);
INSERT INTO public.pop_player (id, email, nickname, phone_number, pin, user_id) VALUES (1051, 'katemikusova@seznam.cz', 'Kateřina Mikušová', '732511738', 5761, 1051);
INSERT INTO public.pop_player (id, email, nickname, phone_number, pin, user_id) VALUES (1052, 'janca.reznickova@email.cz', 'Team_Arnie', '605 926 416', 3614, 1052);
INSERT INTO public.pop_player (id, email, nickname, phone_number, pin, user_id) VALUES (1053, 'tomkovaligura@seznam.cz', 'Tomáš Valigura', '730658502', 2316, 1053);
INSERT INTO public.pop_player (id, email, nickname, phone_number, pin, user_id) VALUES (1054, 'jan.syptak@seznam.cz', 'Jan Sypták', '739168749', 1049, 1054);
INSERT INTO public.pop_player (id, email, nickname, phone_number, pin, user_id) VALUES (1055, 'cerna1Eva@seznam.cz', 'Eva Mikulenková', '', 6757, 1055);
INSERT INTO public.pop_player (id, email, nickname, phone_number, pin, user_id) VALUES (1056, 'daniel.romanovsky2000@gmail.com', 'Daniel 2000', '727970517', 5336, 1056);
INSERT INTO public.pop_player (id, email, nickname, phone_number, pin, user_id) VALUES (1057, 'l.krahulik@email.cz', 'lukas krahulik', '606788948', 5785, 1057);
INSERT INTO public.pop_player (id, email, nickname, phone_number, pin, user_id) VALUES (1058, 'petrkuncar@seznam.cz', 'Petr Kunčar', '607124262', 7909, 1058);
INSERT INTO public.pop_player (id, email, nickname, phone_number, pin, user_id) VALUES (1059, 'kmvm@centrum.cz', 'Kubát', '+420732830296', 9880, 1059);
INSERT INTO public.pop_player (id, email, nickname, phone_number, pin, user_id) VALUES (1060, 'xramok@gmail.com', 'Radek Sádlík', '777749779', 4553, 1060);
INSERT INTO public.pop_player (id, email, nickname, phone_number, pin, user_id) VALUES (1061, 'vatik.volek@seznam.cz', 'Vlastimil Volek', '603373625', 8141, 1061);
INSERT INTO public.pop_player (id, email, nickname, phone_number, pin, user_id) VALUES (1062, 'jiri.keszegh@seznam.cz', 'Jiří Keszegh', '605767531', 7536, 1062);
INSERT INTO public.pop_player (id, email, nickname, phone_number, pin, user_id) VALUES (1063, 'Inka.Skyvova@seznam.cz', 'Jindřiška Skývová', '604673886', 3985, 1063);
INSERT INTO public.pop_player (id, email, nickname, phone_number, pin, user_id) VALUES (1064, 'zuzka.huska@email.cz', 'Zuzana Huskova', '605853656', 8446, 1064);
INSERT INTO public.pop_player (id, email, nickname, phone_number, pin, user_id) VALUES (1065, 'tkadlecova27@seznam.cz', 'Tkadlecová Hana', '739992317', 3772, 1065);
INSERT INTO public.pop_player (id, email, nickname, phone_number, pin, user_id) VALUES (1066, 'daidar@email.cz', 'Josef Václavík', '739843969', 3927, 1066);
INSERT INTO public.pop_player (id, email, nickname, phone_number, pin, user_id) VALUES (1067, 'dankovakristina@seznam.cz', 'Krisrina Daňková', '728320315', 1627, 1067);
INSERT INTO public.pop_player (id, email, nickname, phone_number, pin, user_id) VALUES (1068, 'scibulec@post.cz', 'cibi', '608784474', 4427, 1068);
INSERT INTO public.pop_player (id, email, nickname, phone_number, pin, user_id) VALUES (1069, 'marek.hana@outlook.cz', 'Marek Hána', '732828454', 7847, 1069);
INSERT INTO public.pop_player (id, email, nickname, phone_number, pin, user_id) VALUES (1070, 'pepacmajda@gmail.com', 'Josef', '702035457', 7304, 1070);
INSERT INTO public.pop_player (id, email, nickname, phone_number, pin, user_id) VALUES (1071, 'orsmar@gmail.com', 'Vagant', '603764979', 5734, 1071);
INSERT INTO public.pop_player (id, email, nickname, phone_number, pin, user_id) VALUES (1072, 'vychi@post.cz', 'Ondra Vychopeň', '605775709', 5577, 1072);
INSERT INTO public.pop_player (id, email, nickname, phone_number, pin, user_id) VALUES (1073, 'lukindrga@gmail.com', 'Lukáš Drga', '+420 731 973 386', 5864, 1073);
INSERT INTO public.pop_player (id, email, nickname, phone_number, pin, user_id) VALUES (1074, 'dankova.simona@email.cz', 'Simona Daňková', '605963138', 2922, 1074);
INSERT INTO public.pop_player (id, email, nickname, phone_number, pin, user_id) VALUES (1075, 'baletkavlastimil@seznam.cz se', 'Vlastimil Baletka', '604242923', 2466, 1075);
INSERT INTO public.pop_player (id, email, nickname, phone_number, pin, user_id) VALUES (1077, 'xjana.hofmanova@seznam.cz', 'Jana Hofmanová', '739233837', 5151, 1077);
INSERT INTO public.pop_player (id, email, nickname, phone_number, pin, user_id) VALUES (1078, 'vavrusmartin@gmail.com', 'Vavruš Martin', '+420604380025', 6324, 1078);
INSERT INTO public.pop_player (id, email, nickname, phone_number, pin, user_id) VALUES (1079, 'radim.dancak@seznam.cz', 'Radim Dančák', '737962385', 7960, 1079);
INSERT INTO public.pop_player (id, email, nickname, phone_number, pin, user_id) VALUES (1080, '', '', '', 9214, 1080);
INSERT INTO public.pop_player (id, email, nickname, phone_number, pin, user_id) VALUES (1081, 'paja1017@seznam.cz', 'Pavla', '731586297', 1897, 1081);
INSERT INTO public.pop_player (id, email, nickname, phone_number, pin, user_id) VALUES (1082, 'xkremilek@gmail.com', 'Pavel Polách', '739187654', 1500, 1082);
INSERT INTO public.pop_player (id, email, nickname, phone_number, pin, user_id) VALUES (1083, 'pepe.ptacek@seznam.cz', 'Pepe', '604645459', 4037, 1083);
INSERT INTO public.pop_player (id, email, nickname, phone_number, pin, user_id) VALUES (1084, 'lidka.ptackova@seznam.cz', 'Liduška Ptáčková', '739700274', 2255, 1084);
INSERT INTO public.pop_player (id, email, nickname, phone_number, pin, user_id) VALUES (1085, 'srbovazuz', 'Zuzana Srbová', '777955263', 8961, 1085);
INSERT INTO public.pop_player (id, email, nickname, phone_number, pin, user_id) VALUES (1086, 'pepe.ptacek@seznam.cz', 'Josef Pepe Ptàček', '604645459', 6074, 1086);
INSERT INTO public.pop_player (id, email, nickname, phone_number, pin, user_id) VALUES (1087, 'maharisi@seznam.cz', 'Jiřina', '', 8691, 1087);
INSERT INTO public.pop_player (id, email, nickname, phone_number, pin, user_id) VALUES (1088, 'danielpastorek88@gmail.com', 'Daniel Pastorek', '+420 732 182 830', 8404, 1088);
INSERT INTO public.pop_player (id, email, nickname, phone_number, pin, user_id) VALUES (1089, 'krcmys.monika@gmail.com', 'Monika Kindlová', '+420732841144', 4355, 1089);
INSERT INTO public.pop_player (id, email, nickname, phone_number, pin, user_id) VALUES (1090, 'krcmys.monika@gmail.com', 'Monča Kindlová', '+420732841144', 9708, 1090);
INSERT INTO public.pop_player (id, email, nickname, phone_number, pin, user_id) VALUES (1091, 'pavel.matoska@seznam.cz', 'Gimli', '731418464', 8972, 1091);
INSERT INTO public.pop_player (id, email, nickname, phone_number, pin, user_id) VALUES (1092, 'mr.stach.martin@gmail.com', 'Martin Štach', '+420730104761', 8473, 1092);
INSERT INTO public.pop_player (id, email, nickname, phone_number, pin, user_id) VALUES (1093, 'mamnovosad@seznam.cz', 'Marek', '+420605851944', 1537, 1093);
INSERT INTO public.pop_player (id, email, nickname, phone_number, pin, user_id) VALUES (1094, 'katerina.tilscherova@seznam.cz', 'Kača', '724060109', 7559, 1094);
INSERT INTO public.pop_player (id, email, nickname, phone_number, pin, user_id) VALUES (1095, 'jenifern@seznam.cz', 'Jeny', '605193856', 3865, 1095);
INSERT INTO public.pop_player (id, email, nickname, phone_number, pin, user_id) VALUES (1096, 'dantomecek@seznam.cz', 'Daniel Tomeček', '+420734145833', 7532, 1096);
INSERT INTO public.pop_player (id, email, nickname, phone_number, pin, user_id) VALUES (1097, 'vacovi.249', 'marie vankova', '733659352', 6811, 1097);
INSERT INTO public.pop_player (id, email, nickname, phone_number, pin, user_id) VALUES (1098, 'terezie.249@icloud.com', 'Terezie Vaňková', '605748723', 2682, 1098);
INSERT INTO public.pop_player (id, email, nickname, phone_number, pin, user_id) VALUES (1099, 'vacovi.249@seznam.cz', 'marie vaňková', '733659352', 2968, 1099);
INSERT INTO public.pop_player (id, email, nickname, phone_number, pin, user_id) VALUES (1100, 'hana.dolni@seznam.cz', 'Hana', '604607574', 1485, 1100);
INSERT INTO public.pop_player (id, email, nickname, phone_number, pin, user_id) VALUES (1101, 'trlicova.dana@seznam.cz', 'Dana', '+420 608 563 736', 7849, 1101);
INSERT INTO public.pop_player (id, email, nickname, phone_number, pin, user_id) VALUES (1102, 'kalacovamichaela@gmail.com', 'Michaela Kaláčová', '723083259', 9746, 1102);
INSERT INTO public.pop_player (id, email, nickname, phone_number, pin, user_id) VALUES (1103, 'ondra.zmelik@seznam.cz', 'Ondřej Změlík', '732741694', 3299, 1103);
INSERT INTO public.pop_player (id, email, nickname, phone_number, pin, user_id) VALUES (1104, 'Stanislavfilgas@centrum.cz', 'stanislqv Filgas', '731896871', 4789, 1104);
INSERT INTO public.pop_player (id, email, nickname, phone_number, pin, user_id) VALUES (1105, 'bajger.j@seznam.cz', 'Jindřich Bajger', '737135016', 1030, 1105);
INSERT INTO public.pop_player (id, email, nickname, phone_number, pin, user_id) VALUES (1106, 'jabajger8@gmail.com', 'Jaroslav Bajger', '605853132', 7986, 1106);
INSERT INTO public.pop_player (id, email, nickname, phone_number, pin, user_id) VALUES (1107, 'IvanaDrgova@seznam.cz', 'Ivana Drgová', '732853333', 4446, 1107);
INSERT INTO public.pop_player (id, email, nickname, phone_number, pin, user_id) VALUES (1108, 'Stanislavfilgas@centrum.cz', 'Stanislav Filgas', '731896871', 1662, 1108);
INSERT INTO public.pop_player (id, email, nickname, phone_number, pin, user_id) VALUES (1109, 'frenkey9@seznam.cz', 'František Brlica', '+420732741617', 6228, 1109);
INSERT INTO public.pop_player (id, email, nickname, phone_number, pin, user_id) VALUES (1110, 'martina.nov80@seznam.cz', 'Martina Novosadová', '603918085', 9555, 1110);
INSERT INTO public.pop_player (id, email, nickname, phone_number, pin, user_id) VALUES (1111, 'olsakradim@gmail.com', 'Radim Olšák', '739471925', 3328, 1111);
INSERT INTO public.pop_player (id, email, nickname, phone_number, pin, user_id) VALUES (1112, 'jan.hrtan@volny.cz', 'Jan Hrtáň', '731456763', 2389, 1112);
INSERT INTO public.pop_player (id, email, nickname, phone_number, pin, user_id) VALUES (1113, 'pavlas.k@centrum.cz', 'pavel', '', 1303, 1113);
INSERT INTO public.pop_player (id, email, nickname, phone_number, pin, user_id) VALUES (1114, 'martinaprukner@seznam.cz', 'Martina Pruknerová', '605247170', 7297, 1114);
INSERT INTO public.pop_player (id, email, nickname, phone_number, pin, user_id) VALUES (1115, 'dan.kubacek@seznam.cz', 'Daniel Kubáček', '732588636', 7639, 1115);
INSERT INTO public.pop_player (id, email, nickname, phone_number, pin, user_id) VALUES (1116, 'tomaszubek2.tz@gmail.com', 'Tomáš Zubek', '', 6744, 1116);
INSERT INTO public.pop_player (id, email, nickname, phone_number, pin, user_id) VALUES (1117, 'karelnemecek75@gmail.com', 'Karel Nemmeček', '777780521', 6702, 1117);
INSERT INTO public.pop_player (id, email, nickname, phone_number, pin, user_id) VALUES (1118, 'rfrysara.rt@gmail.com', 'Fru fru', '777784366', 5136, 1118);
INSERT INTO public.pop_player (id, email, nickname, phone_number, pin, user_id) VALUES (1119, 'magda.lena1@seznam.cz', 'magda', '736770798', 2102, 1119);
INSERT INTO public.pop_player (id, email, nickname, phone_number, pin, user_id) VALUES (1120, 'zsrba@seznam.cz', 'Zbyněk Srba', '734325136', 1194, 1120);
INSERT INTO public.pop_player (id, email, nickname, phone_number, pin, user_id) VALUES (1121, 'tomaszubek2.tz@gmail.com', 'Zubr', '', 5853, 1121);
INSERT INTO public.pop_player (id, email, nickname, phone_number, pin, user_id) VALUES (1122, 'd.kovar2000@gmail.com', 'David Kovář', '776012136', 3242, 1122);
INSERT INTO public.pop_player (id, email, nickname, phone_number, pin, user_id) VALUES (1123, 'oldrich.komarek@precheza.cz', 'oldrich komarek', '606703382', 9327, 1123);
INSERT INTO public.pop_player (id, email, nickname, phone_number, pin, user_id) VALUES (1124, 'karelnemecek75@gmail.com', 'Karel Němeček', '777780521', 4246, 1124);
INSERT INTO public.pop_player (id, email, nickname, phone_number, pin, user_id) VALUES (1125, 'tomaszubek2.tz@gmail.com', 'Tz', '', 9477, 1125);
INSERT INTO public.pop_player (id, email, nickname, phone_number, pin, user_id) VALUES (1126, 'buficzek159@gmail.com', 'Pavel Jochec', '604895662', 7463, 1126);
INSERT INTO public.pop_player (id, email, nickname, phone_number, pin, user_id) VALUES (1127, 'buficzek159@gmail.com', 'Buficzek159', '604895662', 1598, 1127);
INSERT INTO public.pop_player (id, email, nickname, phone_number, pin, user_id) VALUES (1128, 'tomaszubek2.tz@gmail.com', 'Zub', '', 8073, 1128);
INSERT INTO public.pop_player (id, email, nickname, phone_number, pin, user_id) VALUES (1129, 'filakova.m@atlas.cz', 'Michaela Filakova', '723264324', 4538, 1129);
INSERT INTO public.pop_player (id, email, nickname, phone_number, pin, user_id) VALUES (1130, 'michal.jina.vs@gmail.com', 'Michal', '775118123', 5774, 1130);
INSERT INTO public.pop_player (id, email, nickname, phone_number, pin, user_id) VALUES (1131, 'verhyzakova@centrum.cz', 'Veronika Hyžáková', '731565087', 9306, 1131);
INSERT INTO public.pop_player (id, email, nickname, phone_number, pin, user_id) VALUES (1132, 'naselovaadela200@gmail.com', 'Adéla Nášelová', '605854889', 5547, 1132);
INSERT INTO public.pop_player (id, email, nickname, phone_number, pin, user_id) VALUES (1133, 'little.daisi24@gmail.com', 'Adushka', '604177355', 2528, 1133);
INSERT INTO public.pop_player (id, email, nickname, phone_number, pin, user_id) VALUES (1134, 'povalac.t@gmail.com', 'Tomáš Povalač', '605347690', 3928, 1134);
INSERT INTO public.pop_player (id, email, nickname, phone_number, pin, user_id) VALUES (1135, 'naselovi@atlas.cz', 'Olga Švadleňáková', '733585084', 3551, 1135);
INSERT INTO public.pop_player (id, email, nickname, phone_number, pin, user_id) VALUES (1136, 'ainy1@seznam.cz', 'Ivana', '734748618', 3643, 1136);
INSERT INTO public.pop_player (id, email, nickname, phone_number, pin, user_id) VALUES (1137, 'jirkapolansky@seznam.cz', 'Jiří Polanský', '739143218', 9906, 1137);
INSERT INTO public.pop_player (id, email, nickname, phone_number, pin, user_id) VALUES (1138, 'ivanfilak@seznam.cz', 'Ivan Filák', '733644741', 5076, 1138);
INSERT INTO public.pop_player (id, email, nickname, phone_number, pin, user_id) VALUES (1139, 'paveltajzler@seznam.cz', 'Plavec', '739188254', 5079, 1139);
INSERT INTO public.pop_player (id, email, nickname, phone_number, pin, user_id) VALUES (1140, 'michal.polach123@seznam.cz', 'Michal Polách', '731870503', 2436, 1140);
INSERT INTO public.pop_player (id, email, nickname, phone_number, pin, user_id) VALUES (1141, 'lenka.polachova1@gmail.com', 'Lenka Poláchová', '735504930', 8116, 1141);
INSERT INTO public.pop_player (id, email, nickname, phone_number, pin, user_id) VALUES (1142, 'pilcikpatrik@seznam.cz', 'Patrik', '605584635', 1503, 1142);
INSERT INTO public.pop_player (id, email, nickname, phone_number, pin, user_id) VALUES (1143, 'radim.filgas@seznam.cz', 'Radim Filgas', '603390964', 7997, 1143);
INSERT INTO public.pop_player (id, email, nickname, phone_number, pin, user_id) VALUES (1144, 'coky30@seznam.cz', 'Roman', '737846687', 2119, 1144);
INSERT INTO public.pop_player (id, email, nickname, phone_number, pin, user_id) VALUES (1145, 'tomisdanek@seznam.cz', 'Jelen', '+420731498889', 6914, 1145);
INSERT INTO public.pop_player (id, email, nickname, phone_number, pin, user_id) VALUES (1146, 'pavel.budik.jr@email.cz', 'Pavel Budík', '733723304', 8241, 1146);
INSERT INTO public.pop_player (id, email, nickname, phone_number, pin, user_id) VALUES (1147, 'barcaholubcova@seznam.cz', 'Barbora Holubcová', '703467353', 8257, 1147);
INSERT INTO public.pop_player (id, email, nickname, phone_number, pin, user_id) VALUES (1148, 'ondrasopek@seznam.cz', 'Ondřej Sopek', '736122922', 3345, 1148);
INSERT INTO public.pop_player (id, email, nickname, phone_number, pin, user_id) VALUES (1149, 'marek.matus@atlas.cz', 'Marek Matus', '', 9318, 1149);
INSERT INTO public.pop_player (id, email, nickname, phone_number, pin, user_id) VALUES (1150, 'hanzalova.misa@seznam.cz', 'Michaela', '606516785', 9082, 1150);
INSERT INTO public.pop_player (id, email, nickname, phone_number, pin, user_id) VALUES (1151, 'hanzalova.misa@seznam.cz', 'Michaela Hanzalová', '606516785', 1255, 1151);
INSERT INTO public.pop_player (id, email, nickname, phone_number, pin, user_id) VALUES (1152, 'jitka.matusova@gmail.com', 'Jitka', '777861352', 4754, 1152);
INSERT INTO public.pop_player (id, email, nickname, phone_number, pin, user_id) VALUES (1153, 'radomir.hromada237@seznam.cz', 'Radomír Hromada', '725281304', 2566, 1153);
INSERT INTO public.pop_player (id, email, nickname, phone_number, pin, user_id) VALUES (1154, 'janac.michal@seznam.cz', 'Jehně', '+420737757995', 9614, 1154);
INSERT INTO public.pop_player (id, email, nickname, phone_number, pin, user_id) VALUES (1155, 'filip.matus2@gmail.com', 'Filip', '774988576', 8543, 1155);
INSERT INTO public.pop_player (id, email, nickname, phone_number, pin, user_id) VALUES (1156, 'mlady4@seznam.cz', 'Tomas', '601376398', 9015, 1156);
INSERT INTO public.pop_player (id, email, nickname, phone_number, pin, user_id) VALUES (1157, 'manakovar@tiscali.cz', 'Renata Vychopňová', '776376125', 9949, 1157);
INSERT INTO public.pop_player (id, email, nickname, phone_number, pin, user_id) VALUES (1158, 'ondřejdaněk2012@gmail.com', 'Ondřej Daněk', '776667657', 3834, 1158);
INSERT INTO public.pop_player (id, email, nickname, phone_number, pin, user_id) VALUES (1159, 'gd@outlook.cz', 'Pavel Zigmund', '734121592', 9464, 1159);
INSERT INTO public.pop_player (id, email, nickname, phone_number, pin, user_id) VALUES (1160, 'm_rehakova@centrum.cz', 'Martina', '737970575', 4739, 1160);
INSERT INTO public.pop_player (id, email, nickname, phone_number, pin, user_id) VALUES (1161, 'e.evanek@seznam.cz', 'Eva', '732606734', 8202, 1161);
INSERT INTO public.pop_player (id, email, nickname, phone_number, pin, user_id) VALUES (1162, 'josega@seznam.cz', 'Josef G.', '605587095', 8780, 1162);
INSERT INTO public.pop_player (id, email, nickname, phone_number, pin, user_id) VALUES (1163, 'm-stachova@seznam.cz', 'Markéta Štachová', '+420737908723', 6019, 1163);
INSERT INTO public.pop_player (id, email, nickname, phone_number, pin, user_id) VALUES (1164, 'ali.gregor@seznam.cz', 'Ali M', '737001248', 4775, 1164);
INSERT INTO public.pop_player (id, email, nickname, phone_number, pin, user_id) VALUES (1165, 'ladis.rehis@centrum.cz', 'Ladislove', '734567674', 2853, 1165);
INSERT INTO public.pop_player (id, email, nickname, phone_number, pin, user_id) VALUES (1166, 'petis4@seznam.cz', 'Petr_Daněk', '730166788', 2547, 1166);
INSERT INTO public.pop_player (id, email, nickname, phone_number, pin, user_id) VALUES (1167, 'pastorkova.lucie3@gmail.com', 'Lucie', '604586332', 5922, 1167);
INSERT INTO public.pop_player (id, email, nickname, phone_number, pin, user_id) VALUES (1168, 'm.kuncar@seznam.cz', 'michal kuncar', '603563027', 8997, 1168);
INSERT INTO public.pop_player (id, email, nickname, phone_number, pin, user_id) VALUES (1169, 'petrsipula@centrum.cz', 'Petr Šipula', '+420605512512', 1936, 1169);
INSERT INTO public.pop_player (id, email, nickname, phone_number, pin, user_id) VALUES (1170, 'dan.kubacek@seznam.cz', 'Dan Kubáček', '732588636', 4614, 1170);
INSERT INTO public.pop_player (id, email, nickname, phone_number, pin, user_id) VALUES (1171, 'czechmatej@gmail.com', 'Matěj Čech', '+420 731 594 890', 6697, 1171);
INSERT INTO public.pop_player (id, email, nickname, phone_number, pin, user_id) VALUES (1172, 'petradrevojankova@gmail.com', 'Petra Machacova', '731614506', 2872, 1172);
INSERT INTO public.pop_player (id, email, nickname, phone_number, pin, user_id) VALUES (1173, 'm.horelka98@gmail.com', 'Martin Hořelka', '739842848', 5145, 1173);
INSERT INTO public.pop_player (id, email, nickname, phone_number, pin, user_id) VALUES (1174, '09mareksmely@gmail.com', 'Marek Smělý', '732733509', 3852, 1174);
INSERT INTO public.pop_player (id, email, nickname, phone_number, pin, user_id) VALUES (1175, 'ange@email.cz', 'Agnieszka Serafin', '731344270', 9592, 1175);
INSERT INTO public.pop_player (id, email, nickname, phone_number, pin, user_id) VALUES (1176, 'mgargulak1@seznam.cz', 'Mira Gargulák', '777023232', 7856, 1176);
INSERT INTO public.pop_player (id, email, nickname, phone_number, pin, user_id) VALUES (1177, 'michaelatvaruzkova@email.cz', 'Michaela Tvarůžková', '605488647', 9207, 1177);
INSERT INTO public.pop_player (id, email, nickname, phone_number, pin, user_id) VALUES (1178, 'kubas06@seznam.cz', 'jakub Vaněk', '731202972', 4048, 1178);
INSERT INTO public.pop_player (id, email, nickname, phone_number, pin, user_id) VALUES (1179, 'kubas06@seznam.cz', 'Jakub Vaněk', '731202972', 6059, 1179);
INSERT INTO public.pop_player (id, email, nickname, phone_number, pin, user_id) VALUES (1180, 'hanzalova.misa@seznam.cz', 'michaela hanzalova', '606516785', 4478, 1180);
INSERT INTO public.pop_player (id, email, nickname, phone_number, pin, user_id) VALUES (1181, 'ksery@seznam.cz', 'Kamil Šerý', '', 6505, 1181);
INSERT INTO public.pop_player (id, email, nickname, phone_number, pin, user_id) VALUES (1182, 'natamachuk@seznam.cz', 'Natálie', '739986303', 2559, 1182);
INSERT INTO public.pop_player (id, email, nickname, phone_number, pin, user_id) VALUES (1183, 'martin-ondrus@seznam.cz', 'marthy89', '', 2258, 1183);
INSERT INTO public.pop_player (id, email, nickname, phone_number, pin, user_id) VALUES (1184, 'miernaalena@centrum.cz', 'ALena Mierna', '732355549', 3546, 1184);
INSERT INTO public.pop_player (id, email, nickname, phone_number, pin, user_id) VALUES (1185, 'gargulakovamartina1@gmail.com', 'martina', '', 7358, 1185);
INSERT INTO public.pop_player (id, email, nickname, phone_number, pin, user_id) VALUES (1186, 'gargulakovamartina1@gmail.com', 'Martina g.', '605898338', 9512, 1186);
INSERT INTO public.pop_player (id, email, nickname, phone_number, pin, user_id) VALUES (1187, 'radomir.hajek@seznam.cz', 'Radomír', '605464383', 5971, 1187);
INSERT INTO public.pop_player (id, email, nickname, phone_number, pin, user_id) VALUES (1188, 'zuzivrzka@seznam.cz', 'Zuzana Maliňáková', '603713957', 6570, 1188);
INSERT INTO public.pop_player (id, email, nickname, phone_number, pin, user_id) VALUES (1189, 'surovec.zdenek@seznam.cz', 'Zdeněk Surovec', '720396129', 8005, 1189);
INSERT INTO public.pop_player (id, email, nickname, phone_number, pin, user_id) VALUES (1190, 'jkb.vvr@gmail.com', 'Jakub', '604751725', 6642, 1190);
INSERT INTO public.pop_player (id, email, nickname, phone_number, pin, user_id) VALUES (1191, 'ondřejdaněk2012@gmail.com', 'Ondřej Daněk ppppp', '776667657', 5995, 1191);
INSERT INTO public.pop_player (id, email, nickname, phone_number, pin, user_id) VALUES (1192, 'charlotta.ja@seznam.cz', 'Šárka', '720762608', 1539, 1192);
INSERT INTO public.pop_player (id, email, nickname, phone_number, pin, user_id) VALUES (1193, 'zaneta.dankova@post.cz', 'Žaneta Vokáčová', '777185267', 2287, 1193);
INSERT INTO public.pop_player (id, email, nickname, phone_number, pin, user_id) VALUES (1194, 'l.smolikova@centrum.cz', 'Ludmila', '605221079', 2389, 1194);
INSERT INTO public.pop_player (id, email, nickname, phone_number, pin, user_id) VALUES (1195, 'p.skypalova@seznam.cz', 'petra Skypalova', '737163971', 7999, 1195);
INSERT INTO public.pop_player (id, email, nickname, phone_number, pin, user_id) VALUES (1196, 'adip@seznam.cz', 'Ales', '605476837', 1994, 1196);
INSERT INTO public.pop_player (id, email, nickname, phone_number, pin, user_id) VALUES (1197, 'skrlova.ruzena@seznam.cz', 'Růžena Škrlová', '731154258', 5310, 1197);
INSERT INTO public.pop_player (id, email, nickname, phone_number, pin, user_id) VALUES (1198, 'hrnova.renata@seznam.cz', 'Renata Hrnova', '603258989', 8480, 1198);
INSERT INTO public.pop_player (id, email, nickname, phone_number, pin, user_id) VALUES (1199, 'radmila.trochtova@seznam.cz@', 'Radmila', '+420737831028', 7354, 1199);
INSERT INTO public.pop_player (id, email, nickname, phone_number, pin, user_id) VALUES (1200, 'rostislav.zvonek@icloud.com', 'Rostislav Zvonek', '724464193', 5786, 1200);
INSERT INTO public.pop_player (id, email, nickname, phone_number, pin, user_id) VALUES (1201, 'marta.zvonkova@centrum.cz', 'Marta Zvonková', '605883018', 6544, 1201);
INSERT INTO public.pop_player (id, email, nickname, phone_number, pin, user_id) VALUES (1202, 'msrbova23@seznam.cz', 'Monika Janáčová', '+420732942249', 4099, 1202);
INSERT INTO public.pop_player (id, email, nickname, phone_number, pin, user_id) VALUES (1203, 'm.behunek@gmail.com', 'Myshak', '777004311', 3111, 1203);
INSERT INTO public.pop_player (id, email, nickname, phone_number, pin, user_id) VALUES (1204, 'Josea@seznam.cz', 'Tomáš Juřica', '739803263', 1951, 1204);
INSERT INTO public.pop_player (id, email, nickname, phone_number, pin, user_id) VALUES (1205, 'petr.barcak@seznam.cz', 'Petr Barčák', '', 4893, 1205);
INSERT INTO public.pop_player (id, email, nickname, phone_number, pin, user_id) VALUES (1206, 'tajzlerovalenka@seznam.cz', 'Lenka Tajzlerová', '603461490', 7727, 1206);
INSERT INTO public.pop_player (id, email, nickname, phone_number, pin, user_id) VALUES (1207, 'jantajzler@seznam.cz', 'Jan Tajzler', '604787841', 2033, 1207);
INSERT INTO public.pop_player (id, email, nickname, phone_number, pin, user_id) VALUES (1208, 'M.hnatekmail@centrum.cz', 'Martin Hnatek', '604434941', 9577, 1208);
INSERT INTO public.pop_player (id, email, nickname, phone_number, pin, user_id) VALUES (1209, 'cmajdalkaj@gmail.com', 'Ludmila59', '732112995', 3182, 1209);
INSERT INTO public.pop_player (id, email, nickname, phone_number, pin, user_id) VALUES (1210, 'Korenek.tomas@gmail.com', 'korenac', '724450932', 5097, 1210);
INSERT INTO public.pop_player (id, email, nickname, phone_number, pin, user_id) VALUES (1211, 'vitalaska', 'Petr Láska', '734280857', 7128, 1211);
INSERT INTO public.pop_player (id, email, nickname, phone_number, pin, user_id) VALUES (1212, 'lason@centrum.cz', 'PetrLaska', '734280857', 6351, 1212);
INSERT INTO public.pop_player (id, email, nickname, phone_number, pin, user_id) VALUES (1213, 'm.jatel@seznqm.cz', 'miroslav jatel', '775967359', 3925, 1213);
INSERT INTO public.pop_player (id, email, nickname, phone_number, pin, user_id) VALUES (1214, 'Tobias.Janis@seznam.cz', 'tobias janiš', '739244886', 3447, 1214);
INSERT INTO public.pop_player (id, email, nickname, phone_number, pin, user_id) VALUES (1215, 'miloslav.ondracek@seznam.cz', 'Miloslav Ondráček', '601302484', 8349, 1215);
INSERT INTO public.pop_player (id, email, nickname, phone_number, pin, user_id) VALUES (1216, 'dagmar.polachova1@seznam.cz', 'Dagmar Poláchová', '+420604865699', 2991, 1216);
INSERT INTO public.pop_player (id, email, nickname, phone_number, pin, user_id) VALUES (1217, 'jiri.polach1@seznam.cz', 'Jiří Polách', '604865799', 2360, 1217);
INSERT INTO public.pop_player (id, email, nickname, phone_number, pin, user_id) VALUES (1218, 'aneta.stuskova@gmail.com', 'aneta', '739709702', 2527, 1218);
INSERT INTO public.pop_player (id, email, nickname, phone_number, pin, user_id) VALUES (1219, 'aneta.stuskova@gmail.com', 'aneta štůsková', '739709702', 7955, 1219);
INSERT INTO public.pop_player (id, email, nickname, phone_number, pin, user_id) VALUES (1220, 'Schotto@seznam.cz', 'Otto Schieferdecker', '736127953', 6340, 1220);
INSERT INTO public.pop_player (id, email, nickname, phone_number, pin, user_id) VALUES (1221, 'zaahy@seznam.cz', 'zaahy', '+420732446987', 1174, 1221);
