--
-- PostgreSQL database dump
--

-- Dumped from database version 16.3 (Ubuntu 16.3-1.pgdg20.04+1)
-- Dumped by pg_dump version 16.2

-- Started on 2024-07-07 11:21:10

SET statement_timeout = 0;
SET lock_timeout = 0;
SET idle_in_transaction_session_timeout = 0;
SET client_encoding = 'UTF8';
SET standard_conforming_strings = on;
SELECT pg_catalog.set_config('search_path', '', false);
SET check_function_bodies = false;
SET xmloption = content;
SET client_min_messages = warning;
SET row_security = off;

--
-- TOC entry 4390 (class 0 OID 2343220)
-- Dependencies: 227
-- Data for Name: game_info; Type: TABLE DATA; Schema: public; Owner: yvfqbqqqabpzca
--

INSERT INTO public.game_info (id, end_game, map_url, partners, start_game, year, facebook_url, minimum_stamps) VALUES (1, '2024-07-05 19:15:00', 'https://www.google.com/maps/d/u/0/edit?mid=1eoawVUhrjiEn7Ub68jmnkLUymyniq3E&usp=sharing', 'Cash&Carry Salvetov치;
David Kostka;
D콏evoobchod Li코ka;
fotoRAB - Pavel Rabas;
Hospoda U n치s;
Obec Vala코sk치 Polanka;
Pivn칤 Kr치mek Zl칤n;
TJ Sokol Vala코sk치 Polanka;', '2024-07-05 13:15:00', 2024, 'https://www.facebook.com/share/kVHKeu7eP1DuTWRS/', 4);


--
-- TOC entry 4391 (class 0 OID 2343227)
-- Dependencies: 228
-- Data for Name: pop_feedback; Type: TABLE DATA; Schema: public; Owner: yvfqbqqqabpzca
--

INSERT INTO public.pop_feedback (id, text, "timestamp", player_id) VALUES (1, 'Slevnil bych pivo... 游뱎', '2023-07-05 15:00:00', 1004);
INSERT INTO public.pop_feedback (id, text, "timestamp", player_id) VALUES (2, 'Jupijou, diplom pecka!', '2023-07-05 15:00:00', 1001);
INSERT INTO public.pop_feedback (id, text, "timestamp", player_id) VALUES (3, 'Trasa super, ka쬯op치dn캩 v m칤st캩 n캩kter칳ch zast치vek nebyl sign치l, tedy ne코lo naskenovat QRk칩d. Taky by se hodilo vid캩t n캩kde na str치nk치ch info o tom, kdy se bude losovat tombola. ', '2023-07-05 15:00:00', 1141);
INSERT INTO public.pop_feedback (id, text, "timestamp", player_id) VALUES (4, 'My코lenka aplikace nebyla 코patn치. Ale ikdy jsem m캩l pln캩 nabit칳 telefon i neomezen치 data, tak na stanovi코ti u cyklopartyje absolutn캩 쮂멳n칳 sign치l a tedy bez zn치mky. Tu jsem jen vyfotil, ale u se j칤 nepoda콏ilo do aplikace p콏idat. Tak snad p콏칤코t캩 rad캩ji klasick칠 karti캜ky a raz칤tka. Jinak p콏칤jemn치 akce.', '2023-07-05 15:00:00', 1204);
INSERT INTO public.pop_feedback (id, text, "timestamp", player_id) VALUES (5, 'Velk치 gratulace po콏adatel콢m,super akce, u se t캩코칤m na dal코칤 ro캜n칤k 游때', '2023-07-05 15:00:00', 1012);
INSERT INTO public.pop_feedback (id, text, "timestamp", player_id) VALUES (20240000, '------------ Feedbacky za lonsky rok konci tady -----------', '2024-05-07 17:50:06.772718', 1004);
INSERT INTO public.pop_feedback (id, text, "timestamp", player_id) VALUES (20240001, 'Super. Hlavn캩 pokra캜ovat!!!', '2024-07-05 17:28:05.129312', 20240017);


--
-- TOC entry 4392 (class 0 OID 2343234)
-- Dependencies: 229
-- Data for Name: pop_player; Type: TABLE DATA; Schema: public; Owner: yvfqbqqqabpzca
--

INSERT INTO public.pop_player (id, email, nickname, phone_number, pin, user_id) VALUES (1001, 'rab2@seznam.cz', 'Pavel', '724026376', 7566, 1001);
INSERT INTO public.pop_player (id, email, nickname, phone_number, pin, user_id) VALUES (1003, 'johana.matusova@gmail.com', 'Johana', '+420 773 622 605', 7837, 1003);
INSERT INTO public.pop_player (id, email, nickname, phone_number, pin, user_id) VALUES (1004, 'seplet@gmail.com', 'Sepletinho', '737916630', 5641, 1004);
INSERT INTO public.pop_player (id, email, nickname, phone_number, pin, user_id) VALUES (1076, 'terkamikulenkova1@gmail.com', 'Terka Mikulenkov치', '', 6206, 1076);
INSERT INTO public.pop_player (id, email, nickname, phone_number, pin, user_id) VALUES (1010, 'dejv.kindl@seznam.cz', 'David', '603844477', 3113, 1010);
INSERT INTO public.pop_player (id, email, nickname, phone_number, pin, user_id) VALUES (1011, 'petrdanek11@gmail.com', 'Petr Dan캩k', '+420737611754', 7223, 1011);
INSERT INTO public.pop_player (id, email, nickname, phone_number, pin, user_id) VALUES (1012, 'phurtikova@seznam.cz', 'Petra', '604791413', 7930, 1012);
INSERT INTO public.pop_player (id, email, nickname, phone_number, pin, user_id) VALUES (1013, 'petranovotna23@seznam.cz', 'Petra Novotn치', '+420 731 475 086', 6134, 1013);
INSERT INTO public.pop_player (id, email, nickname, phone_number, pin, user_id) VALUES (1014, 'stepankanemecek@seznam.cz', '코t캩p치nka n캩me캜kov치', '731348026', 7972, 1014);
INSERT INTO public.pop_player (id, email, nickname, phone_number, pin, user_id) VALUES (1015, 'stepankanemecek@seznam.cz', 'pavel n캩me캜ek', '731348026', 8068, 1015);
INSERT INTO public.pop_player (id, email, nickname, phone_number, pin, user_id) VALUES (1016, 'Michal1@seznam.cz', 'Chanok', '728213551', 9547, 1016);
INSERT INTO public.pop_player (id, email, nickname, phone_number, pin, user_id) VALUES (1017, 'pepi.mety@seznam.cz', 'Pe콘ul칤ne캜ka', '725 100 681', 5862, 1017);
INSERT INTO public.pop_player (id, email, nickname, phone_number, pin, user_id) VALUES (1018, 'lidajaja@seznam.cz', 'Ludmila Ju콏icov치', '736 127 050', 8136, 1018);
INSERT INTO public.pop_player (id, email, nickname, phone_number, pin, user_id) VALUES (1019, 'kaluz564@seznam.cz', 'Radek 맛lak', '+420732785577', 3448, 1019);
INSERT INTO public.pop_player (id, email, nickname, phone_number, pin, user_id) VALUES (1020, 'katerina.valcharova@centrum.cz', 'Kate콏ina Valch치콏ov치', '721201200', 7102, 1020);
INSERT INTO public.pop_player (id, email, nickname, phone_number, pin, user_id) VALUES (1021, 'radim.mikulastik@seznam.cz', 'Radim Mikul치코t칤k', '', 2919, 1021);
INSERT INTO public.pop_player (id, email, nickname, phone_number, pin, user_id) VALUES (1022, 'dblazek73@seznam.cz', 'Daniel', '732472425', 6769, 1022);
INSERT INTO public.pop_player (id, email, nickname, phone_number, pin, user_id) VALUES (1023, 'ondrejfilgas1@gmail.com', 'Ond콏ej', '739 291 737', 2322, 1023);
INSERT INTO public.pop_player (id, email, nickname, phone_number, pin, user_id) VALUES (1024, 'terezkamartincova1@gmail.com', 'Tereza Martincov치', '', 2252, 1024);
INSERT INTO public.pop_player (id, email, nickname, phone_number, pin, user_id) VALUES (1025, 'matejkosecky@gmail.com', 'Matej', '+421905151180', 2069, 1025);
INSERT INTO public.pop_player (id, email, nickname, phone_number, pin, user_id) VALUES (1026, 'dsefr@centrum.cz', 'Daniel 만fr', '720958979', 7447, 1026);
INSERT INTO public.pop_player (id, email, nickname, phone_number, pin, user_id) VALUES (1027, 'dusan.kosecky@gmail.com', 'Du코an Ko코eck칳', '+421907718380', 6477, 1027);
INSERT INTO public.pop_player (id, email, nickname, phone_number, pin, user_id) VALUES (1028, 'tomasovic.tomas@gmail.com', 'Tom치코', '+421908861474', 4597, 1028);
INSERT INTO public.pop_player (id, email, nickname, phone_number, pin, user_id) VALUES (1029, 'cotsoor@gmail.com', 'Kocur', '+421903730413', 6529, 1029);
INSERT INTO public.pop_player (id, email, nickname, phone_number, pin, user_id) VALUES (1030, 'rapishek@seznam.cz', 'Petr Rapant', '604405694', 3786, 1030);
INSERT INTO public.pop_player (id, email, nickname, phone_number, pin, user_id) VALUES (1031, 'jarekzidek@seznam.cz', 'Jaroslav 콯칤dek', '739293458', 4326, 1031);
INSERT INTO public.pop_player (id, email, nickname, phone_number, pin, user_id) VALUES (1032, 'trnici@centrum.cz', 'Kate콏ina Trnov치', '736653352', 6936, 1032);
INSERT INTO public.pop_player (id, email, nickname, phone_number, pin, user_id) VALUES (1033, 'blazovina@gmail.com', 'tom blazek', '605 845 366', 2206, 1033);
INSERT INTO public.pop_player (id, email, nickname, phone_number, pin, user_id) VALUES (1034, 'zuzka.sis@seznam.cz', 'zuzana tajzlerova', '605350614', 8721, 1034);
INSERT INTO public.pop_player (id, email, nickname, phone_number, pin, user_id) VALUES (1035, 'vychopenzdenek@gmail.com', 'zdenek vychope켿', '777563258', 9782, 1035);
INSERT INTO public.pop_player (id, email, nickname, phone_number, pin, user_id) VALUES (1036, 'jenynavratova@gmail.com', 'Jenifer', '605193856', 9162, 1036);
INSERT INTO public.pop_player (id, email, nickname, phone_number, pin, user_id) VALUES (1037, 'agla.cz@gmail.com', 'Marie S치dl칤kov치', '777920433', 5226, 1037);
INSERT INTO public.pop_player (id, email, nickname, phone_number, pin, user_id) VALUES (1038, 'lukas.karola@gmail.com', 'Loll칤nek', '731790312', 1683, 1038);
INSERT INTO public.pop_player (id, email, nickname, phone_number, pin, user_id) VALUES (1039, 'hanaz8@seznam.cz', 'Hanicka', '', 1875, 1039);
INSERT INTO public.pop_player (id, email, nickname, phone_number, pin, user_id) VALUES (1040, 'katerina.tilscherova@seznam.cz', 'Kate콏ina Tilscherov치', '+420724060109', 5686, 1040);
INSERT INTO public.pop_player (id, email, nickname, phone_number, pin, user_id) VALUES (1041, 'matyas-blazek@seznam.cz', 'Maty치코 Bla쬰k', '731942819', 7269, 1041);
INSERT INTO public.pop_player (id, email, nickname, phone_number, pin, user_id) VALUES (1042, 'rfilak@seznam.cz', 'Richard Filak', '605440396', 4407, 1042);
INSERT INTO public.pop_player (id, email, nickname, phone_number, pin, user_id) VALUES (1043, 'morvayova@centrum.cz', 'Ad칠la Morvayov치', '737958430', 3666, 1043);
INSERT INTO public.pop_player (id, email, nickname, phone_number, pin, user_id) VALUES (1044, 'lidkadob@gmail.com', 'Lidkadob', '737448443', 6422, 1044);
INSERT INTO public.pop_player (id, email, nickname, phone_number, pin, user_id) VALUES (1045, 'kmina@seznam.cz', 'Jind콏ich', '720979610', 5019, 1045);
INSERT INTO public.pop_player (id, email, nickname, phone_number, pin, user_id) VALUES (1046, 'petanek.kral@seznam.cz', 'Petr Kr치l', '+420732260608', 6633, 1046);
INSERT INTO public.pop_player (id, email, nickname, phone_number, pin, user_id) VALUES (1047, 'petrik.jerabek@gmail.com', 'Petr Je콏치bek', '774654281', 9381, 1047);
INSERT INTO public.pop_player (id, email, nickname, phone_number, pin, user_id) VALUES (1048, 'tomsova.adela@seznam.cz', 'atomsova', '+420604177355', 9571, 1048);
INSERT INTO public.pop_player (id, email, nickname, phone_number, pin, user_id) VALUES (1049, 'reyjiri@seznam.cz', 'Ji콏칤', '+420736163057', 3251, 1049);
INSERT INTO public.pop_player (id, email, nickname, phone_number, pin, user_id) VALUES (1050, 'reyjiri@seznam.cz', 'Jord', '+420736163057', 8968, 1050);
INSERT INTO public.pop_player (id, email, nickname, phone_number, pin, user_id) VALUES (1051, 'katemikusova@seznam.cz', 'Kate콏ina Miku코ov치', '732511738', 5761, 1051);
INSERT INTO public.pop_player (id, email, nickname, phone_number, pin, user_id) VALUES (1052, 'janca.reznickova@email.cz', 'Team_Arnie', '605 926 416', 3614, 1052);
INSERT INTO public.pop_player (id, email, nickname, phone_number, pin, user_id) VALUES (1053, 'tomkovaligura@seznam.cz', 'Tom치코 Valigura', '730658502', 2316, 1053);
INSERT INTO public.pop_player (id, email, nickname, phone_number, pin, user_id) VALUES (1054, 'jan.syptak@seznam.cz', 'Jan Sypt치k', '739168749', 1049, 1054);
INSERT INTO public.pop_player (id, email, nickname, phone_number, pin, user_id) VALUES (1055, 'cerna1Eva@seznam.cz', 'Eva Mikulenkov치', '', 6757, 1055);
INSERT INTO public.pop_player (id, email, nickname, phone_number, pin, user_id) VALUES (1056, 'daniel.romanovsky2000@gmail.com', 'Daniel 2000', '727970517', 5336, 1056);
INSERT INTO public.pop_player (id, email, nickname, phone_number, pin, user_id) VALUES (1057, 'l.krahulik@email.cz', 'lukas krahulik', '606788948', 5785, 1057);
INSERT INTO public.pop_player (id, email, nickname, phone_number, pin, user_id) VALUES (1058, 'petrkuncar@seznam.cz', 'Petr Kun캜ar', '607124262', 7909, 1058);
INSERT INTO public.pop_player (id, email, nickname, phone_number, pin, user_id) VALUES (1059, 'kmvm@centrum.cz', 'Kub치t', '+420732830296', 9880, 1059);
INSERT INTO public.pop_player (id, email, nickname, phone_number, pin, user_id) VALUES (1060, 'xramok@gmail.com', 'Radek S치dl칤k', '777749779', 4553, 1060);
INSERT INTO public.pop_player (id, email, nickname, phone_number, pin, user_id) VALUES (1061, 'vatik.volek@seznam.cz', 'Vlastimil Volek', '603373625', 8141, 1061);
INSERT INTO public.pop_player (id, email, nickname, phone_number, pin, user_id) VALUES (1062, 'jiri.keszegh@seznam.cz', 'Ji콏칤 Keszegh', '605767531', 7536, 1062);
INSERT INTO public.pop_player (id, email, nickname, phone_number, pin, user_id) VALUES (1063, 'Inka.Skyvova@seznam.cz', 'Jind콏i코ka Sk칳vov치', '604673886', 3985, 1063);
INSERT INTO public.pop_player (id, email, nickname, phone_number, pin, user_id) VALUES (1064, 'zuzka.huska@email.cz', 'Zuzana Huskova', '605853656', 8446, 1064);
INSERT INTO public.pop_player (id, email, nickname, phone_number, pin, user_id) VALUES (1065, 'tkadlecova27@seznam.cz', 'Tkadlecov치 Hana', '739992317', 3772, 1065);
INSERT INTO public.pop_player (id, email, nickname, phone_number, pin, user_id) VALUES (1066, 'daidar@email.cz', 'Josef V치clav칤k', '739843969', 3927, 1066);
INSERT INTO public.pop_player (id, email, nickname, phone_number, pin, user_id) VALUES (1067, 'dankovakristina@seznam.cz', 'Krisrina Da켿kov치', '728320315', 1627, 1067);
INSERT INTO public.pop_player (id, email, nickname, phone_number, pin, user_id) VALUES (1068, 'scibulec@post.cz', 'cibi', '608784474', 4427, 1068);
INSERT INTO public.pop_player (id, email, nickname, phone_number, pin, user_id) VALUES (1069, 'marek.hana@outlook.cz', 'Marek H치na', '732828454', 7847, 1069);
INSERT INTO public.pop_player (id, email, nickname, phone_number, pin, user_id) VALUES (1070, 'pepacmajda@gmail.com', 'Josef', '702035457', 7304, 1070);
INSERT INTO public.pop_player (id, email, nickname, phone_number, pin, user_id) VALUES (1071, 'orsmar@gmail.com', 'Vagant', '603764979', 5734, 1071);
INSERT INTO public.pop_player (id, email, nickname, phone_number, pin, user_id) VALUES (1072, 'vychi@post.cz', 'Ondra Vychope켿', '605775709', 5577, 1072);
INSERT INTO public.pop_player (id, email, nickname, phone_number, pin, user_id) VALUES (1073, 'lukindrga@gmail.com', 'Luk치코 Drga', '+420 731 973 386', 5864, 1073);
INSERT INTO public.pop_player (id, email, nickname, phone_number, pin, user_id) VALUES (1074, 'dankova.simona@email.cz', 'Simona Da켿kov치', '605963138', 2922, 1074);
INSERT INTO public.pop_player (id, email, nickname, phone_number, pin, user_id) VALUES (1075, 'baletkavlastimil@seznam.cz se', 'Vlastimil Baletka', '604242923', 2466, 1075);
INSERT INTO public.pop_player (id, email, nickname, phone_number, pin, user_id) VALUES (1077, 'xjana.hofmanova@seznam.cz', 'Jana Hofmanov치', '739233837', 5151, 1077);
INSERT INTO public.pop_player (id, email, nickname, phone_number, pin, user_id) VALUES (1078, 'vavrusmartin@gmail.com', 'Vavru코 Martin', '+420604380025', 6324, 1078);
INSERT INTO public.pop_player (id, email, nickname, phone_number, pin, user_id) VALUES (1079, 'radim.dancak@seznam.cz', 'Radim Dan캜치k', '737962385', 7960, 1079);
INSERT INTO public.pop_player (id, email, nickname, phone_number, pin, user_id) VALUES (1081, 'paja1017@seznam.cz', 'Pavla', '731586297', 1897, 1081);
INSERT INTO public.pop_player (id, email, nickname, phone_number, pin, user_id) VALUES (1082, 'xkremilek@gmail.com', 'Pavel Pol치ch', '739187654', 1500, 1082);
INSERT INTO public.pop_player (id, email, nickname, phone_number, pin, user_id) VALUES (1083, 'pepe.ptacek@seznam.cz', 'Pepe', '604645459', 4037, 1083);
INSERT INTO public.pop_player (id, email, nickname, phone_number, pin, user_id) VALUES (1084, 'lidka.ptackova@seznam.cz', 'Lidu코ka Pt치캜kov치', '739700274', 2255, 1084);
INSERT INTO public.pop_player (id, email, nickname, phone_number, pin, user_id) VALUES (1085, 'srbovazuz', 'Zuzana Srbov치', '777955263', 8961, 1085);
INSERT INTO public.pop_player (id, email, nickname, phone_number, pin, user_id) VALUES (1086, 'pepe.ptacek@seznam.cz', 'Josef Pepe Pt먟껸k', '604645459', 6074, 1086);
INSERT INTO public.pop_player (id, email, nickname, phone_number, pin, user_id) VALUES (1087, 'maharisi@seznam.cz', 'Ji콏ina', '', 8691, 1087);
INSERT INTO public.pop_player (id, email, nickname, phone_number, pin, user_id) VALUES (1088, 'danielpastorek88@gmail.com', 'Daniel Pastorek', '+420 732 182 830', 8404, 1088);
INSERT INTO public.pop_player (id, email, nickname, phone_number, pin, user_id) VALUES (1089, 'krcmys.monika@gmail.com', 'Monika Kindlov치', '+420732841144', 4355, 1089);
INSERT INTO public.pop_player (id, email, nickname, phone_number, pin, user_id) VALUES (1090, 'krcmys.monika@gmail.com', 'Mon캜a Kindlov치', '+420732841144', 9708, 1090);
INSERT INTO public.pop_player (id, email, nickname, phone_number, pin, user_id) VALUES (1091, 'pavel.matoska@seznam.cz', 'Gimli', '731418464', 8972, 1091);
INSERT INTO public.pop_player (id, email, nickname, phone_number, pin, user_id) VALUES (1092, 'mr.stach.martin@gmail.com', 'Martin 맚ach', '+420730104761', 8473, 1092);
INSERT INTO public.pop_player (id, email, nickname, phone_number, pin, user_id) VALUES (1093, 'mamnovosad@seznam.cz', 'Marek', '+420605851944', 1537, 1093);
INSERT INTO public.pop_player (id, email, nickname, phone_number, pin, user_id) VALUES (1094, 'katerina.tilscherova@seznam.cz', 'Ka캜a', '724060109', 7559, 1094);
INSERT INTO public.pop_player (id, email, nickname, phone_number, pin, user_id) VALUES (1095, 'jenifern@seznam.cz', 'Jeny', '605193856', 3865, 1095);
INSERT INTO public.pop_player (id, email, nickname, phone_number, pin, user_id) VALUES (1096, 'dantomecek@seznam.cz', 'Daniel Tome캜ek', '+420734145833', 7532, 1096);
INSERT INTO public.pop_player (id, email, nickname, phone_number, pin, user_id) VALUES (1097, 'vacovi.249', 'marie vankova', '733659352', 6811, 1097);
INSERT INTO public.pop_player (id, email, nickname, phone_number, pin, user_id) VALUES (1098, 'terezie.249@icloud.com', 'Terezie Va켿kov치', '605748723', 2682, 1098);
INSERT INTO public.pop_player (id, email, nickname, phone_number, pin, user_id) VALUES (1099, 'vacovi.249@seznam.cz', 'marie va켿kov치', '733659352', 2968, 1099);
INSERT INTO public.pop_player (id, email, nickname, phone_number, pin, user_id) VALUES (1100, 'hana.dolni@seznam.cz', 'Hana', '604607574', 1485, 1100);
INSERT INTO public.pop_player (id, email, nickname, phone_number, pin, user_id) VALUES (1101, 'trlicova.dana@seznam.cz', 'Dana', '+420 608 563 736', 7849, 1101);
INSERT INTO public.pop_player (id, email, nickname, phone_number, pin, user_id) VALUES (1102, 'kalacovamichaela@gmail.com', 'Michaela Kal치캜ov치', '723083259', 9746, 1102);
INSERT INTO public.pop_player (id, email, nickname, phone_number, pin, user_id) VALUES (1103, 'ondra.zmelik@seznam.cz', 'Ond콏ej Zm캩l칤k', '732741694', 3299, 1103);
INSERT INTO public.pop_player (id, email, nickname, phone_number, pin, user_id) VALUES (1104, 'Stanislavfilgas@centrum.cz', 'stanislqv Filgas', '731896871', 4789, 1104);
INSERT INTO public.pop_player (id, email, nickname, phone_number, pin, user_id) VALUES (1105, 'bajger.j@seznam.cz', 'Jind콏ich Bajger', '737135016', 1030, 1105);
INSERT INTO public.pop_player (id, email, nickname, phone_number, pin, user_id) VALUES (1106, 'jabajger8@gmail.com', 'Jaroslav Bajger', '605853132', 7986, 1106);
INSERT INTO public.pop_player (id, email, nickname, phone_number, pin, user_id) VALUES (1107, 'IvanaDrgova@seznam.cz', 'Ivana Drgov치', '732853333', 4446, 1107);
INSERT INTO public.pop_player (id, email, nickname, phone_number, pin, user_id) VALUES (1108, 'Stanislavfilgas@centrum.cz', 'Stanislav Filgas', '731896871', 1662, 1108);
INSERT INTO public.pop_player (id, email, nickname, phone_number, pin, user_id) VALUES (1109, 'frenkey9@seznam.cz', 'Franti코ek Brlica', '+420732741617', 6228, 1109);
INSERT INTO public.pop_player (id, email, nickname, phone_number, pin, user_id) VALUES (1110, 'martina.nov80@seznam.cz', 'Martina Novosadov치', '603918085', 9555, 1110);
INSERT INTO public.pop_player (id, email, nickname, phone_number, pin, user_id) VALUES (1111, 'olsakradim@gmail.com', 'Radim Ol코치k', '739471925', 3328, 1111);
INSERT INTO public.pop_player (id, email, nickname, phone_number, pin, user_id) VALUES (1112, 'jan.hrtan@volny.cz', 'Jan Hrt치켿', '731456763', 2389, 1112);
INSERT INTO public.pop_player (id, email, nickname, phone_number, pin, user_id) VALUES (1113, 'pavlas.k@centrum.cz', 'pavel', '', 1303, 1113);
INSERT INTO public.pop_player (id, email, nickname, phone_number, pin, user_id) VALUES (1114, 'martinaprukner@seznam.cz', 'Martina Pruknerov치', '605247170', 7297, 1114);
INSERT INTO public.pop_player (id, email, nickname, phone_number, pin, user_id) VALUES (1115, 'dan.kubacek@seznam.cz', 'Daniel Kub치캜ek', '732588636', 7639, 1115);
INSERT INTO public.pop_player (id, email, nickname, phone_number, pin, user_id) VALUES (1116, 'tomaszubek2.tz@gmail.com', 'Tom치코 Zubek', '', 6744, 1116);
INSERT INTO public.pop_player (id, email, nickname, phone_number, pin, user_id) VALUES (1117, 'karelnemecek75@gmail.com', 'Karel Nemme캜ek', '777780521', 6702, 1117);
INSERT INTO public.pop_player (id, email, nickname, phone_number, pin, user_id) VALUES (1118, 'rfrysara.rt@gmail.com', 'Fru fru', '777784366', 5136, 1118);
INSERT INTO public.pop_player (id, email, nickname, phone_number, pin, user_id) VALUES (1119, 'magda.lena1@seznam.cz', 'magda', '736770798', 2102, 1119);
INSERT INTO public.pop_player (id, email, nickname, phone_number, pin, user_id) VALUES (1120, 'zsrba@seznam.cz', 'Zbyn캩k Srba', '734325136', 1194, 1120);
INSERT INTO public.pop_player (id, email, nickname, phone_number, pin, user_id) VALUES (1121, 'tomaszubek2.tz@gmail.com', 'Zubr', '', 5853, 1121);
INSERT INTO public.pop_player (id, email, nickname, phone_number, pin, user_id) VALUES (1122, 'd.kovar2000@gmail.com', 'David Kov치콏', '776012136', 3242, 1122);
INSERT INTO public.pop_player (id, email, nickname, phone_number, pin, user_id) VALUES (1123, 'oldrich.komarek@precheza.cz', 'oldrich komarek', '606703382', 9327, 1123);
INSERT INTO public.pop_player (id, email, nickname, phone_number, pin, user_id) VALUES (1124, 'karelnemecek75@gmail.com', 'Karel N캩me캜ek', '777780521', 4246, 1124);
INSERT INTO public.pop_player (id, email, nickname, phone_number, pin, user_id) VALUES (1125, 'tomaszubek2.tz@gmail.com', 'Tz', '', 9477, 1125);
INSERT INTO public.pop_player (id, email, nickname, phone_number, pin, user_id) VALUES (1126, 'buficzek159@gmail.com', 'Pavel Jochec', '604895662', 7463, 1126);
INSERT INTO public.pop_player (id, email, nickname, phone_number, pin, user_id) VALUES (1127, 'buficzek159@gmail.com', 'Buficzek159', '604895662', 1598, 1127);
INSERT INTO public.pop_player (id, email, nickname, phone_number, pin, user_id) VALUES (1128, 'tomaszubek2.tz@gmail.com', 'Zub', '', 8073, 1128);
INSERT INTO public.pop_player (id, email, nickname, phone_number, pin, user_id) VALUES (1129, 'filakova.m@atlas.cz', 'Michaela Filakova', '723264324', 4538, 1129);
INSERT INTO public.pop_player (id, email, nickname, phone_number, pin, user_id) VALUES (1130, 'michal.jina.vs@gmail.com', 'Michal', '775118123', 5774, 1130);
INSERT INTO public.pop_player (id, email, nickname, phone_number, pin, user_id) VALUES (1131, 'verhyzakova@centrum.cz', 'Veronika Hy쮂멺ov치', '731565087', 9306, 1131);
INSERT INTO public.pop_player (id, email, nickname, phone_number, pin, user_id) VALUES (1132, 'naselovaadela200@gmail.com', 'Ad칠la N치코elov치', '605854889', 5547, 1132);
INSERT INTO public.pop_player (id, email, nickname, phone_number, pin, user_id) VALUES (1133, 'little.daisi24@gmail.com', 'Adushka', '604177355', 2528, 1133);
INSERT INTO public.pop_player (id, email, nickname, phone_number, pin, user_id) VALUES (1134, 'povalac.t@gmail.com', 'Tom치코 Povala캜', '605347690', 3928, 1134);
INSERT INTO public.pop_player (id, email, nickname, phone_number, pin, user_id) VALUES (1135, 'naselovi@atlas.cz', 'Olga 맜adle켿치kov치', '733585084', 3551, 1135);
INSERT INTO public.pop_player (id, email, nickname, phone_number, pin, user_id) VALUES (1136, 'ainy1@seznam.cz', 'Ivana', '734748618', 3643, 1136);
INSERT INTO public.pop_player (id, email, nickname, phone_number, pin, user_id) VALUES (1137, 'jirkapolansky@seznam.cz', 'Ji콏칤 Polansk칳', '739143218', 9906, 1137);
INSERT INTO public.pop_player (id, email, nickname, phone_number, pin, user_id) VALUES (1138, 'ivanfilak@seznam.cz', 'Ivan Fil치k', '733644741', 5076, 1138);
INSERT INTO public.pop_player (id, email, nickname, phone_number, pin, user_id) VALUES (1139, 'paveltajzler@seznam.cz', 'Plavec', '739188254', 5079, 1139);
INSERT INTO public.pop_player (id, email, nickname, phone_number, pin, user_id) VALUES (1140, 'michal.polach123@seznam.cz', 'Michal Pol치ch', '731870503', 2436, 1140);
INSERT INTO public.pop_player (id, email, nickname, phone_number, pin, user_id) VALUES (1141, 'lenka.polachova1@gmail.com', 'Lenka Pol치chov치', '735504930', 8116, 1141);
INSERT INTO public.pop_player (id, email, nickname, phone_number, pin, user_id) VALUES (1142, 'pilcikpatrik@seznam.cz', 'Patrik', '605584635', 1503, 1142);
INSERT INTO public.pop_player (id, email, nickname, phone_number, pin, user_id) VALUES (1143, 'radim.filgas@seznam.cz', 'Radim Filgas', '603390964', 7997, 1143);
INSERT INTO public.pop_player (id, email, nickname, phone_number, pin, user_id) VALUES (1144, 'coky30@seznam.cz', 'Roman', '737846687', 2119, 1144);
INSERT INTO public.pop_player (id, email, nickname, phone_number, pin, user_id) VALUES (1145, 'tomisdanek@seznam.cz', 'Jelen', '+420731498889', 6914, 1145);
INSERT INTO public.pop_player (id, email, nickname, phone_number, pin, user_id) VALUES (1146, 'pavel.budik.jr@email.cz', 'Pavel Bud칤k', '733723304', 8241, 1146);
INSERT INTO public.pop_player (id, email, nickname, phone_number, pin, user_id) VALUES (1147, 'barcaholubcova@seznam.cz', 'Barbora Holubcov치', '703467353', 8257, 1147);
INSERT INTO public.pop_player (id, email, nickname, phone_number, pin, user_id) VALUES (1148, 'ondrasopek@seznam.cz', 'Ond콏ej Sopek', '736122922', 3345, 1148);
INSERT INTO public.pop_player (id, email, nickname, phone_number, pin, user_id) VALUES (1149, 'marek.matus@atlas.cz', 'Marek Matus', '', 9318, 1149);
INSERT INTO public.pop_player (id, email, nickname, phone_number, pin, user_id) VALUES (1150, 'hanzalova.misa@seznam.cz', 'Michaela', '606516785', 9082, 1150);
INSERT INTO public.pop_player (id, email, nickname, phone_number, pin, user_id) VALUES (1151, 'hanzalova.misa@seznam.cz', 'Michaela Hanzalov치', '606516785', 1255, 1151);
INSERT INTO public.pop_player (id, email, nickname, phone_number, pin, user_id) VALUES (1152, 'jitka.matusova@gmail.com', 'Jitka', '777861352', 4754, 1152);
INSERT INTO public.pop_player (id, email, nickname, phone_number, pin, user_id) VALUES (1153, 'radomir.hromada237@seznam.cz', 'Radom칤r Hromada', '725281304', 2566, 1153);
INSERT INTO public.pop_player (id, email, nickname, phone_number, pin, user_id) VALUES (1154, 'janac.michal@seznam.cz', 'Jehn캩', '+420737757995', 9614, 1154);
INSERT INTO public.pop_player (id, email, nickname, phone_number, pin, user_id) VALUES (1155, 'filip.matus2@gmail.com', 'Filip', '774988576', 8543, 1155);
INSERT INTO public.pop_player (id, email, nickname, phone_number, pin, user_id) VALUES (1156, 'mlady4@seznam.cz', 'Tomas', '601376398', 9015, 1156);
INSERT INTO public.pop_player (id, email, nickname, phone_number, pin, user_id) VALUES (1157, 'manakovar@tiscali.cz', 'Renata Vychop켿ov치', '776376125', 9949, 1157);
INSERT INTO public.pop_player (id, email, nickname, phone_number, pin, user_id) VALUES (1158, 'ond콏ejdan캩k2012@gmail.com', 'Ond콏ej Dan캩k', '776667657', 3834, 1158);
INSERT INTO public.pop_player (id, email, nickname, phone_number, pin, user_id) VALUES (1159, 'gd@outlook.cz', 'Pavel Zigmund', '734121592', 9464, 1159);
INSERT INTO public.pop_player (id, email, nickname, phone_number, pin, user_id) VALUES (1160, 'm_rehakova@centrum.cz', 'Martina', '737970575', 4739, 1160);
INSERT INTO public.pop_player (id, email, nickname, phone_number, pin, user_id) VALUES (1161, 'e.evanek@seznam.cz', 'Eva', '732606734', 8202, 1161);
INSERT INTO public.pop_player (id, email, nickname, phone_number, pin, user_id) VALUES (1162, 'josega@seznam.cz', 'Josef G.', '605587095', 8780, 1162);
INSERT INTO public.pop_player (id, email, nickname, phone_number, pin, user_id) VALUES (1163, 'm-stachova@seznam.cz', 'Mark칠ta 맚achov치', '+420737908723', 6019, 1163);
INSERT INTO public.pop_player (id, email, nickname, phone_number, pin, user_id) VALUES (1164, 'ali.gregor@seznam.cz', 'Ali M', '737001248', 4775, 1164);
INSERT INTO public.pop_player (id, email, nickname, phone_number, pin, user_id) VALUES (1165, 'ladis.rehis@centrum.cz', 'Ladislove', '734567674', 2853, 1165);
INSERT INTO public.pop_player (id, email, nickname, phone_number, pin, user_id) VALUES (1166, 'petis4@seznam.cz', 'Petr_Dan캩k', '730166788', 2547, 1166);
INSERT INTO public.pop_player (id, email, nickname, phone_number, pin, user_id) VALUES (1167, 'pastorkova.lucie3@gmail.com', 'Lucie', '604586332', 5922, 1167);
INSERT INTO public.pop_player (id, email, nickname, phone_number, pin, user_id) VALUES (1168, 'm.kuncar@seznam.cz', 'michal kuncar', '603563027', 8997, 1168);
INSERT INTO public.pop_player (id, email, nickname, phone_number, pin, user_id) VALUES (1169, 'petrsipula@centrum.cz', 'Petr 말pula', '+420605512512', 1936, 1169);
INSERT INTO public.pop_player (id, email, nickname, phone_number, pin, user_id) VALUES (1170, 'dan.kubacek@seznam.cz', 'Dan Kub치캜ek', '732588636', 4614, 1170);
INSERT INTO public.pop_player (id, email, nickname, phone_number, pin, user_id) VALUES (1171, 'czechmatej@gmail.com', 'Mat캩j 캛ech', '+420 731 594 890', 6697, 1171);
INSERT INTO public.pop_player (id, email, nickname, phone_number, pin, user_id) VALUES (1172, 'petradrevojankova@gmail.com', 'Petra Machacova', '731614506', 2872, 1172);
INSERT INTO public.pop_player (id, email, nickname, phone_number, pin, user_id) VALUES (1173, 'm.horelka98@gmail.com', 'Martin Ho콏elka', '739842848', 5145, 1173);
INSERT INTO public.pop_player (id, email, nickname, phone_number, pin, user_id) VALUES (1174, '09mareksmely@gmail.com', 'Marek Sm캩l칳', '732733509', 3852, 1174);
INSERT INTO public.pop_player (id, email, nickname, phone_number, pin, user_id) VALUES (1175, 'ange@email.cz', 'Agnieszka Serafin', '731344270', 9592, 1175);
INSERT INTO public.pop_player (id, email, nickname, phone_number, pin, user_id) VALUES (1176, 'mgargulak1@seznam.cz', 'Mira Gargul치k', '777023232', 7856, 1176);
INSERT INTO public.pop_player (id, email, nickname, phone_number, pin, user_id) VALUES (1177, 'michaelatvaruzkova@email.cz', 'Michaela Tvar콢쬶ov치', '605488647', 9207, 1177);
INSERT INTO public.pop_player (id, email, nickname, phone_number, pin, user_id) VALUES (1178, 'kubas06@seznam.cz', 'jakub Van캩k', '731202972', 4048, 1178);
INSERT INTO public.pop_player (id, email, nickname, phone_number, pin, user_id) VALUES (1179, 'kubas06@seznam.cz', 'Jakub Van캩k', '731202972', 6059, 1179);
INSERT INTO public.pop_player (id, email, nickname, phone_number, pin, user_id) VALUES (1180, 'hanzalova.misa@seznam.cz', 'michaela hanzalova', '606516785', 4478, 1180);
INSERT INTO public.pop_player (id, email, nickname, phone_number, pin, user_id) VALUES (1181, 'ksery@seznam.cz', 'Kamil 만r칳', '', 6505, 1181);
INSERT INTO public.pop_player (id, email, nickname, phone_number, pin, user_id) VALUES (1182, 'natamachuk@seznam.cz', 'Nat치lie', '739986303', 2559, 1182);
INSERT INTO public.pop_player (id, email, nickname, phone_number, pin, user_id) VALUES (1183, 'martin-ondrus@seznam.cz', 'marthy89', '', 2258, 1183);
INSERT INTO public.pop_player (id, email, nickname, phone_number, pin, user_id) VALUES (1184, 'miernaalena@centrum.cz', 'ALena Mierna', '732355549', 3546, 1184);
INSERT INTO public.pop_player (id, email, nickname, phone_number, pin, user_id) VALUES (1185, 'gargulakovamartina1@gmail.com', 'martina', '', 7358, 1185);
INSERT INTO public.pop_player (id, email, nickname, phone_number, pin, user_id) VALUES (1186, 'gargulakovamartina1@gmail.com', 'Martina g.', '605898338', 9512, 1186);
INSERT INTO public.pop_player (id, email, nickname, phone_number, pin, user_id) VALUES (1187, 'radomir.hajek@seznam.cz', 'Radom칤r', '605464383', 5971, 1187);
INSERT INTO public.pop_player (id, email, nickname, phone_number, pin, user_id) VALUES (1188, 'zuzivrzka@seznam.cz', 'Zuzana Mali켿치kov치', '603713957', 6570, 1188);
INSERT INTO public.pop_player (id, email, nickname, phone_number, pin, user_id) VALUES (1189, 'surovec.zdenek@seznam.cz', 'Zden캩k Surovec', '720396129', 8005, 1189);
INSERT INTO public.pop_player (id, email, nickname, phone_number, pin, user_id) VALUES (1190, 'jkb.vvr@gmail.com', 'Jakub', '604751725', 6642, 1190);
INSERT INTO public.pop_player (id, email, nickname, phone_number, pin, user_id) VALUES (1191, 'ond콏ejdan캩k2012@gmail.com', 'Ond콏ej Dan캩k ppppp', '776667657', 5995, 1191);
INSERT INTO public.pop_player (id, email, nickname, phone_number, pin, user_id) VALUES (1192, 'charlotta.ja@seznam.cz', '먞rka', '720762608', 1539, 1192);
INSERT INTO public.pop_player (id, email, nickname, phone_number, pin, user_id) VALUES (1193, 'zaneta.dankova@post.cz', '콯aneta Vok치캜ov치', '777185267', 2287, 1193);
INSERT INTO public.pop_player (id, email, nickname, phone_number, pin, user_id) VALUES (1194, 'l.smolikova@centrum.cz', 'Ludmila', '605221079', 2389, 1194);
INSERT INTO public.pop_player (id, email, nickname, phone_number, pin, user_id) VALUES (1195, 'p.skypalova@seznam.cz', 'petra Skypalova', '737163971', 7999, 1195);
INSERT INTO public.pop_player (id, email, nickname, phone_number, pin, user_id) VALUES (1196, 'adip@seznam.cz', 'Ales', '605476837', 1994, 1196);
INSERT INTO public.pop_player (id, email, nickname, phone_number, pin, user_id) VALUES (1197, 'skrlova.ruzena@seznam.cz', 'R콢쬰na 맒rlov치', '731154258', 5310, 1197);
INSERT INTO public.pop_player (id, email, nickname, phone_number, pin, user_id) VALUES (1198, 'hrnova.renata@seznam.cz', 'Renata Hrnova', '603258989', 8480, 1198);
INSERT INTO public.pop_player (id, email, nickname, phone_number, pin, user_id) VALUES (1199, 'radmila.trochtova@seznam.cz@', 'Radmila', '+420737831028', 7354, 1199);
INSERT INTO public.pop_player (id, email, nickname, phone_number, pin, user_id) VALUES (1200, 'rostislav.zvonek@icloud.com', 'Rostislav Zvonek', '724464193', 5786, 1200);
INSERT INTO public.pop_player (id, email, nickname, phone_number, pin, user_id) VALUES (1201, 'marta.zvonkova@centrum.cz', 'Marta Zvonkov치', '605883018', 6544, 1201);
INSERT INTO public.pop_player (id, email, nickname, phone_number, pin, user_id) VALUES (1202, 'msrbova23@seznam.cz', 'Monika Jan치캜ov치', '+420732942249', 4099, 1202);
INSERT INTO public.pop_player (id, email, nickname, phone_number, pin, user_id) VALUES (1203, 'm.behunek@gmail.com', 'Myshak', '777004311', 3111, 1203);
INSERT INTO public.pop_player (id, email, nickname, phone_number, pin, user_id) VALUES (1204, 'Josea@seznam.cz', 'Tom치코 Ju콏ica', '739803263', 1951, 1204);
INSERT INTO public.pop_player (id, email, nickname, phone_number, pin, user_id) VALUES (1205, 'petr.barcak@seznam.cz', 'Petr Bar캜치k', '', 4893, 1205);
INSERT INTO public.pop_player (id, email, nickname, phone_number, pin, user_id) VALUES (1206, 'tajzlerovalenka@seznam.cz', 'Lenka Tajzlerov치', '603461490', 7727, 1206);
INSERT INTO public.pop_player (id, email, nickname, phone_number, pin, user_id) VALUES (1207, 'jantajzler@seznam.cz', 'Jan Tajzler', '604787841', 2033, 1207);
INSERT INTO public.pop_player (id, email, nickname, phone_number, pin, user_id) VALUES (1208, 'M.hnatekmail@centrum.cz', 'Martin Hnatek', '604434941', 9577, 1208);
INSERT INTO public.pop_player (id, email, nickname, phone_number, pin, user_id) VALUES (1209, 'cmajdalkaj@gmail.com', 'Ludmila59', '732112995', 3182, 1209);
INSERT INTO public.pop_player (id, email, nickname, phone_number, pin, user_id) VALUES (1210, 'Korenek.tomas@gmail.com', 'korenac', '724450932', 5097, 1210);
INSERT INTO public.pop_player (id, email, nickname, phone_number, pin, user_id) VALUES (1211, 'vitalaska', 'Petr L치ska', '734280857', 7128, 1211);
INSERT INTO public.pop_player (id, email, nickname, phone_number, pin, user_id) VALUES (1212, 'lason@centrum.cz', 'PetrLaska', '734280857', 6351, 1212);
INSERT INTO public.pop_player (id, email, nickname, phone_number, pin, user_id) VALUES (1213, 'm.jatel@seznqm.cz', 'miroslav jatel', '775967359', 3925, 1213);
INSERT INTO public.pop_player (id, email, nickname, phone_number, pin, user_id) VALUES (1214, 'Tobias.Janis@seznam.cz', 'tobias jani코', '739244886', 3447, 1214);
INSERT INTO public.pop_player (id, email, nickname, phone_number, pin, user_id) VALUES (1215, 'miloslav.ondracek@seznam.cz', 'Miloslav Ondr치캜ek', '601302484', 8349, 1215);
INSERT INTO public.pop_player (id, email, nickname, phone_number, pin, user_id) VALUES (1216, 'dagmar.polachova1@seznam.cz', 'Dagmar Pol치chov치', '+420604865699', 2991, 1216);
INSERT INTO public.pop_player (id, email, nickname, phone_number, pin, user_id) VALUES (1217, 'jiri.polach1@seznam.cz', 'Ji콏칤 Pol치ch', '604865799', 2360, 1217);
INSERT INTO public.pop_player (id, email, nickname, phone_number, pin, user_id) VALUES (1218, 'aneta.stuskova@gmail.com', 'aneta', '739709702', 2527, 1218);
INSERT INTO public.pop_player (id, email, nickname, phone_number, pin, user_id) VALUES (1219, 'aneta.stuskova@gmail.com', 'aneta 코t콢skov치', '739709702', 7955, 1219);
INSERT INTO public.pop_player (id, email, nickname, phone_number, pin, user_id) VALUES (1220, 'Schotto@seznam.cz', 'Otto Schieferdecker', '736127953', 6340, 1220);
INSERT INTO public.pop_player (id, email, nickname, phone_number, pin, user_id) VALUES (1221, 'zaahy@seznam.cz', 'zaahy', '+420732446987', 1174, 1221);
INSERT INTO public.pop_player (id, email, nickname, phone_number, pin, user_id) VALUES (20240000, 'david-kostka@seznam.cz', 'dd', '', 1111, 20240000);
INSERT INTO public.pop_player (id, email, nickname, phone_number, pin, user_id) VALUES (20240002, 'Matulova94@seznam.cz', 'Michaela Matulov치', '731910880', 4953, 20240002);
INSERT INTO public.pop_player (id, email, nickname, phone_number, pin, user_id) VALUES (20240005, 'kikagoldova@gmail.com', 'Krist칳na', '735010509', 5726, 20240005);
INSERT INTO public.pop_player (id, email, nickname, phone_number, pin, user_id) VALUES (20240006, 'synkova37@seznam.cz', 'Jana Synkov치', '739382669', 2305, 20240006);
INSERT INTO public.pop_player (id, email, nickname, phone_number, pin, user_id) VALUES (20240007, 'krmi@email.cz', 'Michal Krmela', '604314897', 9197, 20240007);
INSERT INTO public.pop_player (id, email, nickname, phone_number, pin, user_id) VALUES (20240008, 'fojtik.robert@gmail.com', 'Robert Fojt칤k', '733372346', 8949, 20240008);
INSERT INTO public.pop_player (id, email, nickname, phone_number, pin, user_id) VALUES (20240009, 'jarekzidek@seznam.cz', 'jarekzidek@seznam.cz', '', 6072, 20240009);
INSERT INTO public.pop_player (id, email, nickname, phone_number, pin, user_id) VALUES (20240010, 'reyjiri@seznam.cz', 'Rey', '736163057', 3113, 20240010);
INSERT INTO public.pop_player (id, email, nickname, phone_number, pin, user_id) VALUES (20240011, 'kazdova.lu@seznam.cz', 'Lucie Demirci', '+420605317988', 7213, 20240011);
INSERT INTO public.pop_player (id, email, nickname, phone_number, pin, user_id) VALUES (20240012, 'Mitrodonius@gmail.com', 'Tom치코 Pechanec', '605866602', 3996, 20240012);
INSERT INTO public.pop_player (id, email, nickname, phone_number, pin, user_id) VALUES (20240013, 'kmvm@centrum.czl', 'Kubat', '732830296', 5116, 20240013);
INSERT INTO public.pop_player (id, email, nickname, phone_number, pin, user_id) VALUES (20240014, 'kmvm@centrum.cz', 'Miroslav Kub치t', '+420732830296', 5934, 20240014);
INSERT INTO public.pop_player (id, email, nickname, phone_number, pin, user_id) VALUES (20240015, 'kristyna.machankova@seznam.cz', 'Krist칳na Mach치nkov치', '', 6031, 20240015);
INSERT INTO public.pop_player (id, email, nickname, phone_number, pin, user_id) VALUES (20240016, 'petr.kundera@volny.cz', 'Petr Kundera', '608615742', 9328, 20240016);
INSERT INTO public.pop_player (id, email, nickname, phone_number, pin, user_id) VALUES (20240017, 'seeyou@seeyou.cz', 'Tom치코 Fojt콢', '', 7155, 20240017);
INSERT INTO public.pop_player (id, email, nickname, phone_number, pin, user_id) VALUES (20240018, 'm.fojtu@zsfrancovalhota.cz', 'Marie Fojt콢', '', 2865, 20240018);
INSERT INTO public.pop_player (id, email, nickname, phone_number, pin, user_id) VALUES (20240019, 'ali.gregor@seznam.cz', 'Alena Malotov치', '+420737001248', 6724, 20240019);
INSERT INTO public.pop_player (id, email, nickname, phone_number, pin, user_id) VALUES (20240020, 'jana@juran.eu', 'Jana Jur치켿ov치', '605280068', 8364, 20240020);
INSERT INTO public.pop_player (id, email, nickname, phone_number, pin, user_id) VALUES (20240021, 'honza.hyzak@seznam.cz', 'Jan Hy쮂멺', '739272295', 7747, 20240021);
INSERT INTO public.pop_player (id, email, nickname, phone_number, pin, user_id) VALUES (20240022, 'rmartink222@seznam.cz', 'Renata Martinkova', '739051856', 5915, 20240022);
INSERT INTO public.pop_player (id, email, nickname, phone_number, pin, user_id) VALUES (20240023, 'janeha@seznam.cz', 'Jana Pi코콘치kov치 Vacul칤kov치', '604880559', 6648, 20240023);
INSERT INTO public.pop_player (id, email, nickname, phone_number, pin, user_id) VALUES (20240024, 'koseckaj23@gmail.com', 'Jana Ko코eck치', '0915849368', 6278, 20240024);
INSERT INTO public.pop_player (id, email, nickname, phone_number, pin, user_id) VALUES (20240025, 'david-kostka@seznam.cz', 'dd2', '722904503', 8511, 20240025);
INSERT INTO public.pop_player (id, email, nickname, phone_number, pin, user_id) VALUES (20240026, 'hodges@post.cz', 'Hodges', '731079542', 1800, 20240026);
INSERT INTO public.pop_player (id, email, nickname, phone_number, pin, user_id) VALUES (20240027, 'hodges@post.cz', 'Zden캩k', '731079542', 1578, 20240027);
INSERT INTO public.pop_player (id, email, nickname, phone_number, pin, user_id) VALUES (20240028, 'Ysi@seznam.cz', 'Radim Lys', '731597586', 4486, 20240028);
INSERT INTO public.pop_player (id, email, nickname, phone_number, pin, user_id) VALUES (20240029, 'm.zmelikova@seznam.cz', 'Martina Zm캩l칤kov치', '607697047', 7836, 20240029);
INSERT INTO public.pop_player (id, email, nickname, phone_number, pin, user_id) VALUES (20240030, 'Janis.Petr@seznam.cz', 'Petr Jani코', '739599105', 1664, 20240030);
INSERT INTO public.pop_player (id, email, nickname, phone_number, pin, user_id) VALUES (20240031, 'adelka.zesenice@seznam.cz', 'Ad칠la Bedn치콏ov치', '732276538', 3979, 20240031);
INSERT INTO public.pop_player (id, email, nickname, phone_number, pin, user_id) VALUES (20240032, 'radmila.trochtova@seznam.cz', 'Radmila Trochtov치', '+420737831028', 8146, 20240032);
INSERT INTO public.pop_player (id, email, nickname, phone_number, pin, user_id) VALUES (20240033, 'lekosecka@gmail.com', 'Lenka Ko코eck치', '+421908478720', 3316, 20240033);
INSERT INTO public.pop_player (id, email, nickname, phone_number, pin, user_id) VALUES (20240034, 'stuchlik.radek@gmail.com', 'Radek Stuchl칤k', '702194885', 3522, 20240034);
INSERT INTO public.pop_player (id, email, nickname, phone_number, pin, user_id) VALUES (20240035, 'kassayova.marika@gmail.com', 'Marika Kassayov치', '0905288905', 9609, 20240035);
INSERT INTO public.pop_player (id, email, nickname, phone_number, pin, user_id) VALUES (20240036, 'ebojtosova@seznam.cz', 'Eva Mrazkova', '778017030', 5753, 20240036);
INSERT INTO public.pop_player (id, email, nickname, phone_number, pin, user_id) VALUES (20240037, 'pavel.zigmund@volny.cz', 'Pavel Zigmund st', '605134007', 4241, 20240037);
INSERT INTO public.pop_player (id, email, nickname, phone_number, pin, user_id) VALUES (20240038, 'zigmund8@imail.cz', 'Tom치코 Zigmund', '731359371', 4733, 20240038);
INSERT INTO public.pop_player (id, email, nickname, phone_number, pin, user_id) VALUES (20240039, 'zigmund8@email.cz', 'Tom치코 Zigmund 1', '731359371', 5763, 20240039);
INSERT INTO public.pop_player (id, email, nickname, phone_number, pin, user_id) VALUES (20240040, 'petkacizkova@gmail.com', 'petra', '733535158', 7633, 20240040);
INSERT INTO public.pop_player (id, email, nickname, phone_number, pin, user_id) VALUES (20240041, 'bednarova.kar@seznam.cz', 'Karol칤na Vacul캜칤kov치', '775540955', 5007, 20240041);
INSERT INTO public.pop_player (id, email, nickname, phone_number, pin, user_id) VALUES (20240042, 'vendula.polachova@gmail.com', 'Vendula Pol치chov치', '737619513', 9983, 20240042);
INSERT INTO public.pop_player (id, email, nickname, phone_number, pin, user_id) VALUES (20240043, 'vendula.polach@gmail.com', 'Venda Pol치chov치', '737619513', 2621, 20240043);
INSERT INTO public.pop_player (id, email, nickname, phone_number, pin, user_id) VALUES (20240044, 'polachondrej@seznam.cz', 'Pol치ch Ond콏ej', '601382335', 5141, 20240044);
INSERT INTO public.pop_player (id, email, nickname, phone_number, pin, user_id) VALUES (20240045, 'martin-ondrus@seznam.cz', 'Martin Ondru코', '720762608', 1363, 20240045);
INSERT INTO public.pop_player (id, email, nickname, phone_number, pin, user_id) VALUES (20240046, 'zureksro@post.cz', 'Miroslav 콯콢rek', '608778447', 8204, 20240046);
INSERT INTO public.pop_player (id, email, nickname, phone_number, pin, user_id) VALUES (20240047, 'lostinnepal@centrum.cz', 'David Hlav치캜', '737262798', 9124, 20240047);
INSERT INTO public.pop_player (id, email, nickname, phone_number, pin, user_id) VALUES (20240048, 'lostinnepal@centrum.cz', 'Simona Hlav치캜ov치', '605455522', 3066, 20240048);
INSERT INTO public.pop_player (id, email, nickname, phone_number, pin, user_id) VALUES (20240049, 'Krpetrusek@gmail.com', 'Kry코tof', '703980721', 8281, 20240049);
INSERT INTO public.pop_player (id, email, nickname, phone_number, pin, user_id) VALUES (20240050, 'christiepayne@seznam.cz', 'Krist칳na Branikovi캜', '735964463', 5590, 20240050);
INSERT INTO public.pop_player (id, email, nickname, phone_number, pin, user_id) VALUES (20240051, 'mer4@seznam.cz', 'Patrik merhaut', '731745351', 8943, 20240051);
INSERT INTO public.pop_player (id, email, nickname, phone_number, pin, user_id) VALUES (20240052, 'v.lutonsky@tiscali.cz', 'venca', '', 5717, 20240052);
INSERT INTO public.pop_player (id, email, nickname, phone_number, pin, user_id) VALUES (20240053, 'patricek.lischka@gmail.com', 'Patrik Lischka', '607907302', 1224, 20240053);
INSERT INTO public.pop_player (id, email, nickname, phone_number, pin, user_id) VALUES (20240054, 'kuchst@seznam.cz', 'Stanislav', '+420733400597', 5530, 20240054);
INSERT INTO public.pop_player (id, email, nickname, phone_number, pin, user_id) VALUES (20240055, 'terezaskyvova@seznam.cz', 'Tereza Sk칳vov치', '731041083', 9316, 20240055);
INSERT INTO public.pop_player (id, email, nickname, phone_number, pin, user_id) VALUES (20240056, 'schreibervojta@atlas.cz', 'Vojt캩ch Schreiber', '728363676', 9930, 20240056);
INSERT INTO public.pop_player (id, email, nickname, phone_number, pin, user_id) VALUES (20240057, 'p.tkadlec@gmail.com', 'Petr Tkadlec', '725453885', 1303, 20240057);
INSERT INTO public.pop_player (id, email, nickname, phone_number, pin, user_id) VALUES (20240058, 'surovec.zdenek@seznam.cz', 'Zb캩nda', '720396129', 3702, 20240058);
INSERT INTO public.pop_player (id, email, nickname, phone_number, pin, user_id) VALUES (20240059, 'hurtar@seznam.cz', 'Radim Hurta', '+420737911352', 6220, 20240059);
INSERT INTO public.pop_player (id, email, nickname, phone_number, pin, user_id) VALUES (20240060, 'elibrazdilova@seznam.cz', 'elizabeth', '', 9363, 20240060);
INSERT INTO public.pop_player (id, email, nickname, phone_number, pin, user_id) VALUES (20240061, 'kovar.adam150@gmail.com', 'Adam', '605027630', 9775, 20240061);
INSERT INTO public.pop_player (id, email, nickname, phone_number, pin, user_id) VALUES (20240062, 'l.draketa@seznam.cz', 'Lucie 마brsulova', '+420739228245', 9888, 20240062);
INSERT INTO public.pop_player (id, email, nickname, phone_number, pin, user_id) VALUES (20240063, 'josega@seznam.cz', 'Joska', '605587095', 6018, 20240063);
INSERT INTO public.pop_player (id, email, nickname, phone_number, pin, user_id) VALUES (20240064, 'gargulakovamartina1@gmail.com', 'Martina Gargulakov치', '605898338', 2897, 20240064);
INSERT INTO public.pop_player (id, email, nickname, phone_number, pin, user_id) VALUES (20240065, 'danielzich6@gmail.com', 'Daniel Zich', '797614280', 1311, 20240065);
INSERT INTO public.pop_player (id, email, nickname, phone_number, pin, user_id) VALUES (20240066, 'kovaradam150@gmail.com', 'Adam Kov치콏', '605027630', 6376, 20240066);
INSERT INTO public.pop_player (id, email, nickname, phone_number, pin, user_id) VALUES (20240067, 'kristyvilim@gmail.com', 'Krist칳na Vil칤mov치', '704002901', 4816, 20240067);
INSERT INTO public.pop_player (id, email, nickname, phone_number, pin, user_id) VALUES (20240068, 'kovar.adam150@gmail.com', 'Kov치콏 Adam', '605027630', 5167, 20240068);
INSERT INTO public.pop_player (id, email, nickname, phone_number, pin, user_id) VALUES (20240069, 'kovaradam150@gmail.com', 'LolliTech', '605027630', 1210, 20240069);
INSERT INTO public.pop_player (id, email, nickname, phone_number, pin, user_id) VALUES (20240070, 'kovaradam150@gmail.com', 'Radka Ko캜칤bov치', '604443722', 5746, 20240070);
INSERT INTO public.pop_player (id, email, nickname, phone_number, pin, user_id) VALUES (20240071, 'lukasbednar750@gmail.com', 'Luk치코', '770612211', 4196, 20240071);
INSERT INTO public.pop_player (id, email, nickname, phone_number, pin, user_id) VALUES (20240072, 'mer4@seznam.cz', 'pat콏il merhaut', '731 745 351', 9022, 20240072);
INSERT INTO public.pop_player (id, email, nickname, phone_number, pin, user_id) VALUES (20240073, 'mvavra22@gmail.com', 'Martin V치vra', '607726645', 2546, 20240073);
INSERT INTO public.pop_player (id, email, nickname, phone_number, pin, user_id) VALUES (20240074, 'lucie.pustkova@gmail.com', 'Lucie V치vrov치 Pustkov치', '737016605', 5509, 20240074);
INSERT INTO public.pop_player (id, email, nickname, phone_number, pin, user_id) VALUES (20240075, 'rrodkova@gmail.com', 'Romana', '', 3485, 20240075);
INSERT INTO public.pop_player (id, email, nickname, phone_number, pin, user_id) VALUES (20240076, 'lucie.pustkova@gmail.com', 'luciiennee', '737016605', 6726, 20240076);
INSERT INTO public.pop_player (id, email, nickname, phone_number, pin, user_id) VALUES (20240077, 'trlicova.dana@seznam.cz', 'Dana V치vrov치', '608563736', 6817, 20240077);
INSERT INTO public.pop_player (id, email, nickname, phone_number, pin, user_id) VALUES (20240078, 'adam@czechovi.eu', 'Adam 캛ech', '603243181', 5983, 20240078);
INSERT INTO public.pop_player (id, email, nickname, phone_number, pin, user_id) VALUES (20240079, 'bohuslav@stloukal.net', 'bohuslav stloukal', '602607043', 5227, 20240079);
INSERT INTO public.pop_player (id, email, nickname, phone_number, pin, user_id) VALUES (20240080, 'haluz.klara@gmail.com', 'Kl치ra Haluzov치', '775446650', 4807, 20240080);
INSERT INTO public.pop_player (id, email, nickname, phone_number, pin, user_id) VALUES (20240081, 'petr.gargulak@gmail.com', 'petr gargulak', '732545386', 4328, 20240081);
INSERT INTO public.pop_player (id, email, nickname, phone_number, pin, user_id) VALUES (20240082, 'ssmatlova@email.cz', 'Denisa', '737728477', 2802, 20240082);
INSERT INTO public.pop_player (id, email, nickname, phone_number, pin, user_id) VALUES (20240083, 'wish11@seznam.cz', 'Mario', '739135313', 8108, 20240083);
INSERT INTO public.pop_player (id, email, nickname, phone_number, pin, user_id) VALUES (20240084, 'ssmatlova@email.cz', 'Denisa11', '737728477', 6207, 20240084);
INSERT INTO public.pop_player (id, email, nickname, phone_number, pin, user_id) VALUES (20240085, 'pavla.badurova@centrum.cz', 'Pavla Ba캞a', '737535080', 4842, 20240085);
INSERT INTO public.pop_player (id, email, nickname, phone_number, pin, user_id) VALUES (20240086, 'alestrusina@seznam.cz', 'Ales Trusina', '736277497', 1741, 20240086);
INSERT INTO public.pop_player (id, email, nickname, phone_number, pin, user_id) VALUES (20240087, 'ssmatlova@email.cz', 'Denisa111', '737728477', 7687, 20240087);
INSERT INTO public.pop_player (id, email, nickname, phone_number, pin, user_id) VALUES (20240088, 'alestrusina@seznam.cz', 'Ales Zrusina', '736277497', 2753, 20240088);
INSERT INTO public.pop_player (id, email, nickname, phone_number, pin, user_id) VALUES (20240089, 'pepe.ptacek@seznam.cz', 'Josef Pt치캜ek', '604645459', 7399, 20240089);
INSERT INTO public.pop_player (id, email, nickname, phone_number, pin, user_id) VALUES (20240090, 'Juricajose@seznam.cz', 'josef', '', 9664, 20240090);
INSERT INTO public.pop_player (id, email, nickname, phone_number, pin, user_id) VALUES (20240091, 'NikyGabi161', 'hana.kolinkova@centrum.cz', '', 9026, 20240091);
INSERT INTO public.pop_player (id, email, nickname, phone_number, pin, user_id) VALUES (20240092, 'pepe.ptacek@seznam.cz', 'Josef Pt치캜ek 1', '604645459', 6322, 20240092);
INSERT INTO public.pop_player (id, email, nickname, phone_number, pin, user_id) VALUES (20240093, 'Milan.skrla@seznam.cz', 'Milan 맒rla', '734752371', 9422, 20240093);
INSERT INTO public.pop_player (id, email, nickname, phone_number, pin, user_id) VALUES (20240094, 'pkindlova@seznam.cz', 'Petra Kindlov치', '736234022', 4463, 20240094);
INSERT INTO public.pop_player (id, email, nickname, phone_number, pin, user_id) VALUES (20240095, 'michaelaskrlova@seznam.cz', 'Michaela 코krlova', '776225212', 8861, 20240095);
INSERT INTO public.pop_player (id, email, nickname, phone_number, pin, user_id) VALUES (20240096, 'hnatkovalenka@seznam.cz', 'Lenka Hn치tkov치', '603257916', 9668, 20240096);
INSERT INTO public.pop_player (id, email, nickname, phone_number, pin, user_id) VALUES (20240097, 'wireman7472@gmail.com', 'Jarom칤r D칳bal', '+420774695662', 5673, 20240097);
INSERT INTO public.pop_player (id, email, nickname, phone_number, pin, user_id) VALUES (20240098, 'j.hrnova@centrum.cz', 'Jana Hr켿ov치', '603271277', 9779, 20240098);
INSERT INTO public.pop_player (id, email, nickname, phone_number, pin, user_id) VALUES (20240099, 'maximgergela@gmail.com', 'Maxim gergela', '702 236 900', 9378, 20240099);
INSERT INTO public.pop_player (id, email, nickname, phone_number, pin, user_id) VALUES (20240100, 'lukasfrysara@icloud.com', 'Frysko', '734858002', 2636, 20240100);
INSERT INTO public.pop_player (id, email, nickname, phone_number, pin, user_id) VALUES (20240101, 'tana.stankova@seznam.cz', 'Tana Stankova', '605530943', 5666, 20240101);
INSERT INTO public.pop_player (id, email, nickname, phone_number, pin, user_id) VALUES (20240102, 'George.jirik@seznam.cz', 'Ji콏칤 Ju콏ica', '602270955', 9545, 20240102);
INSERT INTO public.pop_player (id, email, nickname, phone_number, pin, user_id) VALUES (20240103, 'a.hajda@seznam.cz', 'Adam Hajda', '739877822', 1114, 20240103);
INSERT INTO public.pop_player (id, email, nickname, phone_number, pin, user_id) VALUES (20240104, 'jsrba@email.cz', 'Ji콏칤 Srba', '728880588', 6591, 20240104);
INSERT INTO public.pop_player (id, email, nickname, phone_number, pin, user_id) VALUES (20240105, 'juroska91@seznam.cz', 'David Tr캜ka', '732460582', 7704, 20240105);
INSERT INTO public.pop_player (id, email, nickname, phone_number, pin, user_id) VALUES (20240106, 'hana.kolinkova@centrum.cz', 'Hana Mar코치lkov치', '739428754', 8558, 20240106);
INSERT INTO public.pop_player (id, email, nickname, phone_number, pin, user_id) VALUES (20240107, 'erbaskoleno@seznam.cz', 'V칤t', '737162084', 3122, 20240107);
INSERT INTO public.pop_player (id, email, nickname, phone_number, pin, user_id) VALUES (20240108, 'radkabelickova17@seznam.cz', 'Radka B캩l칤캜kov치', '773930038', 9789, 20240108);
INSERT INTO public.pop_player (id, email, nickname, phone_number, pin, user_id) VALUES (20240109, 'kristyna_mork0vska@email.cz', 'Krist칳naM', '776183065', 5147, 20240109);
INSERT INTO public.pop_player (id, email, nickname, phone_number, pin, user_id) VALUES (20240110, 'romanvp@centrum.cz', 'Roman Pil캜칤k', '777123495', 7969, 20240110);
INSERT INTO public.pop_player (id, email, nickname, phone_number, pin, user_id) VALUES (20240111, 'irena_morkovska@email.cz', 'Irena Mo콏kovsk치', '733563070', 7584, 20240111);
INSERT INTO public.pop_player (id, email, nickname, phone_number, pin, user_id) VALUES (20240112, 'lenka.masarova@centrum.cz', 'Lenka Masa콏ov치', '730519425', 3817, 20240112);
INSERT INTO public.pop_player (id, email, nickname, phone_number, pin, user_id) VALUES (20240113, 'irena_morkovska@email.cz', 'IrenaMo콏kovsk치', '733563070', 1588, 20240113);
INSERT INTO public.pop_player (id, email, nickname, phone_number, pin, user_id) VALUES (20240114, 'nata.pis@seznam.cz', 'Nat치lie Piskl치kov치', '737727733', 6321, 20240114);
INSERT INTO public.pop_player (id, email, nickname, phone_number, pin, user_id) VALUES (20240115, 'jan.hrtan@volny.cz', 'Honza', '731456763', 6645, 20240115);
INSERT INTO public.pop_player (id, email, nickname, phone_number, pin, user_id) VALUES (20240116, 'veronika.kopisova@gmail.com', 'veronika Kopi코ov치', '732481466', 9970, 20240116);
INSERT INTO public.pop_player (id, email, nickname, phone_number, pin, user_id) VALUES (20240117, 'p.martik96@gmail.com', 'Marta Pil캜칤kov치', '777115321', 8440, 20240117);
INSERT INTO public.pop_player (id, email, nickname, phone_number, pin, user_id) VALUES (20240118, 'tomik.dana@seznam.cz', 'Tom치코 Da켿a', '73977513', 4615, 20240118);
INSERT INTO public.pop_player (id, email, nickname, phone_number, pin, user_id) VALUES (20240119, 'ond콏ejdan캩k2012@gmail.com', 'Ond콏ej Dan', '776667657', 4798, 20240119);
INSERT INTO public.pop_player (id, email, nickname, phone_number, pin, user_id) VALUES (20240120, 'Jan6stach@seznam.cz', 'Jan 맚ach', '737039974', 3131, 20240120);
INSERT INTO public.pop_player (id, email, nickname, phone_number, pin, user_id) VALUES (20240121, 'kristyna_morkovska@email.cz', '', '776183065', 3602, 20240121);
INSERT INTO public.pop_player (id, email, nickname, phone_number, pin, user_id) VALUES (20240122, 'hrtanfilip@gmail.com', 'Filip Hrt치켿', '', 6795, 20240122);
INSERT INTO public.pop_player (id, email, nickname, phone_number, pin, user_id) VALUES (20240123, 'ond콏ejdan캩k2012@gmail.com', 'Ondraj74', '776667657', 1513, 20240123);
INSERT INTO public.pop_player (id, email, nickname, phone_number, pin, user_id) VALUES (20240124, 'misel.sklarova@gmail.com', 'michaela 코tachov치', '605045316', 8481, 20240124);
INSERT INTO public.pop_player (id, email, nickname, phone_number, pin, user_id) VALUES (20240125, 'samuel.kopiss@gmail.com', 'Samuel', '604392776', 8837, 20240125);
INSERT INTO public.pop_player (id, email, nickname, phone_number, pin, user_id) VALUES (20240127, 'Jan6stach@seznam.cz', 'Cmelda', '737039974', 4934, 20240127);
INSERT INTO public.pop_player (id, email, nickname, phone_number, pin, user_id) VALUES (20240129, 'Luk.slezak@seznam.cz', 'Luk치코 Slez치k', '604140990', 8796, 20240129);
INSERT INTO public.pop_player (id, email, nickname, phone_number, pin, user_id) VALUES (20240130, 'kristyna_morkovska@email.cz', 'Krist칳na46', '776183065', 9672, 20240130);
INSERT INTO public.pop_player (id, email, nickname, phone_number, pin, user_id) VALUES (20240132, 'ond콏ejdan캩k2012@gmail.com', 'ondra hop', '776667657', 8409, 20240132);
INSERT INTO public.pop_player (id, email, nickname, phone_number, pin, user_id) VALUES (20240133, 'jantajzler@seznam.cz', 'Tajzler Jan', '604787841', 4289, 20240133);
INSERT INTO public.pop_player (id, email, nickname, phone_number, pin, user_id) VALUES (20240126, 'ond콏ejdan캩k2012@gmail.com', 'ondra747', '776667657', 6267, 20240126);
INSERT INTO public.pop_player (id, email, nickname, phone_number, pin, user_id) VALUES (20240128, 'misel.sklarova.@gmail.com', 'michaela 맚achov치', '605045316', 6982, 20240128);
INSERT INTO public.pop_player (id, email, nickname, phone_number, pin, user_id) VALUES (20240131, 'vanesametelkova09@gmail.com', 'Vanesa Metelkov치', '703 316 446', 7954, 20240131);
INSERT INTO public.pop_player (id, email, nickname, phone_number, pin, user_id) VALUES (20240134, 'katka.s@centrum.cz', 'kate콏ina', '', 6701, 20240134);
INSERT INTO public.pop_player (id, email, nickname, phone_number, pin, user_id) VALUES (20240135, 'j.vrublova@seznam.cz', 'Jana Vrublov치', '604784922', 3617, 20240135);
INSERT INTO public.pop_player (id, email, nickname, phone_number, pin, user_id) VALUES (20240136, 'janmudry@seznam.cz', 'Jan Mudry', '603512141', 5498, 20240136);
INSERT INTO public.pop_player (id, email, nickname, phone_number, pin, user_id) VALUES (20240137, 'Marek@konarik.info', 'Marek Konarik', '777700567', 8099, 20240137);
INSERT INTO public.pop_player (id, email, nickname, phone_number, pin, user_id) VALUES (20240138, 'domca.hromada', 'dominik', '736688974', 1241, 20240138);
INSERT INTO public.pop_player (id, email, nickname, phone_number, pin, user_id) VALUES (20240139, 'kikizga@gmail.com', 'Krist칳na Z', '', 9155, 20240139);
INSERT INTO public.pop_player (id, email, nickname, phone_number, pin, user_id) VALUES (20240140, 'saja.vankova@seznam.cz', '먞rka Va켿kov치', '', 2160, 20240140);
INSERT INTO public.pop_player (id, email, nickname, phone_number, pin, user_id) VALUES (20240141, 'jiridanek3@gmail.com', 'jiri danek', '737636606', 7718, 20240141);
INSERT INTO public.pop_player (id, email, nickname, phone_number, pin, user_id) VALUES (20240142, 'taroty_rozpinat.0m@icloud.com', 'bliznakova.k', '+420724222275', 1054, 20240142);
INSERT INTO public.pop_player (id, email, nickname, phone_number, pin, user_id) VALUES (20240143, 'REHAKOVA.11@seznam.cz', 'Diana', '731923791', 1713, 20240143);
INSERT INTO public.pop_player (id, email, nickname, phone_number, pin, user_id) VALUES (20240144, 'martin.mikusek.jr@gmail.com', 'Martin Miku코ek', '774789361', 4972, 20240144);
INSERT INTO public.pop_player (id, email, nickname, phone_number, pin, user_id) VALUES (20240145, 'rabdavid9@gmail.com', 'david r치b', '775528265', 6299, 20240145);
INSERT INTO public.pop_player (id, email, nickname, phone_number, pin, user_id) VALUES (20240146, 'maxhastik@gmail.com', 'macik', '', 6027, 20240146);
INSERT INTO public.pop_player (id, email, nickname, phone_number, pin, user_id) VALUES (20240147, 'jiridanek22@gmail.com', 'Ji콏칤 Dan캩k', '736528043', 4085, 20240147);
INSERT INTO public.pop_player (id, email, nickname, phone_number, pin, user_id) VALUES (20240148, 'ondrejdanek2012@gmail.com', 'Ondra', '776667657', 3508, 20240148);
INSERT INTO public.pop_player (id, email, nickname, phone_number, pin, user_id) VALUES (20240149, 'rene.jera@email.cz', 'Ren칠 Je콏치bek', '739685747', 1972, 20240149);
INSERT INTO public.pop_player (id, email, nickname, phone_number, pin, user_id) VALUES (20240150, 'ondrej.grycman@gmail.com', 'Ond콏ej Grycman', '739391244', 9112, 20240150);
INSERT INTO public.pop_player (id, email, nickname, phone_number, pin, user_id) VALUES (20240151, 'lenka.molkova@outlook.com', 'Lenka Molkov치', '604604032', 5534, 20240151);
INSERT INTO public.pop_player (id, email, nickname, phone_number, pin, user_id) VALUES (20240152, 'tomasvcelica14@gmail.com', 'Tom치코 V캜elica', '731514046', 3258, 20240152);
INSERT INTO public.pop_player (id, email, nickname, phone_number, pin, user_id) VALUES (20240153, 'm.behunek@gmail.com', 'Michal B캩h콢nek', '777004311', 4607, 20240153);
INSERT INTO public.pop_player (id, email, nickname, phone_number, pin, user_id) VALUES (20240154, 'v.janac@email.cz', 'Vaclav Jan치캜', '732869037', 6015, 20240154);
INSERT INTO public.pop_player (id, email, nickname, phone_number, pin, user_id) VALUES (20240155, 'paveltajzler@seznam.cz', 'plavec', '739188254', 9643, 20240155);
INSERT INTO public.pop_player (id, email, nickname, phone_number, pin, user_id) VALUES (20240156, 'lukasriemer@seznam.cz', 'Luk치코 Riemer', '725991539', 5336, 20240156);
INSERT INTO public.pop_player (id, email, nickname, phone_number, pin, user_id) VALUES (20240157, 'janca.reznickova@email.cz', 'Team Arnie', '', 1150, 20240157);
INSERT INTO public.pop_player (id, email, nickname, phone_number, pin, user_id) VALUES (20240158, 'dianazloch26@gmail.con', 'DianaLenkaLacoLenka', '+421910680144', 9670, 20240158);
INSERT INTO public.pop_player (id, email, nickname, phone_number, pin, user_id) VALUES (20240159, 'veruska.kasikova@seznam.cz', 'V캩ra', '605553964', 7064, 20240159);
INSERT INTO public.pop_player (id, email, nickname, phone_number, pin, user_id) VALUES (20240160, 'lenka.molkova@outlook.com', 'Leninka Molkov치', '604604032', 1275, 20240160);
INSERT INTO public.pop_player (id, email, nickname, phone_number, pin, user_id) VALUES (20240161, 'michal.baran8@seznam.cz', 'Michal Baran', '736737031', 3957, 20240161);
INSERT INTO public.pop_player (id, email, nickname, phone_number, pin, user_id) VALUES (20240162, '먠벼stn칳', '말mon', '731334364', 3912, 20240162);
INSERT INTO public.pop_player (id, email, nickname, phone_number, pin, user_id) VALUES (20240163, 'plogyncz@seznam.cz', 'V치clav', '731091820', 1537, 20240163);
INSERT INTO public.pop_player (id, email, nickname, phone_number, pin, user_id) VALUES (20240164, 'kolinek201@seznam.cz', 'The Boys', '605925376', 2883, 20240164);
INSERT INTO public.pop_player (id, email, nickname, phone_number, pin, user_id) VALUES (20240165, 'ondrapavelka345@seznam.cz', 'Ondris', '737345196', 8818, 20240165);
INSERT INTO public.pop_player (id, email, nickname, phone_number, pin, user_id) VALUES (20240166, 'sm.marketa@seznam.cz', 'Mark칠ta 맔칤dov치', '731283952', 8141, 20240166);
INSERT INTO public.pop_player (id, email, nickname, phone_number, pin, user_id) VALUES (20240167, 'zlochova.dianka@azet.sk', 'Ly코ania', '+421910680144', 7452, 20240167);
INSERT INTO public.pop_player (id, email, nickname, phone_number, pin, user_id) VALUES (20240168, 's.soukup07@gmail.com', '맚캩p치n Soukup', '733477882', 5458, 20240168);
INSERT INTO public.pop_player (id, email, nickname, phone_number, pin, user_id) VALUES (20240169, 'barbora.sklenovska@seznam.cz', 'Barbora Sklenovsk치', '733688658', 6671, 20240169);
INSERT INTO public.pop_player (id, email, nickname, phone_number, pin, user_id) VALUES (20240170, 'BetakovaL@stream.cz', 'Lenka', '', 2228, 20240170);
INSERT INTO public.pop_player (id, email, nickname, phone_number, pin, user_id) VALUES (20240171, 'ivetaseninka@email.cz', 'Iveta Zetakova', '737937567', 4182, 20240171);
INSERT INTO public.pop_player (id, email, nickname, phone_number, pin, user_id) VALUES (20240172, 'simonstastny101@gmail.com', '말mon 먠벼stn칳', '731334364', 3061, 20240172);
INSERT INTO public.pop_player (id, email, nickname, phone_number, pin, user_id) VALUES (20240173, 'm1998@seznam.cz', 'Jitka Kunovska', '733557928', 2313, 20240173);
INSERT INTO public.pop_player (id, email, nickname, phone_number, pin, user_id) VALUES (20240174, 'l hromadova@seznam.cz', 'Lenka Da켿kov치', '605876630', 2562, 20240174);
INSERT INTO public.pop_player (id, email, nickname, phone_number, pin, user_id) VALUES (20240175, 'lucie.konarikova@gmail.com', 'Ludevit', '605157552', 5408, 20240175);
INSERT INTO public.pop_player (id, email, nickname, phone_number, pin, user_id) VALUES (20240176, 's.zetak@seznam.cz', '코t캩pis', '731032098', 2021, 20240176);
INSERT INTO public.pop_player (id, email, nickname, phone_number, pin, user_id) VALUES (20240177, 'jakub.kropacek123@gmail.com', 'Jakub Krop치캜ek', '604768600', 7292, 20240177);
INSERT INTO public.pop_player (id, email, nickname, phone_number, pin, user_id) VALUES (20240178, 'satkovasimca@seznam.cz', 'Honza a Sim캜a', '792205333', 4704, 20240178);
INSERT INTO public.pop_player (id, email, nickname, phone_number, pin, user_id) VALUES (20240179, 'Msrbova@seznam.cz', 'Monika', '732942249', 1370, 20240179);
INSERT INTO public.pop_player (id, email, nickname, phone_number, pin, user_id) VALUES (20240180, 'kunderova99@gmail.com', 'Anna Kunderov치', '704045426', 8328, 20240180);
INSERT INTO public.pop_player (id, email, nickname, phone_number, pin, user_id) VALUES (20240181, 'LZlochova@seznam.cz', 'Lenka Zlochov치', '00421904240039', 2312, 20240181);
INSERT INTO public.pop_player (id, email, nickname, phone_number, pin, user_id) VALUES (20240182, 'zetak.m@seznam.cz', 'Martin Ze콘치k', ' 603 214 920', 5500, 20240182);
INSERT INTO public.pop_player (id, email, nickname, phone_number, pin, user_id) VALUES (20240183, 'ondra603@gmail.com', 'Ond콏ej Hol칤k', '731921024', 8643, 20240183);
INSERT INTO public.pop_player (id, email, nickname, phone_number, pin, user_id) VALUES (20240184, 'lukastopolanek@gmail.com', 'Pytel', '732460987', 9709, 20240184);
INSERT INTO public.pop_player (id, email, nickname, phone_number, pin, user_id) VALUES (20240185, 'mondek.hanka@seznam.cz', 'hana mondekova', '724981267', 9312, 20240185);
INSERT INTO public.pop_player (id, email, nickname, phone_number, pin, user_id) VALUES (20240186, 'stanislavbedlek@seznam.cz', 'Stanislav Bedlek', '702127637', 2384, 20240186);
INSERT INTO public.pop_player (id, email, nickname, phone_number, pin, user_id) VALUES (20240187, '145848@mail.muni.cz', 'Mark칠ta Mouric', '739013109', 6791, 20240187);
INSERT INTO public.pop_player (id, email, nickname, phone_number, pin, user_id) VALUES (20240188, 'dblazek73@seznam.cz', 'Daniel Bla쬰k', '732472425', 5021, 20240188);
INSERT INTO public.pop_player (id, email, nickname, phone_number, pin, user_id) VALUES (20240189, 'Mickamartinek@seznam.cz', 'Martin mi캜ka', '731161497', 3884, 20240189);
INSERT INTO public.pop_player (id, email, nickname, phone_number, pin, user_id) VALUES (20240190, 'm.vcelica@email.cz', 'Martin v캜elica', '731705427', 8716, 20240190);
INSERT INTO public.pop_player (id, email, nickname, phone_number, pin, user_id) VALUES (20240191, 's.reznicek@volny.cz', 'Arny', '', 4842, 20240191);
INSERT INTO public.pop_player (id, email, nickname, phone_number, pin, user_id) VALUES (20240192, 'josef.vcelica@seznam.cz', 'vcela05', '605319044', 4548, 20240192);
INSERT INTO public.pop_player (id, email, nickname, phone_number, pin, user_id) VALUES (20240193, 'zicha.bretislav@email.cz', 'B콏etislav zicha', '734723860', 5562, 20240193);
INSERT INTO public.pop_player (id, email, nickname, phone_number, pin, user_id) VALUES (20240194, 'micou@centrum.cz', 'Miroslav Coufal', '732852255', 6140, 20240194);
INSERT INTO public.pop_player (id, email, nickname, phone_number, pin, user_id) VALUES (20240195, 'janac.michal@seznam.cz', 'Michal Jan치캜', '737757995', 3679, 20240195);
INSERT INTO public.pop_player (id, email, nickname, phone_number, pin, user_id) VALUES (20240196, 'davidjanac11@seznam.cz', 'DAVID JAN츼캛', '603980807', 6578, 20240196);
INSERT INTO public.pop_player (id, email, nickname, phone_number, pin, user_id) VALUES (20240197, 'jita.coufalova@seznam.cz', 'Jitka Coufalov치', '605562398', 7123, 20240197);
INSERT INTO public.pop_player (id, email, nickname, phone_number, pin, user_id) VALUES (20240198, 'm1998@seznam.cz', 'Jitka Kunovsk치', '733557928', 1486, 20240198);
INSERT INTO public.pop_player (id, email, nickname, phone_number, pin, user_id) VALUES (20240199, 'tomaskozubik@gmail.com', 'Tom치코 Kozub칤k', '732269521', 8361, 20240199);
INSERT INTO public.pop_player (id, email, nickname, phone_number, pin, user_id) VALUES (20240200, 'romandanek007@seznam.cz', 'Roman F', '603203544', 6115, 20240200);
INSERT INTO public.pop_player (id, email, nickname, phone_number, pin, user_id) VALUES (20240201, 'vendik2@centrum.cz', 'vendula', '732322578', 9006, 20240201);
INSERT INTO public.pop_player (id, email, nickname, phone_number, pin, user_id) VALUES (20240202, 'vendik2@centrum.cz', 'vendelinvg', '732322578', 1036, 20240202);
INSERT INTO public.pop_player (id, email, nickname, phone_number, pin, user_id) VALUES (20240203, 'Semaniktomas@gmail.com', 'Tom치코 Seman칤k', '725457239', 4926, 20240203);
INSERT INTO public.pop_player (id, email, nickname, phone_number, pin, user_id) VALUES (20240204, 'Mare캜kov치', 'Kate콏ina', '727980965', 4224, 20240204);
INSERT INTO public.pop_player (id, email, nickname, phone_number, pin, user_id) VALUES (20240205, 'tomasjanac99@seznam.cz', 'Tom치코 Jan치캜', '732840716', 1818, 20240205);
INSERT INTO public.pop_player (id, email, nickname, phone_number, pin, user_id) VALUES (20240206, 'avinkika@seznam.cz', 'Iva Kratinov치', '737883985', 3370, 20240206);
INSERT INTO public.pop_player (id, email, nickname, phone_number, pin, user_id) VALUES (20240207, 'pajinkamachacova@seznam.cz', 'Pavl칤na Macha캜ov치', '773924620', 9260, 20240207);
INSERT INTO public.pop_player (id, email, nickname, phone_number, pin, user_id) VALUES (20240208, 'keimek86@gmail.com', 'Kry코tof Martin Knebl칤k', '774222542', 6374, 20240208);
INSERT INTO public.pop_player (id, email, nickname, phone_number, pin, user_id) VALUES (20240209, 'm1998@seznam.cz', 'Ani캜ka Kunovsk치', '733557928', 9169, 20240209);
INSERT INTO public.pop_player (id, email, nickname, phone_number, pin, user_id) VALUES (20240210, 'dkratina1@seznam.cz', 'David Kratina', '731253854', 8482, 20240210);
INSERT INTO public.pop_player (id, email, nickname, phone_number, pin, user_id) VALUES (20240211, 'katerinakneblik@gmail.com', 'Kate콏ina Knebl칤k', '774808032', 7484, 20240211);
INSERT INTO public.pop_player (id, email, nickname, phone_number, pin, user_id) VALUES (20240212, 'katymarecek@seznam.cz', 'Kate콏ina Mare캜kov치', '727980965', 1971, 20240212);
INSERT INTO public.pop_player (id, email, nickname, phone_number, pin, user_id) VALUES (20240213, 'filiprozsy1@gmail.com', 'Filip Rozsypal', '731697068', 1207, 20240213);
INSERT INTO public.pop_player (id, email, nickname, phone_number, pin, user_id) VALUES (20240214, 'veronika.kneblik@email.cz', 'Veronika Knebl칤k', '777810604', 5789, 20240214);
INSERT INTO public.pop_player (id, email, nickname, phone_number, pin, user_id) VALUES (20240215, 'adamtomecek1@seznam.cz', 'Adam Tome캜ek', '731013997', 5648, 20240215);
INSERT INTO public.pop_player (id, email, nickname, phone_number, pin, user_id) VALUES (20240216, 'tomasjanac99@seznam.cz', 'Tomas Janac', '732840716', 2717, 20240216);
INSERT INTO public.pop_player (id, email, nickname, phone_number, pin, user_id) VALUES (20240218, 'davidnanak@seznam.cz', 'Nandosak', '727854553', 8766, 20240218);
INSERT INTO public.pop_player (id, email, nickname, phone_number, pin, user_id) VALUES (20240220, 'extrahumr33@gmail.com', 'RomanoHipHop88', '605366554', 1322, 20240220);
INSERT INTO public.pop_player (id, email, nickname, phone_number, pin, user_id) VALUES (20240221, 'kovalcikdominik22@gmail.com', 'Dominik', '733260523', 8756, 20240221);
INSERT INTO public.pop_player (id, email, nickname, phone_number, pin, user_id) VALUES (20240217, 'trochtass@seznam.cz', 'Stanislas', '604426354', 5075, 20240217);
INSERT INTO public.pop_player (id, email, nickname, phone_number, pin, user_id) VALUES (20240219, 'jan.herber@seznam.cz', 'Jan Herber', '737578333', 5748, 20240219);
INSERT INTO public.pop_player (id, email, nickname, phone_number, pin, user_id) VALUES (20240222, '14Simon@email.cz', '말mon Koval캜칤k', '733426654', 7549, 20240222);
INSERT INTO public.pop_player (id, email, nickname, phone_number, pin, user_id) VALUES (20240223, 'Dad4@seznam.cz', 'Daniel 먠벼stn칳', '736233454', 5804, 20240223);
INSERT INTO public.pop_player (id, email, nickname, phone_number, pin, user_id) VALUES (20240224, 'Dad4@seznam.cz', 'DanielHappy', '736233454', 3220, 20240224);
INSERT INTO public.pop_player (id, email, nickname, phone_number, pin, user_id) VALUES (20240225, 'LUCY2350@email.cz', 'Lucie Tome캜kov치', '605745123', 6812, 20240225);
INSERT INTO public.pop_player (id, email, nickname, phone_number, pin, user_id) VALUES (20240226, 'valpsotova@seznsm.cz', 'Val칠rie', '737867449', 8291, 20240226);
INSERT INTO public.pop_player (id, email, nickname, phone_number, pin, user_id) VALUES (20240227, 'rabdavid9gmail.com', 'davd', '', 9594, 20240227);
INSERT INTO public.pop_player (id, email, nickname, phone_number, pin, user_id) VALUES (20240228, 'niky35@cemtrum.cz', 'michaela', '739181726', 6476, 20240228);
INSERT INTO public.pop_player (id, email, nickname, phone_number, pin, user_id) VALUES (20240229, 'hana.kolinkova@centrum.cz', 'Petr Mar코치lek', '739428754', 7560, 20240229);


--
-- TOC entry 4394 (class 0 OID 2343242)
-- Dependencies: 231
-- Data for Name: pop_role; Type: TABLE DATA; Schema: public; Owner: yvfqbqqqabpzca
--

INSERT INTO public.pop_role (id, role) VALUES (1, 'ADMIN');
INSERT INTO public.pop_role (id, role) VALUES (2, 'ORGANIZATOR');
INSERT INTO public.pop_role (id, role) VALUES (3, 'USER');


--
-- TOC entry 4395 (class 0 OID 2343247)
-- Dependencies: 232
-- Data for Name: pop_stage; Type: TABLE DATA; Schema: public; Owner: yvfqbqqqabpzca
--

INSERT INTO public.pop_stage (id, color, info, location, name, number, pin, year, distance_in_meters, distance) VALUES (4, 'color: purple;', 'SDH Vala코sk치 Polanka;
;
- Radegast 10춿;
- Birell;
- malinovka;
- k zakousnut칤 v칳born칠 ... od hasi캜콢;', '\xaced0005737200226f72672e737072696e676672616d65776f726b2e646174612e67656f2e506f696e7431b9e90ef11a400602000244000178440001797870403207ac8f3fa3844048a217a02fb5d0', '3. NA VYHL칈DCE', 2023003, '3. NA VYHL칈DCE', 2023, 4350, 4.35);
INSERT INTO public.pop_stage (id, color, info, location, name, number, pin, year, distance_in_meters, distance) VALUES (6, 'color: grey;', '- Radegast 10춿;
- Kanec 10춿;
- Hubertus 12춿 Kvasni캜치k;
- malinovka;
- Birell Pomelo;
- k zakousnut칤 velk칳 v칳b캩r j칤dla;
- mobiln칤 kav치rna U n치s kafe z Lipiny;
- speciality z La Tazza Bistro ze Vset칤na;
KAPELA - ASTMATIC k tanci i poslechu, tombola-letos losovan치 na tane캜n칤m kole, p콏ekvapen칤 z nebes!', '\xaced0005737200226f72672e737072696e676672616d65776f726b2e646174612e67656f2e506f696e7431b9e90ef11a4006020002440001784400017978704031ff843de7c21c4048a0bd58bb82f8', '5. NA KOLE', 2023005, '5. NA KOLE', 2023, 9400, 9.4);
INSERT INTO public.pop_stage (id, color, info, location, name, number, pin, year, distance_in_meters, distance) VALUES (5, 'color: blue;', 'Mysliveck칳 spolek Hrub치 dolina Vala코sk치 Polanka;
;
- Radegast 10춿;
- malinovka;
- zv캩콏inov칠 speciality od myslivc콢, gul치코, ud칤rna...', '\xaced0005737200226f72672e737072696e676672616d65776f726b2e646174612e67656f2e506f696e7431b9e90ef11a4006020002440001784400017978704032050b0f27bb304048a15ae7ad22e3', '4. V DUGLASCE', 2023004, '4. V DUGLASCE', 2023, 6240, 6.24);
INSERT INTO public.pop_stage (id, color, info, location, name, number, pin, year, distance_in_meters, distance) VALUES (2, 'color: green;', '- Radegast 10춿, 12춿;
- Birell Pomelo, Kofola, Pomeran캜;
- Radegast Ratar;
;
K ob캜erstven칤 kyselice, vep콏ov칳 steak, topinka s ku콏ec칤 sm캩s칤...', '\xaced0005737200226f72672e737072696e676672616d65776f726b2e646174612e67656f2e506f696e7431b9e90ef11a4006020002440001784400017978704031fefaff3dc43b4048a19f54f65960', '1. Hospoda U N츼S', 2023001, '1. hospoda U N츼S', 2023, 0, 0);
INSERT INTO public.pop_stage (id, color, info, location, name, number, pin, year, distance_in_meters, distance) VALUES (20240002, 'color: green;', '- Radegast 10춿, 12춿;
- Svijansk치 Kn캩쬹a 13춿;
- Aperol Spritz, Gin&Tonic;
- Birell Pomelo, Kofola;
K ob캜erstven칤 sma쬰n칳 s칳r v bulce...;', '\xaced0005737200226f72672e737072696e676672616d65776f726b2e646174612e67656f2e506f696e7431b9e90ef11a4006020002440001784400017978704031ff05b622665c4048a195f3f2ab84', '1. hospoda U N츼S', 2024001, '1. hospoda U N츼S', 2024, NULL, 0);
INSERT INTO public.pop_stage (id, color, info, location, name, number, pin, year, distance_in_meters, distance) VALUES (20240003, 'color: red;', 'SDH Vala코sk치 Polanka;
;
- Radegast 10춿;
- Birell;
- k zakousnut칤 v칳born칠 brambor치캜ky od hasi캜콢 :-);', '\xaced0005737200226f72672e737072696e676672616d65776f726b2e646174612e67656f2e506f696e7431b9e90ef11a4006020002440001784400017978704031fd2caa82f5e94048a26cb3878169', '2. U HASI캛콡', 2024002, '2. U HASI캛콡', 2024, NULL, 1.3);
INSERT INTO public.pop_stage (id, color, info, location, name, number, pin, year, distance_in_meters, distance) VALUES (20240004, 'color: purple;', 'Mysliveck칳 spolek Hrub치 Dolina Vala코sk치 Polanka;
;
- Radegast 10춿;
- Birell, malinovka;
- zv캩콏inov칠 speciality od myslivc콢, gul치코, ud칤rna..;', '\xaced0005737200226f72672e737072696e676672616d65776f726b2e646174612e67656f2e506f696e7431b9e90ef11a4006020002440001784400017978704031fbbaf533f4234048a1a2ca9ac365', '3. NA L츼NOCH', 2024003, '3. NA L츼NOCH', 2024, NULL, 3);
INSERT INTO public.pop_stage (id, color, info, location, name, number, pin, year, distance_in_meters, distance) VALUES (20240005, 'color: blue;', 'CYKLOPARTYJA VALASK츼 POLANKA;
;
- Radegast 10춿;
- Birell, malinovka;
- k j칤dlu 코kvarkov치 pomaz치nka a speciality od Cyklopartyje!;', '\xaced0005737200226f72672e737072696e676672616d65776f726b2e646174612e67656f2e506f696e7431b9e90ef11a4006020002440001784400017978704031fdddb9841aac4048a014afba6d4f', '4. NA SUL츼캛OV캨', 2024004, '4. NA SUL츼캛OV캨', 2024, NULL, 6.9);
INSERT INTO public.pop_stage (id, color, info, location, name, number, pin, year, distance_in_meters, distance) VALUES (20240006, 'color: grey;', 'Kulturn칤 komise p콏i Obecn칤m 칰콏ad캩 Vala코sk치 Polanka, spolek p콏치tel Kal칤 Pes a Kdo Zak치zal Nal칠vat;
;
- Radegast 10춿;
- Kanec 10춿;
- Hubertus 11춿;
- Nachmelen치 Opice 12춿 SUN APA;
- malinovka, Birell Pomelo;
- k zakousnut칤 velk칳 v칳b캩r j칤dla, uzen치 쬰bra, kabanos...;
;
- speciality z La Tazza Bistro ze Vset칤na;
- Potravinov치 banka - k치va, ovocn칠 knedliky...;
- Dechov치 hudba Polan캜anka  kyselica;
- Martin a Tom - dva gul치코ov칤 matado콏i - gul치코;
;
K tanci a poslechu zahraje kapela ASTMATIC a after p치rty zajist칤 DJ KOLO;
Tombola losovan치 na tane캜n칤m kole v +-18h (uz치v캩rka v 17:00)!!!;', '\xaced0005737200226f72672e737072696e676672616d65776f726b2e646174612e67656f2e506f696e7431b9e90ef11a4006020002440001784400017978704031ff8266772d5e4048a0bdb1a6d699', '5. NA KOLE', 2024005, '5. NA KOLE', 2024, NULL, 8.8);
INSERT INTO public.pop_stage (id, color, info, location, name, number, pin, year, distance_in_meters, distance) VALUES (3, 'color: red;', 'CYKLOPARTYJA VALASK츼 POLANKA;
;
- Radegast 10춿;
- Birell;
- malinovka;
- k j칤dlu speciality od Cyklopartyje!', '\xaced0005737200226f72672e737072696e676672616d65776f726b2e646174612e67656f2e506f696e7431b9e90ef11a4006020002440001784400017978704032053783240c4f4048a2cdba329655', '2. NA TO캛N캨', 2023002, '2. NA TO캛N캨', 2023, 2950, 2.95);


--
-- TOC entry 4396 (class 0 OID 2343254)
-- Dependencies: 233
-- Data for Name: pop_stamp; Type: TABLE DATA; Schema: public; Owner: yvfqbqqqabpzca
--

INSERT INTO public.pop_stamp (id, "timestamp", player_id, stage_id) VALUES (20, '2023-07-05 14:04:59.497426', 1112, 2);
INSERT INTO public.pop_stamp (id, "timestamp", player_id, stage_id) VALUES (21, '2023-07-05 14:08:09.521919', 1115, 2);
INSERT INTO public.pop_stamp (id, "timestamp", player_id, stage_id) VALUES (22, '2023-07-05 14:08:16.012595', 1066, 2);
INSERT INTO public.pop_stamp (id, "timestamp", player_id, stage_id) VALUES (23, '2023-07-05 14:15:17.22439', 1118, 2);
INSERT INTO public.pop_stamp (id, "timestamp", player_id, stage_id) VALUES (24, '2023-07-05 14:22:47.939513', 1123, 2);
INSERT INTO public.pop_stamp (id, "timestamp", player_id, stage_id) VALUES (25, '2023-07-05 14:23:42.357706', 1127, 2);
INSERT INTO public.pop_stamp (id, "timestamp", player_id, stage_id) VALUES (26, '2023-07-05 14:25:26.801392', 1124, 2);
INSERT INTO public.pop_stamp (id, "timestamp", player_id, stage_id) VALUES (27, '2023-07-05 14:25:44.235265', 1116, 2);
INSERT INTO public.pop_stamp (id, "timestamp", player_id, stage_id) VALUES (28, '2023-07-05 14:33:13.817199', 1050, 2);
INSERT INTO public.pop_stamp (id, "timestamp", player_id, stage_id) VALUES (29, '2023-07-05 14:33:33.574487', 1069, 2);
INSERT INTO public.pop_stamp (id, "timestamp", player_id, stage_id) VALUES (30, '2023-07-05 14:38:35.32377', 1077, 2);
INSERT INTO public.pop_stamp (id, "timestamp", player_id, stage_id) VALUES (31, '2023-07-05 14:40:27.99628', 1027, 2);
INSERT INTO public.pop_stamp (id, "timestamp", player_id, stage_id) VALUES (32, '2023-07-05 14:40:32.912196', 1082, 2);
INSERT INTO public.pop_stamp (id, "timestamp", player_id, stage_id) VALUES (33, '2023-07-05 14:40:34.326845', 1029, 2);
INSERT INTO public.pop_stamp (id, "timestamp", player_id, stage_id) VALUES (34, '2023-07-05 14:40:34.738706', 1025, 2);
INSERT INTO public.pop_stamp (id, "timestamp", player_id, stage_id) VALUES (35, '2023-07-05 14:40:44.445729', 1130, 2);
INSERT INTO public.pop_stamp (id, "timestamp", player_id, stage_id) VALUES (36, '2023-07-05 14:40:54.882862', 1136, 2);
INSERT INTO public.pop_stamp (id, "timestamp", player_id, stage_id) VALUES (37, '2023-07-05 14:41:00.979858', 1062, 2);
INSERT INTO public.pop_stamp (id, "timestamp", player_id, stage_id) VALUES (38, '2023-07-05 14:41:40.783888', 1094, 2);
INSERT INTO public.pop_stamp (id, "timestamp", player_id, stage_id) VALUES (39, '2023-07-05 14:44:35.550116', 1063, 2);
INSERT INTO public.pop_stamp (id, "timestamp", player_id, stage_id) VALUES (40, '2023-07-05 14:48:04.887411', 1028, 2);
INSERT INTO public.pop_stamp (id, "timestamp", player_id, stage_id) VALUES (41, '2023-07-05 14:49:40.86887', 1026, 2);
INSERT INTO public.pop_stamp (id, "timestamp", player_id, stage_id) VALUES (42, '2023-07-05 14:51:49.405516', 1048, 2);
INSERT INTO public.pop_stamp (id, "timestamp", player_id, stage_id) VALUES (43, '2023-07-05 14:53:43.322928', 1122, 2);
INSERT INTO public.pop_stamp (id, "timestamp", player_id, stage_id) VALUES (44, '2023-07-05 14:53:44.650937', 1095, 2);
INSERT INTO public.pop_stamp (id, "timestamp", player_id, stage_id) VALUES (45, '2023-07-05 14:54:16.2136', 1145, 2);
INSERT INTO public.pop_stamp (id, "timestamp", player_id, stage_id) VALUES (46, '2023-07-05 15:00:31.893981', 1105, 2);
INSERT INTO public.pop_stamp (id, "timestamp", player_id, stage_id) VALUES (47, '2023-07-05 15:00:37.565628', 1108, 2);
INSERT INTO public.pop_stamp (id, "timestamp", player_id, stage_id) VALUES (48, '2023-07-05 15:01:42.096551', 1042, 2);
INSERT INTO public.pop_stamp (id, "timestamp", player_id, stage_id) VALUES (49, '2023-07-05 15:02:30.389117', 1106, 2);
INSERT INTO public.pop_stamp (id, "timestamp", player_id, stage_id) VALUES (50, '2023-07-05 15:04:15.597853', 1159, 2);
INSERT INTO public.pop_stamp (id, "timestamp", player_id, stage_id) VALUES (51, '2023-07-05 15:05:26.968677', 1141, 2);
INSERT INTO public.pop_stamp (id, "timestamp", player_id, stage_id) VALUES (52, '2023-07-05 15:05:29.701874', 1140, 2);
INSERT INTO public.pop_stamp (id, "timestamp", player_id, stage_id) VALUES (53, '2023-07-05 15:05:42.433075', 1112, 3);
INSERT INTO public.pop_stamp (id, "timestamp", player_id, stage_id) VALUES (54, '2023-07-05 15:06:52.184707', 1066, 3);
INSERT INTO public.pop_stamp (id, "timestamp", player_id, stage_id) VALUES (55, '2023-07-05 15:13:33.932293', 1161, 2);
INSERT INTO public.pop_stamp (id, "timestamp", player_id, stage_id) VALUES (56, '2023-07-05 15:21:08.702797', 1129, 2);
INSERT INTO public.pop_stamp (id, "timestamp", player_id, stage_id) VALUES (57, '2023-07-05 15:22:17.192285', 1058, 2);
INSERT INTO public.pop_stamp (id, "timestamp", player_id, stage_id) VALUES (58, '2023-07-05 15:22:30.990722', 1139, 2);
INSERT INTO public.pop_stamp (id, "timestamp", player_id, stage_id) VALUES (59, '2023-07-05 15:24:39.929819', 1168, 2);
INSERT INTO public.pop_stamp (id, "timestamp", player_id, stage_id) VALUES (60, '2023-07-05 15:25:13.425998', 1089, 2);
INSERT INTO public.pop_stamp (id, "timestamp", player_id, stage_id) VALUES (61, '2023-07-05 15:25:20.954663', 1050, 3);
INSERT INTO public.pop_stamp (id, "timestamp", player_id, stage_id) VALUES (62, '2023-07-05 15:25:21.531616', 1081, 2);
INSERT INTO public.pop_stamp (id, "timestamp", player_id, stage_id) VALUES (63, '2023-07-05 15:25:27.476486', 1010, 2);
INSERT INTO public.pop_stamp (id, "timestamp", player_id, stage_id) VALUES (64, '2023-07-05 15:25:48.847219', 1113, 2);
INSERT INTO public.pop_stamp (id, "timestamp", player_id, stage_id) VALUES (65, '2023-07-05 15:26:10.287746', 1023, 2);
INSERT INTO public.pop_stamp (id, "timestamp", player_id, stage_id) VALUES (66, '2023-07-05 15:26:56.280671', 1175, 2);
INSERT INTO public.pop_stamp (id, "timestamp", player_id, stage_id) VALUES (67, '2023-07-05 15:27:23.814678', 1136, 3);
INSERT INTO public.pop_stamp (id, "timestamp", player_id, stage_id) VALUES (68, '2023-07-05 15:27:44.67062', 1094, 3);
INSERT INTO public.pop_stamp (id, "timestamp", player_id, stage_id) VALUES (69, '2023-07-05 15:28:04.034339', 1169, 2);
INSERT INTO public.pop_stamp (id, "timestamp", player_id, stage_id) VALUES (70, '2023-07-05 15:28:22.529897', 1165, 2);
INSERT INTO public.pop_stamp (id, "timestamp", player_id, stage_id) VALUES (71, '2023-07-05 15:28:31.355388', 1167, 2);
INSERT INTO public.pop_stamp (id, "timestamp", player_id, stage_id) VALUES (72, '2023-07-05 15:28:50.095787', 1088, 2);
INSERT INTO public.pop_stamp (id, "timestamp", player_id, stage_id) VALUES (73, '2023-07-05 15:29:05.768239', 1101, 2);
INSERT INTO public.pop_stamp (id, "timestamp", player_id, stage_id) VALUES (74, '2023-07-05 15:29:39.73234', 1172, 2);
INSERT INTO public.pop_stamp (id, "timestamp", player_id, stage_id) VALUES (75, '2023-07-05 15:29:42.218493', 1160, 2);
INSERT INTO public.pop_stamp (id, "timestamp", player_id, stage_id) VALUES (76, '2023-07-05 15:31:09.312583', 1181, 2);
INSERT INTO public.pop_stamp (id, "timestamp", player_id, stage_id) VALUES (77, '2023-07-05 15:31:11.021545', 1069, 3);
INSERT INTO public.pop_stamp (id, "timestamp", player_id, stage_id) VALUES (78, '2023-07-05 15:31:29.083454', 1162, 2);
INSERT INTO public.pop_stamp (id, "timestamp", player_id, stage_id) VALUES (79, '2023-07-05 15:31:38.77368', 1149, 2);
INSERT INTO public.pop_stamp (id, "timestamp", player_id, stage_id) VALUES (80, '2023-07-05 15:31:50.583236', 1152, 2);
INSERT INTO public.pop_stamp (id, "timestamp", player_id, stage_id) VALUES (81, '2023-07-05 15:31:57.907142', 1155, 2);
INSERT INTO public.pop_stamp (id, "timestamp", player_id, stage_id) VALUES (82, '2023-07-05 15:33:13.562672', 1048, 3);
INSERT INTO public.pop_stamp (id, "timestamp", player_id, stage_id) VALUES (83, '2023-07-05 15:33:41.187031', 1182, 2);
INSERT INTO public.pop_stamp (id, "timestamp", player_id, stage_id) VALUES (84, '2023-07-05 15:34:06.23858', 1185, 2);
INSERT INTO public.pop_stamp (id, "timestamp", player_id, stage_id) VALUES (85, '2023-07-05 15:34:24.929827', 1127, 3);
INSERT INTO public.pop_stamp (id, "timestamp", player_id, stage_id) VALUES (86, '2023-07-05 15:34:53.648577', 1093, 2);
INSERT INTO public.pop_stamp (id, "timestamp", player_id, stage_id) VALUES (87, '2023-07-05 15:35:01.787173', 1110, 2);
INSERT INTO public.pop_stamp (id, "timestamp", player_id, stage_id) VALUES (88, '2023-07-05 15:35:04.290041', 1086, 2);
INSERT INTO public.pop_stamp (id, "timestamp", player_id, stage_id) VALUES (89, '2023-07-05 15:35:40.098675', 1025, 3);
INSERT INTO public.pop_stamp (id, "timestamp", player_id, stage_id) VALUES (90, '2023-07-05 15:35:58.820639', 1065, 2);
INSERT INTO public.pop_stamp (id, "timestamp", player_id, stage_id) VALUES (91, '2023-07-05 15:36:01.403286', 1151, 2);
INSERT INTO public.pop_stamp (id, "timestamp", player_id, stage_id) VALUES (92, '2023-07-05 15:36:12.656968', 1190, 2);
INSERT INTO public.pop_stamp (id, "timestamp", player_id, stage_id) VALUES (93, '2023-07-05 15:36:16.755326', 1028, 3);
INSERT INTO public.pop_stamp (id, "timestamp", player_id, stage_id) VALUES (94, '2023-07-05 15:36:19.027683', 1176, 2);
INSERT INTO public.pop_stamp (id, "timestamp", player_id, stage_id) VALUES (95, '2023-07-05 15:36:23.816523', 1177, 2);
INSERT INTO public.pop_stamp (id, "timestamp", player_id, stage_id) VALUES (96, '2023-07-05 15:36:23.927412', 1084, 2);
INSERT INTO public.pop_stamp (id, "timestamp", player_id, stage_id) VALUES (97, '2023-07-05 15:37:46.719259', 1027, 3);
INSERT INTO public.pop_stamp (id, "timestamp", player_id, stage_id) VALUES (98, '2023-07-05 15:38:42.802312', 1057, 2);
INSERT INTO public.pop_stamp (id, "timestamp", player_id, stage_id) VALUES (99, '2023-07-05 15:40:03.604459', 1029, 3);
INSERT INTO public.pop_stamp (id, "timestamp", player_id, stage_id) VALUES (100, '2023-07-05 15:40:21.531679', 1061, 2);
INSERT INTO public.pop_stamp (id, "timestamp", player_id, stage_id) VALUES (101, '2023-07-05 15:40:33.364859', 1092, 2);
INSERT INTO public.pop_stamp (id, "timestamp", player_id, stage_id) VALUES (102, '2023-07-05 15:40:52.339914', 1053, 2);
INSERT INTO public.pop_stamp (id, "timestamp", player_id, stage_id) VALUES (103, '2023-07-05 15:41:12.000896', 1173, 2);
INSERT INTO public.pop_stamp (id, "timestamp", player_id, stage_id) VALUES (104, '2023-07-05 15:42:44.836893', 1124, 3);
INSERT INTO public.pop_stamp (id, "timestamp", player_id, stage_id) VALUES (105, '2023-07-05 15:46:09.572454', 1189, 2);
INSERT INTO public.pop_stamp (id, "timestamp", player_id, stage_id) VALUES (106, '2023-07-05 15:46:16.437051', 1192, 2);
INSERT INTO public.pop_stamp (id, "timestamp", player_id, stage_id) VALUES (107, '2023-07-05 15:46:52.559512', 1021, 2);
INSERT INTO public.pop_stamp (id, "timestamp", player_id, stage_id) VALUES (108, '2023-07-05 15:46:54.797602', 1067, 2);
INSERT INTO public.pop_stamp (id, "timestamp", player_id, stage_id) VALUES (109, '2023-07-05 15:46:58.627502', 1183, 2);
INSERT INTO public.pop_stamp (id, "timestamp", player_id, stage_id) VALUES (110, '2023-07-05 15:47:08.136494', 1011, 2);
INSERT INTO public.pop_stamp (id, "timestamp", player_id, stage_id) VALUES (111, '2023-07-05 15:47:45.511029', 1193, 2);
INSERT INTO public.pop_stamp (id, "timestamp", player_id, stage_id) VALUES (112, '2023-07-05 15:50:20.810512', 1198, 2);
INSERT INTO public.pop_stamp (id, "timestamp", player_id, stage_id) VALUES (113, '2023-07-05 15:50:32.254509', 1195, 2);
INSERT INTO public.pop_stamp (id, "timestamp", player_id, stage_id) VALUES (115, '2023-07-05 15:50:48.127016', 1118, 3);
INSERT INTO public.pop_stamp (id, "timestamp", player_id, stage_id) VALUES (116, '2023-07-05 15:52:06.982568', 1026, 3);
INSERT INTO public.pop_stamp (id, "timestamp", player_id, stage_id) VALUES (117, '2023-07-05 15:55:22.74696', 1073, 2);
INSERT INTO public.pop_stamp (id, "timestamp", player_id, stage_id) VALUES (118, '2023-07-05 15:55:47.483975', 1099, 2);
INSERT INTO public.pop_stamp (id, "timestamp", player_id, stage_id) VALUES (119, '2023-07-05 15:55:52.050638', 1098, 2);
INSERT INTO public.pop_stamp (id, "timestamp", player_id, stage_id) VALUES (120, '2023-07-05 15:56:06.993048', 1107, 2);
INSERT INTO public.pop_stamp (id, "timestamp", player_id, stage_id) VALUES (121, '2023-07-05 15:56:57.024544', 1200, 2);
INSERT INTO public.pop_stamp (id, "timestamp", player_id, stage_id) VALUES (122, '2023-07-05 15:57:09.263467', 1201, 2);
INSERT INTO public.pop_stamp (id, "timestamp", player_id, stage_id) VALUES (123, '2023-07-05 15:59:03.963998', 1203, 2);
INSERT INTO public.pop_stamp (id, "timestamp", player_id, stage_id) VALUES (124, '2023-07-05 16:04:15.742064', 1112, 4);
INSERT INTO public.pop_stamp (id, "timestamp", player_id, stage_id) VALUES (125, '2023-07-05 16:04:40.526936', 1188, 2);
INSERT INTO public.pop_stamp (id, "timestamp", player_id, stage_id) VALUES (126, '2023-07-05 16:04:47.706207', 1120, 2);
INSERT INTO public.pop_stamp (id, "timestamp", player_id, stage_id) VALUES (127, '2023-07-05 16:06:53.173004', 1066, 4);
INSERT INTO public.pop_stamp (id, "timestamp", player_id, stage_id) VALUES (128, '2023-07-05 16:09:28.437151', 1070, 2);
INSERT INTO public.pop_stamp (id, "timestamp", player_id, stage_id) VALUES (129, '2023-07-05 16:11:50.028541', 1127, 4);
INSERT INTO public.pop_stamp (id, "timestamp", player_id, stage_id) VALUES (130, '2023-07-05 16:13:03.925036', 1152, 3);
INSERT INTO public.pop_stamp (id, "timestamp", player_id, stage_id) VALUES (131, '2023-07-05 16:13:47.429952', 1149, 3);
INSERT INTO public.pop_stamp (id, "timestamp", player_id, stage_id) VALUES (132, '2023-07-05 16:13:59.269526', 1185, 3);
INSERT INTO public.pop_stamp (id, "timestamp", player_id, stage_id) VALUES (133, '2023-07-05 16:15:11.348639', 1069, 4);
INSERT INTO public.pop_stamp (id, "timestamp", player_id, stage_id) VALUES (134, '2023-07-05 16:15:29.096809', 1205, 2);
INSERT INTO public.pop_stamp (id, "timestamp", player_id, stage_id) VALUES (135, '2023-07-05 16:15:59.549028', 1162, 3);
INSERT INTO public.pop_stamp (id, "timestamp", player_id, stage_id) VALUES (136, '2023-07-05 16:18:23.958284', 1207, 2);
INSERT INTO public.pop_stamp (id, "timestamp", player_id, stage_id) VALUES (137, '2023-07-05 16:18:59.483253', 1204, 2);
INSERT INTO public.pop_stamp (id, "timestamp", player_id, stage_id) VALUES (138, '2023-07-05 16:19:07.570976', 1206, 2);
INSERT INTO public.pop_stamp (id, "timestamp", player_id, stage_id) VALUES (139, '2023-07-05 16:19:43.000986', 1108, 3);
INSERT INTO public.pop_stamp (id, "timestamp", player_id, stage_id) VALUES (140, '2023-07-05 16:19:52.211565', 1050, 4);
INSERT INTO public.pop_stamp (id, "timestamp", player_id, stage_id) VALUES (141, '2023-07-05 16:20:37.934683', 1105, 3);
INSERT INTO public.pop_stamp (id, "timestamp", player_id, stage_id) VALUES (142, '2023-07-05 16:21:04.511351', 1106, 3);
INSERT INTO public.pop_stamp (id, "timestamp", player_id, stage_id) VALUES (143, '2023-07-05 16:21:13.998818', 1088, 3);
INSERT INTO public.pop_stamp (id, "timestamp", player_id, stage_id) VALUES (144, '2023-07-05 16:21:35.3256', 1209, 2);
INSERT INTO public.pop_stamp (id, "timestamp", player_id, stage_id) VALUES (145, '2023-07-05 16:22:49.525078', 1210, 2);
INSERT INTO public.pop_stamp (id, "timestamp", player_id, stage_id) VALUES (146, '2023-07-05 16:24:24.265747', 1167, 3);
INSERT INTO public.pop_stamp (id, "timestamp", player_id, stage_id) VALUES (147, '2023-07-05 16:24:36.981522', 1101, 3);
INSERT INTO public.pop_stamp (id, "timestamp", player_id, stage_id) VALUES (148, '2023-07-05 16:24:40.950972', 1168, 3);
INSERT INTO public.pop_stamp (id, "timestamp", player_id, stage_id) VALUES (149, '2023-07-05 16:26:49.992883', 1212, 2);
INSERT INTO public.pop_stamp (id, "timestamp", player_id, stage_id) VALUES (150, '2023-07-05 16:27:29.480527', 1027, 4);
INSERT INTO public.pop_stamp (id, "timestamp", player_id, stage_id) VALUES (151, '2023-07-05 16:27:42.885128', 1181, 3);
INSERT INTO public.pop_stamp (id, "timestamp", player_id, stage_id) VALUES (152, '2023-07-05 16:27:47.374516', 1025, 4);
INSERT INTO public.pop_stamp (id, "timestamp", player_id, stage_id) VALUES (153, '2023-07-05 16:28:05.954126', 1029, 4);
INSERT INTO public.pop_stamp (id, "timestamp", player_id, stage_id) VALUES (154, '2023-07-05 16:28:58.323157', 1028, 4);
INSERT INTO public.pop_stamp (id, "timestamp", player_id, stage_id) VALUES (155, '2023-07-05 16:29:51.471609', 1048, 4);
INSERT INTO public.pop_stamp (id, "timestamp", player_id, stage_id) VALUES (156, '2023-07-05 16:30:44.260042', 1161, 4);
INSERT INTO public.pop_stamp (id, "timestamp", player_id, stage_id) VALUES (157, '2023-07-05 16:30:57.210888', 1094, 4);
INSERT INTO public.pop_stamp (id, "timestamp", player_id, stage_id) VALUES (158, '2023-07-05 16:31:03.143123', 1042, 3);
INSERT INTO public.pop_stamp (id, "timestamp", player_id, stage_id) VALUES (159, '2023-07-05 16:31:10.903756', 1136, 4);
INSERT INTO public.pop_stamp (id, "timestamp", player_id, stage_id) VALUES (162, '2023-07-05 16:31:43.64188', 1165, 3);
INSERT INTO public.pop_stamp (id, "timestamp", player_id, stage_id) VALUES (160, '2023-07-05 16:31:23.003466', 1159, 3);
INSERT INTO public.pop_stamp (id, "timestamp", player_id, stage_id) VALUES (161, '2023-07-05 16:31:36.72598', 1214, 2);
INSERT INTO public.pop_stamp (id, "timestamp", player_id, stage_id) VALUES (163, '2023-07-05 16:32:57.19965', 1058, 3);
INSERT INTO public.pop_stamp (id, "timestamp", player_id, stage_id) VALUES (164, '2023-07-05 16:33:00.034188', 1130, 3);
INSERT INTO public.pop_stamp (id, "timestamp", player_id, stage_id) VALUES (165, '2023-07-05 16:33:14.336511', 1130, 4);
INSERT INTO public.pop_stamp (id, "timestamp", player_id, stage_id) VALUES (166, '2023-07-05 16:33:51.166842', 1110, 3);
INSERT INTO public.pop_stamp (id, "timestamp", player_id, stage_id) VALUES (167, '2023-07-05 16:34:05.756488', 1161, 3);
INSERT INTO public.pop_stamp (id, "timestamp", player_id, stage_id) VALUES (168, '2023-07-05 16:36:42.666521', 1093, 3);
INSERT INTO public.pop_stamp (id, "timestamp", player_id, stage_id) VALUES (169, '2023-07-05 16:40:23.770266', 1057, 3);
INSERT INTO public.pop_stamp (id, "timestamp", player_id, stage_id) VALUES (170, '2023-07-05 16:42:29.418728', 1026, 4);
INSERT INTO public.pop_stamp (id, "timestamp", player_id, stage_id) VALUES (171, '2023-07-05 16:42:41.394595', 1159, 4);
INSERT INTO public.pop_stamp (id, "timestamp", player_id, stage_id) VALUES (172, '2023-07-05 16:43:31.873191', 1145, 4);
INSERT INTO public.pop_stamp (id, "timestamp", player_id, stage_id) VALUES (173, '2023-07-05 16:44:21.345054', 1169, 3);
INSERT INTO public.pop_stamp (id, "timestamp", player_id, stage_id) VALUES (174, '2023-07-05 16:44:31.359042', 1011, 3);
INSERT INTO public.pop_stamp (id, "timestamp", player_id, stage_id) VALUES (175, '2023-07-05 16:44:48.190461', 1189, 3);
INSERT INTO public.pop_stamp (id, "timestamp", player_id, stage_id) VALUES (176, '2023-07-05 16:45:13.013476', 1155, 3);
INSERT INTO public.pop_stamp (id, "timestamp", player_id, stage_id) VALUES (177, '2023-07-05 16:46:29.56571', 1177, 3);
INSERT INTO public.pop_stamp (id, "timestamp", player_id, stage_id) VALUES (178, '2023-07-05 16:46:54.961068', 1089, 3);
INSERT INTO public.pop_stamp (id, "timestamp", player_id, stage_id) VALUES (179, '2023-07-05 16:47:51.467687', 1023, 3);
INSERT INTO public.pop_stamp (id, "timestamp", player_id, stage_id) VALUES (180, '2023-07-05 16:48:24.280374', 1092, 3);
INSERT INTO public.pop_stamp (id, "timestamp", player_id, stage_id) VALUES (181, '2023-07-05 16:49:39.066954', 1112, 5);
INSERT INTO public.pop_stamp (id, "timestamp", player_id, stage_id) VALUES (182, '2023-07-05 16:51:01.32209', 1066, 5);
INSERT INTO public.pop_stamp (id, "timestamp", player_id, stage_id) VALUES (183, '2023-07-05 16:51:09.058997', 1162, 4);
INSERT INTO public.pop_stamp (id, "timestamp", player_id, stage_id) VALUES (184, '2023-07-05 16:51:12.895649', 1152, 4);
INSERT INTO public.pop_stamp (id, "timestamp", player_id, stage_id) VALUES (185, '2023-07-05 16:51:20.424816', 1185, 4);
INSERT INTO public.pop_stamp (id, "timestamp", player_id, stage_id) VALUES (186, '2023-07-05 16:51:27.737624', 1149, 4);
INSERT INTO public.pop_stamp (id, "timestamp", player_id, stage_id) VALUES (187, '2023-07-05 16:53:07.576392', 1155, 4);
INSERT INTO public.pop_stamp (id, "timestamp", player_id, stage_id) VALUES (188, '2023-07-05 16:54:51.220077', 1190, 3);
INSERT INTO public.pop_stamp (id, "timestamp", player_id, stage_id) VALUES (189, '2023-07-05 16:56:21.804414', 1098, 3);
INSERT INTO public.pop_stamp (id, "timestamp", player_id, stage_id) VALUES (190, '2023-07-05 16:59:21.066673', 1099, 3);
INSERT INTO public.pop_stamp (id, "timestamp", player_id, stage_id) VALUES (191, '2023-07-05 17:00:16.163225', 1077, 3);
INSERT INTO public.pop_stamp (id, "timestamp", player_id, stage_id) VALUES (192, '2023-07-05 17:01:32.94404', 1122, 3);
INSERT INTO public.pop_stamp (id, "timestamp", player_id, stage_id) VALUES (193, '2023-07-05 17:01:50.012333', 1173, 3);
INSERT INTO public.pop_stamp (id, "timestamp", player_id, stage_id) VALUES (194, '2023-07-05 17:03:02.125663', 1061, 3);
INSERT INTO public.pop_stamp (id, "timestamp", player_id, stage_id) VALUES (195, '2023-07-05 17:03:09.367456', 1053, 3);
INSERT INTO public.pop_stamp (id, "timestamp", player_id, stage_id) VALUES (196, '2023-07-05 17:04:23.093997', 1095, 3);
INSERT INTO public.pop_stamp (id, "timestamp", player_id, stage_id) VALUES (197, '2023-07-05 17:04:51.397833', 1124, 4);
INSERT INTO public.pop_stamp (id, "timestamp", player_id, stage_id) VALUES (198, '2023-07-05 17:05:03.638655', 1118, 4);
INSERT INTO public.pop_stamp (id, "timestamp", player_id, stage_id) VALUES (199, '2023-07-05 17:05:19.201494', 1105, 4);
INSERT INTO public.pop_stamp (id, "timestamp", player_id, stage_id) VALUES (200, '2023-07-05 17:05:29.878427', 1106, 4);
INSERT INTO public.pop_stamp (id, "timestamp", player_id, stage_id) VALUES (201, '2023-07-05 17:05:38.272361', 1108, 4);
INSERT INTO public.pop_stamp (id, "timestamp", player_id, stage_id) VALUES (202, '2023-07-05 17:06:26.068033', 1010, 3);
INSERT INTO public.pop_stamp (id, "timestamp", player_id, stage_id) VALUES (203, '2023-07-05 17:06:33.544001', 1120, 3);
INSERT INTO public.pop_stamp (id, "timestamp", player_id, stage_id) VALUES (204, '2023-07-05 17:06:49.771628', 1107, 3);
INSERT INTO public.pop_stamp (id, "timestamp", player_id, stage_id) VALUES (205, '2023-07-05 17:07:17.133626', 1198, 3);
INSERT INTO public.pop_stamp (id, "timestamp", player_id, stage_id) VALUES (206, '2023-07-05 17:07:23.754526', 1113, 3);
INSERT INTO public.pop_stamp (id, "timestamp", player_id, stage_id) VALUES (207, '2023-07-05 17:08:54.452415', 1069, 5);
INSERT INTO public.pop_stamp (id, "timestamp", player_id, stage_id) VALUES (208, '2023-07-05 17:09:10.135415', 1175, 3);
INSERT INTO public.pop_stamp (id, "timestamp", player_id, stage_id) VALUES (209, '2023-07-05 17:09:47.256409', 1081, 3);
INSERT INTO public.pop_stamp (id, "timestamp", player_id, stage_id) VALUES (210, '2023-07-05 17:11:36.178322', 1101, 4);
INSERT INTO public.pop_stamp (id, "timestamp", player_id, stage_id) VALUES (211, '2023-07-05 17:11:38.709122', 1050, 5);
INSERT INTO public.pop_stamp (id, "timestamp", player_id, stage_id) VALUES (212, '2023-07-05 17:12:54.250965', 1190, 4);
INSERT INTO public.pop_stamp (id, "timestamp", player_id, stage_id) VALUES (213, '2023-07-05 17:13:53.636096', 1162, 5);
INSERT INTO public.pop_stamp (id, "timestamp", player_id, stage_id) VALUES (214, '2023-07-05 17:14:07.035131', 1152, 5);
INSERT INTO public.pop_stamp (id, "timestamp", player_id, stage_id) VALUES (215, '2023-07-05 17:14:09.73604', 1149, 5);
INSERT INTO public.pop_stamp (id, "timestamp", player_id, stage_id) VALUES (216, '2023-07-05 17:14:29.15639', 1175, 4);
INSERT INTO public.pop_stamp (id, "timestamp", player_id, stage_id) VALUES (217, '2023-07-05 17:14:45.251892', 1185, 5);
INSERT INTO public.pop_stamp (id, "timestamp", player_id, stage_id) VALUES (218, '2023-07-05 17:18:07.995052', 1127, 5);
INSERT INTO public.pop_stamp (id, "timestamp", player_id, stage_id) VALUES (219, '2023-07-05 17:18:16.64743', 1155, 5);
INSERT INTO public.pop_stamp (id, "timestamp", player_id, stage_id) VALUES (220, '2023-07-05 17:18:42.835886', 1188, 3);
INSERT INTO public.pop_stamp (id, "timestamp", player_id, stage_id) VALUES (221, '2023-07-05 17:18:43.907752', 1192, 3);
INSERT INTO public.pop_stamp (id, "timestamp", player_id, stage_id) VALUES (222, '2023-07-05 17:20:18.128487', 1183, 3);
INSERT INTO public.pop_stamp (id, "timestamp", player_id, stage_id) VALUES (223, '2023-07-05 17:20:24.680788', 1110, 4);
INSERT INTO public.pop_stamp (id, "timestamp", player_id, stage_id) VALUES (224, '2023-07-05 17:20:32.792201', 1207, 3);
INSERT INTO public.pop_stamp (id, "timestamp", player_id, stage_id) VALUES (225, '2023-07-05 17:20:33.955675', 1093, 4);
INSERT INTO public.pop_stamp (id, "timestamp", player_id, stage_id) VALUES (226, '2023-07-05 17:21:05.9688', 1057, 4);
INSERT INTO public.pop_stamp (id, "timestamp", player_id, stage_id) VALUES (227, '2023-07-05 17:21:11.841617', 1067, 3);
INSERT INTO public.pop_stamp (id, "timestamp", player_id, stage_id) VALUES (228, '2023-07-05 17:25:09.313399', 1181, 4);
INSERT INTO public.pop_stamp (id, "timestamp", player_id, stage_id) VALUES (229, '2023-07-05 17:25:19.236598', 1052, 3);
INSERT INTO public.pop_stamp (id, "timestamp", player_id, stage_id) VALUES (230, '2023-07-05 17:26:07.208926', 1010, 4);
INSERT INTO public.pop_stamp (id, "timestamp", player_id, stage_id) VALUES (231, '2023-07-05 17:26:15.020911', 1058, 4);
INSERT INTO public.pop_stamp (id, "timestamp", player_id, stage_id) VALUES (232, '2023-07-05 17:26:32.990838', 1077, 4);
INSERT INTO public.pop_stamp (id, "timestamp", player_id, stage_id) VALUES (233, '2023-07-05 17:26:52.185555', 1182, 3);
INSERT INTO public.pop_stamp (id, "timestamp", player_id, stage_id) VALUES (234, '2023-07-05 17:27:07.863441', 1182, 4);
INSERT INTO public.pop_stamp (id, "timestamp", player_id, stage_id) VALUES (235, '2023-07-05 17:28:27.491427', 1172, 3);
INSERT INTO public.pop_stamp (id, "timestamp", player_id, stage_id) VALUES (236, '2023-07-05 17:28:44.232028', 1172, 4);
INSERT INTO public.pop_stamp (id, "timestamp", player_id, stage_id) VALUES (237, '2023-07-05 17:30:18.641719', 1159, 5);
INSERT INTO public.pop_stamp (id, "timestamp", player_id, stage_id) VALUES (238, '2023-07-05 17:30:25.116887', 1061, 4);
INSERT INTO public.pop_stamp (id, "timestamp", player_id, stage_id) VALUES (239, '2023-07-05 17:30:38.488277', 1053, 4);
INSERT INTO public.pop_stamp (id, "timestamp", player_id, stage_id) VALUES (240, '2023-07-05 17:31:14.967496', 1215, 3);
INSERT INTO public.pop_stamp (id, "timestamp", player_id, stage_id) VALUES (241, '2023-07-05 17:33:01.802099', 1026, 5);
INSERT INTO public.pop_stamp (id, "timestamp", player_id, stage_id) VALUES (242, '2023-07-05 17:33:02.835827', 1130, 5);
INSERT INTO public.pop_stamp (id, "timestamp", player_id, stage_id) VALUES (243, '2023-07-05 17:33:10.391703', 1089, 4);
INSERT INTO public.pop_stamp (id, "timestamp", player_id, stage_id) VALUES (244, '2023-07-05 17:33:10.550435', 1048, 5);
INSERT INTO public.pop_stamp (id, "timestamp", player_id, stage_id) VALUES (245, '2023-07-05 17:33:22.967457', 1081, 4);
INSERT INTO public.pop_stamp (id, "timestamp", player_id, stage_id) VALUES (246, '2023-07-05 17:33:31.729045', 1139, 4);
INSERT INTO public.pop_stamp (id, "timestamp", player_id, stage_id) VALUES (247, '2023-07-05 17:33:43.270829', 1173, 4);
INSERT INTO public.pop_stamp (id, "timestamp", player_id, stage_id) VALUES (248, '2023-07-05 17:34:20.932064', 1210, 3);
INSERT INTO public.pop_stamp (id, "timestamp", player_id, stage_id) VALUES (249, '2023-07-05 17:35:46.883141', 1169, 4);
INSERT INTO public.pop_stamp (id, "timestamp", player_id, stage_id) VALUES (250, '2023-07-05 17:35:53.195239', 1029, 5);
INSERT INTO public.pop_stamp (id, "timestamp", player_id, stage_id) VALUES (251, '2023-07-05 17:36:01.727713', 1028, 5);
INSERT INTO public.pop_stamp (id, "timestamp", player_id, stage_id) VALUES (252, '2023-07-05 17:36:36.659064', 1027, 5);
INSERT INTO public.pop_stamp (id, "timestamp", player_id, stage_id) VALUES (253, '2023-07-05 17:37:08.089139', 1025, 5);
INSERT INTO public.pop_stamp (id, "timestamp", player_id, stage_id) VALUES (254, '2023-07-05 17:37:16.619783', 1160, 3);
INSERT INTO public.pop_stamp (id, "timestamp", player_id, stage_id) VALUES (255, '2023-07-05 17:38:09.267462', 1073, 3);
INSERT INTO public.pop_stamp (id, "timestamp", player_id, stage_id) VALUES (256, '2023-07-05 17:40:16.924759', 1212, 3);
INSERT INTO public.pop_stamp (id, "timestamp", player_id, stage_id) VALUES (257, '2023-07-05 17:41:19.223486', 1101, 5);
INSERT INTO public.pop_stamp (id, "timestamp", player_id, stage_id) VALUES (258, '2023-07-05 17:41:23.918582', 1042, 4);
INSERT INTO public.pop_stamp (id, "timestamp", player_id, stage_id) VALUES (259, '2023-07-05 17:42:13.691038', 1168, 4);
INSERT INTO public.pop_stamp (id, "timestamp", player_id, stage_id) VALUES (260, '2023-07-05 17:43:10.231207', 1118, 5);
INSERT INTO public.pop_stamp (id, "timestamp", player_id, stage_id) VALUES (261, '2023-07-05 17:43:12.941607', 1200, 4);
INSERT INTO public.pop_stamp (id, "timestamp", player_id, stage_id) VALUES (262, '2023-07-05 17:43:15.70045', 1190, 5);
INSERT INTO public.pop_stamp (id, "timestamp", player_id, stage_id) VALUES (263, '2023-07-05 17:43:23.978781', 1176, 3);
INSERT INTO public.pop_stamp (id, "timestamp", player_id, stage_id) VALUES (264, '2023-07-05 17:43:27.035128', 1124, 5);
INSERT INTO public.pop_stamp (id, "timestamp", player_id, stage_id) VALUES (265, '2023-07-05 17:43:54.926761', 1165, 4);
INSERT INTO public.pop_stamp (id, "timestamp", player_id, stage_id) VALUES (266, '2023-07-05 17:43:57.392926', 1160, 4);
INSERT INTO public.pop_stamp (id, "timestamp", player_id, stage_id) VALUES (267, '2023-07-05 17:45:18.79338', 1161, 5);
INSERT INTO public.pop_stamp (id, "timestamp", player_id, stage_id) VALUES (268, '2023-07-05 17:46:14.397509', 1145, 5);
INSERT INTO public.pop_stamp (id, "timestamp", player_id, stage_id) VALUES (269, '2023-07-05 17:46:45.332535', 1113, 4);
INSERT INTO public.pop_stamp (id, "timestamp", player_id, stage_id) VALUES (270, '2023-07-05 17:46:54.914308', 1093, 5);
INSERT INTO public.pop_stamp (id, "timestamp", player_id, stage_id) VALUES (271, '2023-07-05 17:46:57.088728', 1110, 5);
INSERT INTO public.pop_stamp (id, "timestamp", player_id, stage_id) VALUES (272, '2023-07-05 17:47:31.180861', 1183, 4);
INSERT INTO public.pop_stamp (id, "timestamp", player_id, stage_id) VALUES (273, '2023-07-05 17:47:53.234006', 1192, 4);
INSERT INTO public.pop_stamp (id, "timestamp", player_id, stage_id) VALUES (274, '2023-07-05 17:48:13.516059', 1205, 6);
INSERT INTO public.pop_stamp (id, "timestamp", player_id, stage_id) VALUES (275, '2023-07-05 17:50:53.100316', 1021, 3);
INSERT INTO public.pop_stamp (id, "timestamp", player_id, stage_id) VALUES (276, '2023-07-05 17:51:01.074744', 1011, 4);
INSERT INTO public.pop_stamp (id, "timestamp", player_id, stage_id) VALUES (277, '2023-07-05 17:56:28.134819', 1107, 4);
INSERT INTO public.pop_stamp (id, "timestamp", player_id, stage_id) VALUES (278, '2023-07-05 17:56:59.547838', 1099, 4);
INSERT INTO public.pop_stamp (id, "timestamp", player_id, stage_id) VALUES (279, '2023-07-05 17:57:01.57933', 1098, 4);
INSERT INTO public.pop_stamp (id, "timestamp", player_id, stage_id) VALUES (280, '2023-07-05 17:57:09.122451', 1092, 4);
INSERT INTO public.pop_stamp (id, "timestamp", player_id, stage_id) VALUES (281, '2023-07-05 17:57:53.987295', 1155, 6);
INSERT INTO public.pop_stamp (id, "timestamp", player_id, stage_id) VALUES (282, '2023-07-05 17:58:19.694921', 1209, 4);
INSERT INTO public.pop_stamp (id, "timestamp", player_id, stage_id) VALUES (283, '2023-07-05 17:59:43.906222', 1112, 6);
INSERT INTO public.pop_stamp (id, "timestamp", player_id, stage_id) VALUES (284, '2023-07-05 18:00:10.30546', 1127, 6);
INSERT INTO public.pop_stamp (id, "timestamp", player_id, stage_id) VALUES (285, '2023-07-05 18:00:18.176216', 1106, 5);
INSERT INTO public.pop_stamp (id, "timestamp", player_id, stage_id) VALUES (286, '2023-07-05 18:00:21.39632', 1108, 5);
INSERT INTO public.pop_stamp (id, "timestamp", player_id, stage_id) VALUES (287, '2023-07-05 18:00:24.487583', 1105, 5);
INSERT INTO public.pop_stamp (id, "timestamp", player_id, stage_id) VALUES (288, '2023-07-05 18:01:05.994062', 1181, 5);
INSERT INTO public.pop_stamp (id, "timestamp", player_id, stage_id) VALUES (289, '2023-07-05 18:01:33.188766', 1057, 5);
INSERT INTO public.pop_stamp (id, "timestamp", player_id, stage_id) VALUES (290, '2023-07-05 18:02:09.111256', 1023, 4);
INSERT INTO public.pop_stamp (id, "timestamp", player_id, stage_id) VALUES (291, '2023-07-05 18:04:04.679377', 1175, 5);
INSERT INTO public.pop_stamp (id, "timestamp", player_id, stage_id) VALUES (292, '2023-07-05 18:04:05.980531', 1095, 4);
INSERT INTO public.pop_stamp (id, "timestamp", player_id, stage_id) VALUES (293, '2023-07-05 18:04:10.62335', 1122, 4);
INSERT INTO public.pop_stamp (id, "timestamp", player_id, stage_id) VALUES (294, '2023-07-05 18:04:15.472799', 1073, 4);
INSERT INTO public.pop_stamp (id, "timestamp", player_id, stage_id) VALUES (295, '2023-07-05 18:04:50.223885', 1173, 5);
INSERT INTO public.pop_stamp (id, "timestamp", player_id, stage_id) VALUES (296, '2023-07-05 18:04:58.584982', 1061, 5);
INSERT INTO public.pop_stamp (id, "timestamp", player_id, stage_id) VALUES (297, '2023-07-05 18:05:02.232302', 1053, 5);
INSERT INTO public.pop_stamp (id, "timestamp", player_id, stage_id) VALUES (298, '2023-07-05 18:05:31.547968', 1167, 4);
INSERT INTO public.pop_stamp (id, "timestamp", player_id, stage_id) VALUES (299, '2023-07-05 18:05:38.259888', 1088, 4);
INSERT INTO public.pop_stamp (id, "timestamp", player_id, stage_id) VALUES (300, '2023-07-05 18:06:35.702049', 1176, 4);
INSERT INTO public.pop_stamp (id, "timestamp", player_id, stage_id) VALUES (301, '2023-07-05 18:06:48.45569', 1177, 4);
INSERT INTO public.pop_stamp (id, "timestamp", player_id, stage_id) VALUES (302, '2023-07-05 18:08:18.104366', 1136, 5);
INSERT INTO public.pop_stamp (id, "timestamp", player_id, stage_id) VALUES (303, '2023-07-05 18:08:24.634758', 1094, 5);
INSERT INTO public.pop_stamp (id, "timestamp", player_id, stage_id) VALUES (304, '2023-07-05 18:08:26.9769', 1066, 6);
INSERT INTO public.pop_stamp (id, "timestamp", player_id, stage_id) VALUES (305, '2023-07-05 18:11:07.475946', 1077, 5);
INSERT INTO public.pop_stamp (id, "timestamp", player_id, stage_id) VALUES (306, '2023-07-05 18:12:30.683986', 1204, 4);
INSERT INTO public.pop_stamp (id, "timestamp", player_id, stage_id) VALUES (307, '2023-07-05 18:13:06.575286', 1069, 6);
INSERT INTO public.pop_stamp (id, "timestamp", player_id, stage_id) VALUES (308, '2023-07-05 18:15:18.884952', 1152, 6);
INSERT INTO public.pop_stamp (id, "timestamp", player_id, stage_id) VALUES (309, '2023-07-05 18:15:19.645699', 1162, 6);
INSERT INTO public.pop_stamp (id, "timestamp", player_id, stage_id) VALUES (310, '2023-07-05 18:15:23.044137', 1169, 5);
INSERT INTO public.pop_stamp (id, "timestamp", player_id, stage_id) VALUES (311, '2023-07-05 18:15:28.379727', 1149, 6);
INSERT INTO public.pop_stamp (id, "timestamp", player_id, stage_id) VALUES (312, '2023-07-05 18:15:31.850901', 1052, 4);
INSERT INTO public.pop_stamp (id, "timestamp", player_id, stage_id) VALUES (313, '2023-07-05 18:15:36.957302', 1185, 6);
INSERT INTO public.pop_stamp (id, "timestamp", player_id, stage_id) VALUES (314, '2023-07-05 18:15:45.656925', 1021, 4);
INSERT INTO public.pop_stamp (id, "timestamp", player_id, stage_id) VALUES (315, '2023-07-05 18:19:33.734047', 1200, 5);
INSERT INTO public.pop_stamp (id, "timestamp", player_id, stage_id) VALUES (316, '2023-07-05 18:20:22.467582', 1207, 4);
INSERT INTO public.pop_stamp (id, "timestamp", player_id, stage_id) VALUES (317, '2023-07-05 18:24:04.106797', 1195, 4);
INSERT INTO public.pop_stamp (id, "timestamp", player_id, stage_id) VALUES (318, '2023-07-05 18:24:06.648247', 1198, 4);
INSERT INTO public.pop_stamp (id, "timestamp", player_id, stage_id) VALUES (319, '2023-07-05 18:26:52.904163', 1139, 5);
INSERT INTO public.pop_stamp (id, "timestamp", player_id, stage_id) VALUES (320, '2023-07-05 18:27:15.31021', 1120, 4);
INSERT INTO public.pop_stamp (id, "timestamp", player_id, stage_id) VALUES (321, '2023-07-05 18:27:36.354506', 1188, 4);
INSERT INTO public.pop_stamp (id, "timestamp", player_id, stage_id) VALUES (322, '2023-07-05 18:28:10.274899', 1081, 5);
INSERT INTO public.pop_stamp (id, "timestamp", player_id, stage_id) VALUES (323, '2023-07-05 18:28:32.937648', 1172, 5);
INSERT INTO public.pop_stamp (id, "timestamp", player_id, stage_id) VALUES (324, '2023-07-05 18:29:29.924873', 1089, 5);
INSERT INTO public.pop_stamp (id, "timestamp", player_id, stage_id) VALUES (325, '2023-07-05 18:29:36.948458', 1010, 5);
INSERT INTO public.pop_stamp (id, "timestamp", player_id, stage_id) VALUES (326, '2023-07-05 18:29:53.26596', 1209, 5);
INSERT INTO public.pop_stamp (id, "timestamp", player_id, stage_id) VALUES (327, '2023-07-05 18:30:25.18736', 1215, 4);
INSERT INTO public.pop_stamp (id, "timestamp", player_id, stage_id) VALUES (328, '2023-07-05 18:30:34.075059', 1183, 5);
INSERT INTO public.pop_stamp (id, "timestamp", player_id, stage_id) VALUES (329, '2023-07-05 18:30:49.760827', 1182, 5);
INSERT INTO public.pop_stamp (id, "timestamp", player_id, stage_id) VALUES (330, '2023-07-05 18:30:59.918056', 1021, 5);
INSERT INTO public.pop_stamp (id, "timestamp", player_id, stage_id) VALUES (331, '2023-07-05 18:32:25.368133', 1092, 5);
INSERT INTO public.pop_stamp (id, "timestamp", player_id, stage_id) VALUES (332, '2023-07-05 18:33:13.052989', 1192, 5);
INSERT INTO public.pop_stamp (id, "timestamp", player_id, stage_id) VALUES (333, '2023-07-05 18:33:20.006106', 1189, 5);
INSERT INTO public.pop_stamp (id, "timestamp", player_id, stage_id) VALUES (334, '2023-07-05 18:34:24.771463', 1011, 5);
INSERT INTO public.pop_stamp (id, "timestamp", player_id, stage_id) VALUES (335, '2023-07-05 18:35:08.412976', 1113, 5);
INSERT INTO public.pop_stamp (id, "timestamp", player_id, stage_id) VALUES (336, '2023-07-05 18:35:12.464186', 1070, 5);
INSERT INTO public.pop_stamp (id, "timestamp", player_id, stage_id) VALUES (337, '2023-07-05 18:35:16.826043', 1042, 5);
INSERT INTO public.pop_stamp (id, "timestamp", player_id, stage_id) VALUES (338, '2023-07-05 18:36:31.978394', 1067, 5);
INSERT INTO public.pop_stamp (id, "timestamp", player_id, stage_id) VALUES (339, '2023-07-05 18:37:31.807332', 1058, 5);
INSERT INTO public.pop_stamp (id, "timestamp", player_id, stage_id) VALUES (340, '2023-07-05 18:37:36.432298', 1168, 5);
INSERT INTO public.pop_stamp (id, "timestamp", player_id, stage_id) VALUES (341, '2023-07-05 18:39:47.20896', 1073, 5);
INSERT INTO public.pop_stamp (id, "timestamp", player_id, stage_id) VALUES (342, '2023-07-05 18:40:17.643862', 1095, 5);
INSERT INTO public.pop_stamp (id, "timestamp", player_id, stage_id) VALUES (343, '2023-07-05 18:40:30.735332', 1212, 4);
INSERT INTO public.pop_stamp (id, "timestamp", player_id, stage_id) VALUES (344, '2023-07-05 18:41:11.005103', 1210, 4);
INSERT INTO public.pop_stamp (id, "timestamp", player_id, stage_id) VALUES (345, '2023-07-05 18:41:18.041227', 1101, 6);
INSERT INTO public.pop_stamp (id, "timestamp", player_id, stage_id) VALUES (346, '2023-07-05 18:41:40.77042', 1190, 6);
INSERT INTO public.pop_stamp (id, "timestamp", player_id, stage_id) VALUES (347, '2023-07-05 18:41:51.554796', 1026, 6);
INSERT INTO public.pop_stamp (id, "timestamp", player_id, stage_id) VALUES (348, '2023-07-05 18:43:22.86233', 1070, 3);
INSERT INTO public.pop_stamp (id, "timestamp", player_id, stage_id) VALUES (349, '2023-07-05 18:43:45.010941', 1209, 3);
INSERT INTO public.pop_stamp (id, "timestamp", player_id, stage_id) VALUES (350, '2023-07-05 18:44:46.100033', 1070, 4);
INSERT INTO public.pop_stamp (id, "timestamp", player_id, stage_id) VALUES (351, '2023-07-05 18:46:11.097304', 1122, 5);
INSERT INTO public.pop_stamp (id, "timestamp", player_id, stage_id) VALUES (352, '2023-07-05 18:49:08.362529', 1124, 6);
INSERT INTO public.pop_stamp (id, "timestamp", player_id, stage_id) VALUES (353, '2023-07-05 18:49:28.568375', 1048, 6);
INSERT INTO public.pop_stamp (id, "timestamp", player_id, stage_id) VALUES (354, '2023-07-05 18:49:42.986848', 1118, 6);
INSERT INTO public.pop_stamp (id, "timestamp", player_id, stage_id) VALUES (355, '2023-07-05 18:49:45.331419', 1130, 6);
INSERT INTO public.pop_stamp (id, "timestamp", player_id, stage_id) VALUES (356, '2023-07-05 18:49:50.642963', 1159, 6);
INSERT INTO public.pop_stamp (id, "timestamp", player_id, stage_id) VALUES (357, '2023-07-05 18:51:07.625636', 1175, 6);
INSERT INTO public.pop_stamp (id, "timestamp", player_id, stage_id) VALUES (358, '2023-07-05 18:51:24.977277', 1204, 5);
INSERT INTO public.pop_stamp (id, "timestamp", player_id, stage_id) VALUES (359, '2023-07-05 18:51:36.281601', 1167, 5);
INSERT INTO public.pop_stamp (id, "timestamp", player_id, stage_id) VALUES (360, '2023-07-05 18:53:09.03532', 1088, 5);
INSERT INTO public.pop_stamp (id, "timestamp", player_id, stage_id) VALUES (361, '2023-07-05 18:58:31.841891', 1061, 6);
INSERT INTO public.pop_stamp (id, "timestamp", player_id, stage_id) VALUES (362, '2023-07-05 18:58:37.840165', 1173, 6);
INSERT INTO public.pop_stamp (id, "timestamp", player_id, stage_id) VALUES (363, '2023-07-05 18:58:39.517598', 1053, 6);
INSERT INTO public.pop_stamp (id, "timestamp", player_id, stage_id) VALUES (364, '2023-07-05 19:01:28.093487', 1108, 6);
INSERT INTO public.pop_stamp (id, "timestamp", player_id, stage_id) VALUES (365, '2023-07-05 19:01:33.824639', 1105, 6);
INSERT INTO public.pop_stamp (id, "timestamp", player_id, stage_id) VALUES (366, '2023-07-05 19:01:47.994053', 1106, 6);
INSERT INTO public.pop_stamp (id, "timestamp", player_id, stage_id) VALUES (367, '2023-07-05 19:03:03.260327', 1050, 6);
INSERT INTO public.pop_stamp (id, "timestamp", player_id, stage_id) VALUES (368, '2023-07-05 19:03:19.969952', 1177, 5);
INSERT INTO public.pop_stamp (id, "timestamp", player_id, stage_id) VALUES (369, '2023-07-05 19:03:35.270283', 1176, 5);
INSERT INTO public.pop_stamp (id, "timestamp", player_id, stage_id) VALUES (370, '2023-07-05 19:04:44.156529', 1161, 6);
INSERT INTO public.pop_stamp (id, "timestamp", player_id, stage_id) VALUES (371, '2023-07-05 19:05:02.776886', 1207, 5);
INSERT INTO public.pop_stamp (id, "timestamp", player_id, stage_id) VALUES (372, '2023-07-05 19:06:37.686015', 1181, 6);
INSERT INTO public.pop_stamp (id, "timestamp", player_id, stage_id) VALUES (373, '2023-07-05 19:07:28.05863', 1052, 5);
INSERT INTO public.pop_stamp (id, "timestamp", player_id, stage_id) VALUES (374, '2023-07-05 19:07:59.190514', 1057, 6);
INSERT INTO public.pop_stamp (id, "timestamp", player_id, stage_id) VALUES (375, '2023-07-05 19:11:28.439081', 1077, 6);
INSERT INTO public.pop_stamp (id, "timestamp", player_id, stage_id) VALUES (376, '2023-07-05 19:11:38.705145', 1098, 5);
INSERT INTO public.pop_stamp (id, "timestamp", player_id, stage_id) VALUES (377, '2023-07-05 19:12:41.727782', 1107, 5);
INSERT INTO public.pop_stamp (id, "timestamp", player_id, stage_id) VALUES (378, '2023-07-05 19:14:15.596281', 1021, 6);
INSERT INTO public.pop_stamp (id, "timestamp", player_id, stage_id) VALUES (379, '2023-07-05 19:15:34.956442', 1198, 5);
INSERT INTO public.pop_stamp (id, "timestamp", player_id, stage_id) VALUES (380, '2023-07-05 19:15:54.940546', 1023, 5);
INSERT INTO public.pop_stamp (id, "timestamp", player_id, stage_id) VALUES (381, '2023-07-05 19:16:06.021298', 1099, 5);
INSERT INTO public.pop_stamp (id, "timestamp", player_id, stage_id) VALUES (382, '2023-07-05 19:16:34.470434', 1120, 5);
INSERT INTO public.pop_stamp (id, "timestamp", player_id, stage_id) VALUES (383, '2023-07-05 19:17:22.98864', 1188, 5);
INSERT INTO public.pop_stamp (id, "timestamp", player_id, stage_id) VALUES (384, '2023-07-05 19:17:27.811461', 1029, 6);
INSERT INTO public.pop_stamp (id, "timestamp", player_id, stage_id) VALUES (385, '2023-07-05 19:17:50.492553', 1210, 5);
INSERT INTO public.pop_stamp (id, "timestamp", player_id, stage_id) VALUES (386, '2023-07-05 19:17:57.898437', 1025, 6);
INSERT INTO public.pop_stamp (id, "timestamp", player_id, stage_id) VALUES (387, '2023-07-05 19:18:40.859042', 1027, 6);
INSERT INTO public.pop_stamp (id, "timestamp", player_id, stage_id) VALUES (388, '2023-07-05 19:18:57.420367', 1028, 6);
INSERT INTO public.pop_stamp (id, "timestamp", player_id, stage_id) VALUES (389, '2023-07-05 19:29:56.578754', 1139, 6);
INSERT INTO public.pop_stamp (id, "timestamp", player_id, stage_id) VALUES (390, '2023-07-05 19:32:00.849192', 1093, 6);
INSERT INTO public.pop_stamp (id, "timestamp", player_id, stage_id) VALUES (391, '2023-07-05 19:32:04.635902', 1110, 6);
INSERT INTO public.pop_stamp (id, "timestamp", player_id, stage_id) VALUES (392, '2023-07-05 19:34:24.67676', 1160, 5);
INSERT INTO public.pop_stamp (id, "timestamp", player_id, stage_id) VALUES (393, '2023-07-05 19:40:48.697372', 1058, 6);
INSERT INTO public.pop_stamp (id, "timestamp", player_id, stage_id) VALUES (394, '2023-07-05 19:43:16.297873', 1042, 6);
INSERT INTO public.pop_stamp (id, "timestamp", player_id, stage_id) VALUES (395, '2023-07-05 19:44:04.254898', 1167, 6);
INSERT INTO public.pop_stamp (id, "timestamp", player_id, stage_id) VALUES (396, '2023-07-05 19:44:05.477053', 1088, 6);
INSERT INTO public.pop_stamp (id, "timestamp", player_id, stage_id) VALUES (397, '2023-07-05 19:44:08.354267', 1070, 6);
INSERT INTO public.pop_stamp (id, "timestamp", player_id, stage_id) VALUES (398, '2023-07-05 19:44:35.250096', 1209, 6);
INSERT INTO public.pop_stamp (id, "timestamp", player_id, stage_id) VALUES (399, '2023-07-05 19:45:24.21093', 1200, 6);
INSERT INTO public.pop_stamp (id, "timestamp", player_id, stage_id) VALUES (400, '2023-07-05 19:46:32.54973', 1139, 3);
INSERT INTO public.pop_stamp (id, "timestamp", player_id, stage_id) VALUES (401, '2023-07-05 19:50:07.130873', 1010, 6);
INSERT INTO public.pop_stamp (id, "timestamp", player_id, stage_id) VALUES (402, '2023-07-05 19:50:15.486101', 1081, 6);
INSERT INTO public.pop_stamp (id, "timestamp", player_id, stage_id) VALUES (403, '2023-07-05 19:50:23.383096', 1089, 6);
INSERT INTO public.pop_stamp (id, "timestamp", player_id, stage_id) VALUES (404, '2023-07-05 19:50:29.752994', 1095, 6);
INSERT INTO public.pop_stamp (id, "timestamp", player_id, stage_id) VALUES (405, '2023-07-05 19:50:32.604152', 1122, 6);
INSERT INTO public.pop_stamp (id, "timestamp", player_id, stage_id) VALUES (406, '2023-07-05 19:50:57.508991', 1113, 6);
INSERT INTO public.pop_stamp (id, "timestamp", player_id, stage_id) VALUES (407, '2023-07-05 19:51:37.511476', 1073, 6);
INSERT INTO public.pop_stamp (id, "timestamp", player_id, stage_id) VALUES (408, '2023-07-05 19:57:06.796994', 1204, 6);
INSERT INTO public.pop_stamp (id, "timestamp", player_id, stage_id) VALUES (409, '2023-07-05 19:58:47.177037', 1192, 6);
INSERT INTO public.pop_stamp (id, "timestamp", player_id, stage_id) VALUES (410, '2023-07-05 19:58:57.980384', 1183, 6);
INSERT INTO public.pop_stamp (id, "timestamp", player_id, stage_id) VALUES (411, '2023-07-05 19:59:25.492674', 1176, 6);
INSERT INTO public.pop_stamp (id, "timestamp", player_id, stage_id) VALUES (412, '2023-07-05 19:59:38.360858', 1177, 6);
INSERT INTO public.pop_stamp (id, "timestamp", player_id, stage_id) VALUES (413, '2023-07-05 19:59:42.392127', 1189, 6);
INSERT INTO public.pop_stamp (id, "timestamp", player_id, stage_id) VALUES (414, '2023-07-05 19:59:44.576412', 1169, 6);
INSERT INTO public.pop_stamp (id, "timestamp", player_id, stage_id) VALUES (415, '2023-07-05 20:04:41.160617', 1011, 6);
INSERT INTO public.pop_stamp (id, "timestamp", player_id, stage_id) VALUES (20240017, '2024-07-05 13:28:28.412423', 20240017, 20240002);
INSERT INTO public.pop_stamp (id, "timestamp", player_id, stage_id) VALUES (20240018, '2024-07-05 13:28:36.956693', 20240018, 20240002);
INSERT INTO public.pop_stamp (id, "timestamp", player_id, stage_id) VALUES (20240019, '2024-07-05 13:30:44.572733', 20240015, 20240002);
INSERT INTO public.pop_stamp (id, "timestamp", player_id, stage_id) VALUES (20240020, '2024-07-05 13:32:10.382373', 1048, 20240002);
INSERT INTO public.pop_stamp (id, "timestamp", player_id, stage_id) VALUES (20240021, '2024-07-05 13:36:04.304825', 1050, 20240002);
INSERT INTO public.pop_stamp (id, "timestamp", player_id, stage_id) VALUES (20240022, '2024-07-05 13:37:27.563408', 20240014, 20240002);
INSERT INTO public.pop_stamp (id, "timestamp", player_id, stage_id) VALUES (20240023, '2024-07-05 13:39:24.251221', 20240022, 20240002);
INSERT INTO public.pop_stamp (id, "timestamp", player_id, stage_id) VALUES (20240024, '2024-07-05 13:41:42.602352', 20240054, 20240002);
INSERT INTO public.pop_stamp (id, "timestamp", player_id, stage_id) VALUES (20240025, '2024-07-05 13:41:45.250456', 1062, 20240002);
INSERT INTO public.pop_stamp (id, "timestamp", player_id, stage_id) VALUES (20240026, '2024-07-05 13:41:50.21993', 20240055, 20240002);
INSERT INTO public.pop_stamp (id, "timestamp", player_id, stage_id) VALUES (20240027, '2024-07-05 13:44:13.882543', 20240028, 20240002);
INSERT INTO public.pop_stamp (id, "timestamp", player_id, stage_id) VALUES (20240028, '2024-07-05 13:44:27.964711', 1176, 20240002);
INSERT INTO public.pop_stamp (id, "timestamp", player_id, stage_id) VALUES (20240029, '2024-07-05 13:44:29.624645', 20240029, 20240002);
INSERT INTO public.pop_stamp (id, "timestamp", player_id, stage_id) VALUES (20240030, '2024-07-05 13:47:53.583749', 20240063, 20240002);
INSERT INTO public.pop_stamp (id, "timestamp", player_id, stage_id) VALUES (20240031, '2024-07-05 13:48:44.000533', 20240064, 20240002);
INSERT INTO public.pop_stamp (id, "timestamp", player_id, stage_id) VALUES (20240032, '2024-07-05 13:48:59.744176', 20240008, 20240002);
INSERT INTO public.pop_stamp (id, "timestamp", player_id, stage_id) VALUES (20240033, '2024-07-05 13:59:45.172673', 1108, 20240002);
INSERT INTO public.pop_stamp (id, "timestamp", player_id, stage_id) VALUES (20240034, '2024-07-05 14:04:46.278998', 20240034, 20240002);
INSERT INTO public.pop_stamp (id, "timestamp", player_id, stage_id) VALUES (20240035, '2024-07-05 14:04:52.065492', 1029, 20240002);
INSERT INTO public.pop_stamp (id, "timestamp", player_id, stage_id) VALUES (20240036, '2024-07-05 14:05:16.981853', 1149, 20240002);
INSERT INTO public.pop_stamp (id, "timestamp", player_id, stage_id) VALUES (20240037, '2024-07-05 14:05:27.072468', 1048, 20240003);
INSERT INTO public.pop_stamp (id, "timestamp", player_id, stage_id) VALUES (20240038, '2024-07-05 14:05:59.470793', 20240043, 20240002);
INSERT INTO public.pop_stamp (id, "timestamp", player_id, stage_id) VALUES (20240039, '2024-07-05 14:06:09.767374', 20240044, 20240002);
INSERT INTO public.pop_stamp (id, "timestamp", player_id, stage_id) VALUES (20240040, '2024-07-05 14:07:53.177237', 1152, 20240002);
INSERT INTO public.pop_stamp (id, "timestamp", player_id, stage_id) VALUES (20240041, '2024-07-05 14:12:29.684662', 20240080, 20240002);
INSERT INTO public.pop_stamp (id, "timestamp", player_id, stage_id) VALUES (20240042, '2024-07-05 14:13:16.346644', 20240081, 20240002);
INSERT INTO public.pop_stamp (id, "timestamp", player_id, stage_id) VALUES (20240043, '2024-07-05 14:14:26.508328', 20240077, 20240002);
INSERT INTO public.pop_stamp (id, "timestamp", player_id, stage_id) VALUES (20240044, '2024-07-05 14:15:27.546247', 20240017, 20240003);
INSERT INTO public.pop_stamp (id, "timestamp", player_id, stage_id) VALUES (20240045, '2024-07-05 14:15:44.275933', 20240018, 20240003);
INSERT INTO public.pop_stamp (id, "timestamp", player_id, stage_id) VALUES (20240046, '2024-07-05 14:15:49.393709', 20240083, 20240002);
INSERT INTO public.pop_stamp (id, "timestamp", player_id, stage_id) VALUES (20240047, '2024-07-05 14:16:18.259024', 20240085, 20240002);
INSERT INTO public.pop_stamp (id, "timestamp", player_id, stage_id) VALUES (20240048, '2024-07-05 14:16:45.700949', 20240014, 20240003);
INSERT INTO public.pop_stamp (id, "timestamp", player_id, stage_id) VALUES (20240049, '2024-07-05 14:17:37.702433', 1190, 20240002);
INSERT INTO public.pop_stamp (id, "timestamp", player_id, stage_id) VALUES (20240050, '2024-07-05 14:17:53.013266', 20240015, 20240003);
INSERT INTO public.pop_stamp (id, "timestamp", player_id, stage_id) VALUES (20240051, '2024-07-05 14:18:23.862235', 1050, 20240003);
INSERT INTO public.pop_stamp (id, "timestamp", player_id, stage_id) VALUES (20240052, '2024-07-05 14:19:10.501526', 1026, 20240002);
INSERT INTO public.pop_stamp (id, "timestamp", player_id, stage_id) VALUES (20240053, '2024-07-05 14:19:14.765855', 20240008, 20240003);
INSERT INTO public.pop_stamp (id, "timestamp", player_id, stage_id) VALUES (20240054, '2024-07-05 14:19:26.88729', 1027, 20240002);
INSERT INTO public.pop_stamp (id, "timestamp", player_id, stage_id) VALUES (20240055, '2024-07-05 14:19:31.546546', 20240088, 20240002);
INSERT INTO public.pop_stamp (id, "timestamp", player_id, stage_id) VALUES (20240056, '2024-07-05 14:19:52.398494', 20240024, 20240002);
INSERT INTO public.pop_stamp (id, "timestamp", player_id, stage_id) VALUES (20240057, '2024-07-05 14:19:55.799751', 1029, 20240003);
INSERT INTO public.pop_stamp (id, "timestamp", player_id, stage_id) VALUES (20240058, '2024-07-05 14:20:03.113605', 20240087, 20240002);
INSERT INTO public.pop_stamp (id, "timestamp", player_id, stage_id) VALUES (20240059, '2024-07-05 14:20:47.076018', 1025, 20240002);
INSERT INTO public.pop_stamp (id, "timestamp", player_id, stage_id) VALUES (20240060, '2024-07-05 14:20:59.728182', 20240033, 20240002);
INSERT INTO public.pop_stamp (id, "timestamp", player_id, stage_id) VALUES (20240061, '2024-07-05 14:21:46.30461', 20240035, 20240002);
INSERT INTO public.pop_stamp (id, "timestamp", player_id, stage_id) VALUES (20240062, '2024-07-05 14:21:51.970691', 1028, 20240002);
INSERT INTO public.pop_stamp (id, "timestamp", player_id, stage_id) VALUES (20240063, '2024-07-05 14:23:17.346647', 20240055, 20240003);
INSERT INTO public.pop_stamp (id, "timestamp", player_id, stage_id) VALUES (20240064, '2024-07-05 14:23:31.191615', 1062, 20240003);
INSERT INTO public.pop_stamp (id, "timestamp", player_id, stage_id) VALUES (20240065, '2024-07-05 14:24:06.237961', 20240054, 20240003);
INSERT INTO public.pop_stamp (id, "timestamp", player_id, stage_id) VALUES (20240066, '2024-07-05 14:25:36.91813', 20240093, 20240002);
INSERT INTO public.pop_stamp (id, "timestamp", player_id, stage_id) VALUES (20240067, '2024-07-05 14:26:33.872065', 20240095, 20240002);
INSERT INTO public.pop_stamp (id, "timestamp", player_id, stage_id) VALUES (20240068, '2024-07-05 14:30:29.064768', 1152, 20240003);
INSERT INTO public.pop_stamp (id, "timestamp", player_id, stage_id) VALUES (20240069, '2024-07-05 14:32:14.599596', 20240064, 20240003);
INSERT INTO public.pop_stamp (id, "timestamp", player_id, stage_id) VALUES (20240070, '2024-07-05 14:35:34.403725', 1118, 20240002);
INSERT INTO public.pop_stamp (id, "timestamp", player_id, stage_id) VALUES (20240071, '2024-07-05 14:39:00.490852', 20240100, 20240002);
INSERT INTO public.pop_stamp (id, "timestamp", player_id, stage_id) VALUES (20240072, '2024-07-05 14:39:17.462275', 1176, 20240003);
INSERT INTO public.pop_stamp (id, "timestamp", player_id, stage_id) VALUES (20240073, '2024-07-05 14:39:39.042622', 20240097, 20240002);
INSERT INTO public.pop_stamp (id, "timestamp", player_id, stage_id) VALUES (20240074, '2024-07-05 14:41:35.365461', 1149, 20240003);
INSERT INTO public.pop_stamp (id, "timestamp", player_id, stage_id) VALUES (20240075, '2024-07-05 14:42:05.805339', 20240063, 20240003);
INSERT INTO public.pop_stamp (id, "timestamp", player_id, stage_id) VALUES (20240076, '2024-07-05 14:42:12.014078', 1029, 20240004);
INSERT INTO public.pop_stamp (id, "timestamp", player_id, stage_id) VALUES (20240077, '2024-07-05 14:42:42.484407', 20240051, 20240003);
INSERT INTO public.pop_stamp (id, "timestamp", player_id, stage_id) VALUES (20240078, '2024-07-05 14:42:58.542348', 20240041, 20240002);
INSERT INTO public.pop_stamp (id, "timestamp", player_id, stage_id) VALUES (20240079, '2024-07-05 14:43:53.549524', 20240102, 20240002);
INSERT INTO public.pop_stamp (id, "timestamp", player_id, stage_id) VALUES (20240080, '2024-07-05 14:46:38.502629', 20240078, 20240003);
INSERT INTO public.pop_stamp (id, "timestamp", player_id, stage_id) VALUES (20240081, '2024-07-05 14:47:24.504335', 20240085, 20240003);
INSERT INTO public.pop_stamp (id, "timestamp", player_id, stage_id) VALUES (20240082, '2024-07-05 14:47:25.420477', 1026, 20240003);
INSERT INTO public.pop_stamp (id, "timestamp", player_id, stage_id) VALUES (20240083, '2024-07-05 14:52:54.073942', 20240018, 20240004);
INSERT INTO public.pop_stamp (id, "timestamp", player_id, stage_id) VALUES (20240084, '2024-07-05 14:52:59.695407', 20240077, 20240003);
INSERT INTO public.pop_stamp (id, "timestamp", player_id, stage_id) VALUES (20240085, '2024-07-05 14:53:11.563283', 20240031, 20240002);
INSERT INTO public.pop_stamp (id, "timestamp", player_id, stage_id) VALUES (20240086, '2024-07-05 14:53:28.090509', 1190, 20240003);
INSERT INTO public.pop_stamp (id, "timestamp", player_id, stage_id) VALUES (20240087, '2024-07-05 14:54:05.524206', 20240024, 20240003);
INSERT INTO public.pop_stamp (id, "timestamp", player_id, stage_id) VALUES (20240088, '2024-07-05 14:55:18.117588', 1067, 20240002);
INSERT INTO public.pop_stamp (id, "timestamp", player_id, stage_id) VALUES (20240089, '2024-07-05 14:55:18.996719', 20240017, 20240004);
INSERT INTO public.pop_stamp (id, "timestamp", player_id, stage_id) VALUES (20240090, '2024-07-05 14:55:46.045875', 20240030, 20240002);
INSERT INTO public.pop_stamp (id, "timestamp", player_id, stage_id) VALUES (20240091, '2024-07-05 14:55:51.524526', 20240108, 20240002);
INSERT INTO public.pop_stamp (id, "timestamp", player_id, stage_id) VALUES (20240092, '2024-07-05 14:56:13.827489', 20240029, 20240003);
INSERT INTO public.pop_stamp (id, "timestamp", player_id, stage_id) VALUES (20240093, '2024-07-05 14:56:59.635594', 1027, 20240003);
INSERT INTO public.pop_stamp (id, "timestamp", player_id, stage_id) VALUES (20240094, '2024-07-05 14:57:07.113555', 20240028, 20240003);
INSERT INTO public.pop_stamp (id, "timestamp", player_id, stage_id) VALUES (20240095, '2024-07-05 14:57:18.946888', 1105, 20240002);
INSERT INTO public.pop_stamp (id, "timestamp", player_id, stage_id) VALUES (20240096, '2024-07-05 14:57:24.665119', 20240034, 20240003);
INSERT INTO public.pop_stamp (id, "timestamp", player_id, stage_id) VALUES (20240097, '2024-07-05 14:57:25.446429', 20240116, 20240002);
INSERT INTO public.pop_stamp (id, "timestamp", player_id, stage_id) VALUES (20240098, '2024-07-05 14:57:59.828619', 20240056, 20240002);
INSERT INTO public.pop_stamp (id, "timestamp", player_id, stage_id) VALUES (20240099, '2024-07-05 14:58:21.45363', 20240033, 20240003);
INSERT INTO public.pop_stamp (id, "timestamp", player_id, stage_id) VALUES (20240100, '2024-07-05 14:58:28.12545', 20240087, 20240003);
INSERT INTO public.pop_stamp (id, "timestamp", player_id, stage_id) VALUES (20240101, '2024-07-05 14:58:42.698027', 20240052, 20240002);
INSERT INTO public.pop_stamp (id, "timestamp", player_id, stage_id) VALUES (20240102, '2024-07-05 14:59:12.212049', 1106, 20240002);
INSERT INTO public.pop_stamp (id, "timestamp", player_id, stage_id) VALUES (20240103, '2024-07-05 14:59:15.100631', 20240101, 20240003);
INSERT INTO public.pop_stamp (id, "timestamp", player_id, stage_id) VALUES (20240104, '2024-07-05 14:59:22.663992', 20240083, 20240003);
INSERT INTO public.pop_stamp (id, "timestamp", player_id, stage_id) VALUES (20240105, '2024-07-05 14:59:55.048913', 20240043, 20240003);
INSERT INTO public.pop_stamp (id, "timestamp", player_id, stage_id) VALUES (20240106, '2024-07-05 15:01:02.778096', 20240127, 20240002);
INSERT INTO public.pop_stamp (id, "timestamp", player_id, stage_id) VALUES (20240107, '2024-07-05 15:01:10.734267', 20240044, 20240003);
INSERT INTO public.pop_stamp (id, "timestamp", player_id, stage_id) VALUES (20240108, '2024-07-05 15:01:14.54326', 1048, 20240004);
INSERT INTO public.pop_stamp (id, "timestamp", player_id, stage_id) VALUES (20240109, '2024-07-05 15:01:21.317731', 20240014, 20240004);
INSERT INTO public.pop_stamp (id, "timestamp", player_id, stage_id) VALUES (20240110, '2024-07-05 15:01:36.472388', 1028, 20240003);
INSERT INTO public.pop_stamp (id, "timestamp", player_id, stage_id) VALUES (20240111, '2024-07-05 15:01:39.230539', 20240035, 20240003);
INSERT INTO public.pop_stamp (id, "timestamp", player_id, stage_id) VALUES (20240112, '2024-07-05 15:01:47.716783', 20240080, 20240003);
INSERT INTO public.pop_stamp (id, "timestamp", player_id, stage_id) VALUES (20240113, '2024-07-05 15:01:55.058232', 20240058, 20240002);
INSERT INTO public.pop_stamp (id, "timestamp", player_id, stage_id) VALUES (20240114, '2024-07-05 15:01:56.507138', 20240045, 20240002);
INSERT INTO public.pop_stamp (id, "timestamp", player_id, stage_id) VALUES (20240115, '2024-07-05 15:02:15.344994', 1011, 20240002);
INSERT INTO public.pop_stamp (id, "timestamp", player_id, stage_id) VALUES (20240116, '2024-07-05 15:03:11.616382', 1192, 20240002);
INSERT INTO public.pop_stamp (id, "timestamp", player_id, stage_id) VALUES (20240117, '2024-07-05 15:03:31.809767', 20240125, 20240002);
INSERT INTO public.pop_stamp (id, "timestamp", player_id, stage_id) VALUES (20240118, '2024-07-05 15:04:18.194025', 20240124, 20240002);
INSERT INTO public.pop_stamp (id, "timestamp", player_id, stage_id) VALUES (20240119, '2024-07-05 15:05:42.817808', 20240131, 20240002);
INSERT INTO public.pop_stamp (id, "timestamp", player_id, stage_id) VALUES (20240120, '2024-07-05 15:06:19.57507', 20240107, 20240002);
INSERT INTO public.pop_stamp (id, "timestamp", player_id, stage_id) VALUES (20240121, '2024-07-05 15:06:29.733583', 20240008, 20240004);
INSERT INTO public.pop_stamp (id, "timestamp", player_id, stage_id) VALUES (20240122, '2024-07-05 15:06:46.510448', 20240118, 20240002);
INSERT INTO public.pop_stamp (id, "timestamp", player_id, stage_id) VALUES (20240123, '2024-07-05 15:06:49.677824', 1025, 20240003);
INSERT INTO public.pop_stamp (id, "timestamp", player_id, stage_id) VALUES (20240124, '2024-07-05 15:07:04.998706', 20240081, 20240003);
INSERT INTO public.pop_stamp (id, "timestamp", player_id, stage_id) VALUES (20240125, '2024-07-05 15:07:23.794137', 20240100, 20240003);
INSERT INTO public.pop_stamp (id, "timestamp", player_id, stage_id) VALUES (20240126, '2024-07-05 15:08:02.303793', 20240133, 20240002);
INSERT INTO public.pop_stamp (id, "timestamp", player_id, stage_id) VALUES (20240127, '2024-07-05 15:09:02.541736', 20240129, 20240002);
INSERT INTO public.pop_stamp (id, "timestamp", player_id, stage_id) VALUES (20240128, '2024-07-05 15:10:04.957465', 20240137, 20240002);
INSERT INTO public.pop_stamp (id, "timestamp", player_id, stage_id) VALUES (20240129, '2024-07-05 15:10:10.351257', 1188, 20240002);
INSERT INTO public.pop_stamp (id, "timestamp", player_id, stage_id) VALUES (20240130, '2024-07-05 15:10:14.555957', 1120, 20240002);
INSERT INTO public.pop_stamp (id, "timestamp", player_id, stage_id) VALUES (20240131, '2024-07-05 15:10:25.563327', 20240022, 20240004);
INSERT INTO public.pop_stamp (id, "timestamp", player_id, stage_id) VALUES (20240132, '2024-07-05 15:11:28.900965', 20240107, 20240003);
INSERT INTO public.pop_stamp (id, "timestamp", player_id, stage_id) VALUES (20240133, '2024-07-05 15:12:53.443601', 20240041, 20240003);
INSERT INTO public.pop_stamp (id, "timestamp", player_id, stage_id) VALUES (20240134, '2024-07-05 15:13:27.510028', 20240144, 20240002);
INSERT INTO public.pop_stamp (id, "timestamp", player_id, stage_id) VALUES (20240135, '2024-07-05 15:13:36.370453', 20240146, 20240002);
INSERT INTO public.pop_stamp (id, "timestamp", player_id, stage_id) VALUES (20240136, '2024-07-05 15:13:38.535237', 20240147, 20240002);
INSERT INTO public.pop_stamp (id, "timestamp", player_id, stage_id) VALUES (20240137, '2024-07-05 15:14:05.246934', 1108, 20240003);
INSERT INTO public.pop_stamp (id, "timestamp", player_id, stage_id) VALUES (20240138, '2024-07-05 15:14:17.812972', 20240149, 20240002);
INSERT INTO public.pop_stamp (id, "timestamp", player_id, stage_id) VALUES (20240139, '2024-07-05 15:14:19.209452', 20240150, 20240002);
INSERT INTO public.pop_stamp (id, "timestamp", player_id, stage_id) VALUES (20240140, '2024-07-05 15:14:49.542979', 20240011, 20240002);
INSERT INTO public.pop_stamp (id, "timestamp", player_id, stage_id) VALUES (20240141, '2024-07-05 15:14:49.581807', 20240050, 20240002);
INSERT INTO public.pop_stamp (id, "timestamp", player_id, stage_id) VALUES (20240142, '2024-07-05 15:15:05.345457', 20240005, 20240002);
INSERT INTO public.pop_stamp (id, "timestamp", player_id, stage_id) VALUES (20240143, '2024-07-05 15:15:27.778299', 20240063, 20240004);
INSERT INTO public.pop_stamp (id, "timestamp", player_id, stage_id) VALUES (20240144, '2024-07-05 15:15:36.015046', 20240054, 20240004);
INSERT INTO public.pop_stamp (id, "timestamp", player_id, stage_id) VALUES (20240145, '2024-07-05 15:15:42.707877', 20240055, 20240004);
INSERT INTO public.pop_stamp (id, "timestamp", player_id, stage_id) VALUES (20240146, '2024-07-05 15:15:50.105975', 1062, 20240004);
INSERT INTO public.pop_stamp (id, "timestamp", player_id, stage_id) VALUES (20240147, '2024-07-05 15:16:12.228321', 20240002, 20240002);
INSERT INTO public.pop_stamp (id, "timestamp", player_id, stage_id) VALUES (20240148, '2024-07-05 15:16:38.812247', 1152, 20240004);
INSERT INTO public.pop_stamp (id, "timestamp", player_id, stage_id) VALUES (20240149, '2024-07-05 15:17:10.037059', 20240141, 20240002);
INSERT INTO public.pop_stamp (id, "timestamp", player_id, stage_id) VALUES (20240150, '2024-07-05 15:18:13.938072', 20240152, 20240002);
INSERT INTO public.pop_stamp (id, "timestamp", player_id, stage_id) VALUES (20240151, '2024-07-05 15:18:30.400721', 20240157, 20240002);
INSERT INTO public.pop_stamp (id, "timestamp", player_id, stage_id) VALUES (20240152, '2024-07-05 15:18:30.546165', 20240159, 20240002);
INSERT INTO public.pop_stamp (id, "timestamp", player_id, stage_id) VALUES (20240153, '2024-07-05 15:19:10.381022', 20240151, 20240002);
INSERT INTO public.pop_stamp (id, "timestamp", player_id, stage_id) VALUES (20240154, '2024-07-05 15:19:15.155747', 20240135, 20240002);
INSERT INTO public.pop_stamp (id, "timestamp", player_id, stage_id) VALUES (20240155, '2024-07-05 15:19:33.123467', 20240006, 20240002);
INSERT INTO public.pop_stamp (id, "timestamp", player_id, stage_id) VALUES (20240156, '2024-07-05 15:20:18.166388', 20240161, 20240002);
INSERT INTO public.pop_stamp (id, "timestamp", player_id, stage_id) VALUES (20240157, '2024-07-05 15:20:27.784107', 20240143, 20240002);
INSERT INTO public.pop_stamp (id, "timestamp", player_id, stage_id) VALUES (20240158, '2024-07-05 15:20:32.316319', 20240115, 20240002);
INSERT INTO public.pop_stamp (id, "timestamp", player_id, stage_id) VALUES (20240159, '2024-07-05 15:21:47.198515', 20240088, 20240004);
INSERT INTO public.pop_stamp (id, "timestamp", player_id, stage_id) VALUES (20240160, '2024-07-05 15:22:07.807136', 20240164, 20240002);
INSERT INTO public.pop_stamp (id, "timestamp", player_id, stage_id) VALUES (20240161, '2024-07-05 15:22:13.263872', 20240166, 20240002);
INSERT INTO public.pop_stamp (id, "timestamp", player_id, stage_id) VALUES (20240162, '2024-07-05 15:22:31.221239', 20240105, 20240002);
INSERT INTO public.pop_stamp (id, "timestamp", player_id, stage_id) VALUES (20240163, '2024-07-05 15:23:08.096607', 20240155, 20240002);
INSERT INTO public.pop_stamp (id, "timestamp", player_id, stage_id) VALUES (20240164, '2024-07-05 15:23:59.443876', 20240122, 20240002);
INSERT INTO public.pop_stamp (id, "timestamp", player_id, stage_id) VALUES (20240165, '2024-07-05 15:24:27.725815', 20240077, 20240004);
INSERT INTO public.pop_stamp (id, "timestamp", player_id, stage_id) VALUES (20240166, '2024-07-05 15:24:40.741818', 20240156, 20240002);
INSERT INTO public.pop_stamp (id, "timestamp", player_id, stage_id) VALUES (20240167, '2024-07-05 15:24:46.740399', 1190, 20240004);
INSERT INTO public.pop_stamp (id, "timestamp", player_id, stage_id) VALUES (20240168, '2024-07-05 15:24:52.4365', 20240178, 20240002);
INSERT INTO public.pop_stamp (id, "timestamp", player_id, stage_id) VALUES (20240171, '2024-07-05 15:25:31.275072', 20240075, 20240003);
INSERT INTO public.pop_stamp (id, "timestamp", player_id, stage_id) VALUES (20240172, '2024-07-05 15:25:41.209741', 20240163, 20240002);
INSERT INTO public.pop_stamp (id, "timestamp", player_id, stage_id) VALUES (20240173, '2024-07-05 15:25:43.23918', 20240179, 20240002);
INSERT INTO public.pop_stamp (id, "timestamp", player_id, stage_id) VALUES (20240175, '2024-07-05 15:25:45.712978', 20240171, 20240002);
INSERT INTO public.pop_stamp (id, "timestamp", player_id, stage_id) VALUES (20240177, '2024-07-05 15:26:05.660431', 20240180, 20240002);
INSERT INTO public.pop_stamp (id, "timestamp", player_id, stage_id) VALUES (20240181, '2024-07-05 15:26:20.791188', 20240176, 20240002);
INSERT INTO public.pop_stamp (id, "timestamp", player_id, stage_id) VALUES (20240183, '2024-07-05 15:26:55.377954', 20240153, 20240002);
INSERT INTO public.pop_stamp (id, "timestamp", player_id, stage_id) VALUES (20240184, '2024-07-05 15:27:04.198542', 1029, 20240005);
INSERT INTO public.pop_stamp (id, "timestamp", player_id, stage_id) VALUES (20240186, '2024-07-05 15:27:15.129117', 20240145, 20240002);
INSERT INTO public.pop_stamp (id, "timestamp", player_id, stage_id) VALUES (20240187, '2024-07-05 15:27:25.252252', 20240118, 20240003);
INSERT INTO public.pop_stamp (id, "timestamp", player_id, stage_id) VALUES (20240188, '2024-07-05 15:27:25.275349', 20240093, 20240003);
INSERT INTO public.pop_stamp (id, "timestamp", player_id, stage_id) VALUES (20240169, '2024-07-05 15:25:10.099938', 20240175, 20240002);
INSERT INTO public.pop_stamp (id, "timestamp", player_id, stage_id) VALUES (20240170, '2024-07-05 15:25:28.975962', 20240181, 20240002);
INSERT INTO public.pop_stamp (id, "timestamp", player_id, stage_id) VALUES (20240174, '2024-07-05 15:25:43.43393', 20240172, 20240002);
INSERT INTO public.pop_stamp (id, "timestamp", player_id, stage_id) VALUES (20240176, '2024-07-05 15:25:59.087175', 20240016, 20240002);
INSERT INTO public.pop_stamp (id, "timestamp", player_id, stage_id) VALUES (20240178, '2024-07-05 15:26:15.058714', 20240165, 20240002);
INSERT INTO public.pop_stamp (id, "timestamp", player_id, stage_id) VALUES (20240179, '2024-07-05 15:26:17.097376', 1118, 20240003);
INSERT INTO public.pop_stamp (id, "timestamp", player_id, stage_id) VALUES (20240180, '2024-07-05 15:26:17.90005', 20240184, 20240002);
INSERT INTO public.pop_stamp (id, "timestamp", player_id, stage_id) VALUES (20240182, '2024-07-05 15:26:21.786382', 20240168, 20240002);
INSERT INTO public.pop_stamp (id, "timestamp", player_id, stage_id) VALUES (20240185, '2024-07-05 15:27:07.96722', 20240074, 20240003);
INSERT INTO public.pop_stamp (id, "timestamp", player_id, stage_id) VALUES (20240189, '2024-07-05 15:27:27.545907', 20240182, 20240002);
INSERT INTO public.pop_stamp (id, "timestamp", player_id, stage_id) VALUES (20240190, '2024-07-05 15:27:46.611356', 20240185, 20240002);
INSERT INTO public.pop_stamp (id, "timestamp", player_id, stage_id) VALUES (20240191, '2024-07-05 15:28:31.735656', 20240095, 20240003);
INSERT INTO public.pop_stamp (id, "timestamp", player_id, stage_id) VALUES (20240192, '2024-07-05 15:28:40.33881', 1176, 20240004);
INSERT INTO public.pop_stamp (id, "timestamp", player_id, stage_id) VALUES (20240193, '2024-07-05 15:28:41.434665', 20240169, 20240002);
INSERT INTO public.pop_stamp (id, "timestamp", player_id, stage_id) VALUES (20240194, '2024-07-05 15:29:55.13478', 20240085, 20240004);
INSERT INTO public.pop_stamp (id, "timestamp", player_id, stage_id) VALUES (20240195, '2024-07-05 15:30:28.25193', 20240190, 20240002);
INSERT INTO public.pop_stamp (id, "timestamp", player_id, stage_id) VALUES (20240196, '2024-07-05 15:30:58.916885', 20240191, 20240002);
INSERT INTO public.pop_stamp (id, "timestamp", player_id, stage_id) VALUES (20240197, '2024-07-05 15:31:06.912326', 20240097, 20240003);
INSERT INTO public.pop_stamp (id, "timestamp", player_id, stage_id) VALUES (20240198, '2024-07-05 15:31:45.005583', 20240133, 20240003);
INSERT INTO public.pop_stamp (id, "timestamp", player_id, stage_id) VALUES (20240199, '2024-07-05 15:32:19.588471', 20240183, 20240002);
INSERT INTO public.pop_stamp (id, "timestamp", player_id, stage_id) VALUES (20240200, '2024-07-05 15:32:52.767823', 1026, 20240004);
INSERT INTO public.pop_stamp (id, "timestamp", player_id, stage_id) VALUES (20240201, '2024-07-05 15:32:53.481217', 20240194, 20240002);
INSERT INTO public.pop_stamp (id, "timestamp", player_id, stage_id) VALUES (20240202, '2024-07-05 15:33:02.601235', 20240129, 20240003);
INSERT INTO public.pop_stamp (id, "timestamp", player_id, stage_id) VALUES (20240203, '2024-07-05 15:33:37.638323', 20240136, 20240003);
INSERT INTO public.pop_stamp (id, "timestamp", player_id, stage_id) VALUES (20240204, '2024-07-05 15:35:33.943581', 20240195, 20240002);
INSERT INTO public.pop_stamp (id, "timestamp", player_id, stage_id) VALUES (20240205, '2024-07-05 15:35:44.145395', 1149, 20240004);
INSERT INTO public.pop_stamp (id, "timestamp", player_id, stage_id) VALUES (20240206, '2024-07-05 15:35:52.188164', 20240186, 20240002);
INSERT INTO public.pop_stamp (id, "timestamp", player_id, stage_id) VALUES (20240207, '2024-07-05 15:36:08.152946', 20240197, 20240002);
INSERT INTO public.pop_stamp (id, "timestamp", player_id, stage_id) VALUES (20240208, '2024-07-05 15:36:57.071442', 20240200, 20240002);
INSERT INTO public.pop_stamp (id, "timestamp", player_id, stage_id) VALUES (20240209, '2024-07-05 15:37:15.949619', 20240112, 20240003);
INSERT INTO public.pop_stamp (id, "timestamp", player_id, stage_id) VALUES (20240210, '2024-07-05 15:38:02.229937', 20240192, 20240002);
INSERT INTO public.pop_stamp (id, "timestamp", player_id, stage_id) VALUES (20240211, '2024-07-05 15:38:21.286254', 20240064, 20240004);
INSERT INTO public.pop_stamp (id, "timestamp", player_id, stage_id) VALUES (20240212, '2024-07-05 15:39:27.973489', 1120, 20240003);
INSERT INTO public.pop_stamp (id, "timestamp", player_id, stage_id) VALUES (20240213, '2024-07-05 15:39:36.622069', 20240206, 20240002);
INSERT INTO public.pop_stamp (id, "timestamp", player_id, stage_id) VALUES (20240214, '2024-07-05 15:39:36.728709', 20240034, 20240004);
INSERT INTO public.pop_stamp (id, "timestamp", player_id, stage_id) VALUES (20240215, '2024-07-05 15:39:41.120315', 20240207, 20240002);
INSERT INTO public.pop_stamp (id, "timestamp", player_id, stage_id) VALUES (20240216, '2024-07-05 15:39:46.598796', 20240203, 20240002);
INSERT INTO public.pop_stamp (id, "timestamp", player_id, stage_id) VALUES (20240217, '2024-07-05 15:40:34.147899', 20240210, 20240002);
INSERT INTO public.pop_stamp (id, "timestamp", player_id, stage_id) VALUES (20240218, '2024-07-05 15:40:38.159642', 20240212, 20240002);
INSERT INTO public.pop_stamp (id, "timestamp", player_id, stage_id) VALUES (20240219, '2024-07-05 15:40:41.690996', 1188, 20240003);
INSERT INTO public.pop_stamp (id, "timestamp", player_id, stage_id) VALUES (20240220, '2024-07-05 15:40:59.884636', 20240202, 20240002);
INSERT INTO public.pop_stamp (id, "timestamp", player_id, stage_id) VALUES (20240221, '2024-07-05 15:41:04.123812', 20240199, 20240002);
INSERT INTO public.pop_stamp (id, "timestamp", player_id, stage_id) VALUES (20240222, '2024-07-05 15:41:25.531955', 20240209, 20240002);
INSERT INTO public.pop_stamp (id, "timestamp", player_id, stage_id) VALUES (20240223, '2024-07-05 15:41:36.545022', 20240208, 20240002);
INSERT INTO public.pop_stamp (id, "timestamp", player_id, stage_id) VALUES (20240224, '2024-07-05 15:41:57.992098', 20240032, 20240002);
INSERT INTO public.pop_stamp (id, "timestamp", player_id, stage_id) VALUES (20240225, '2024-07-05 15:42:06.358189', 20240213, 20240002);
INSERT INTO public.pop_stamp (id, "timestamp", player_id, stage_id) VALUES (20240226, '2024-07-05 15:42:34.791706', 20240214, 20240002);
INSERT INTO public.pop_stamp (id, "timestamp", player_id, stage_id) VALUES (20240227, '2024-07-05 15:42:37.084908', 20240080, 20240004);
INSERT INTO public.pop_stamp (id, "timestamp", player_id, stage_id) VALUES (20240228, '2024-07-05 15:42:59.234195', 20240215, 20240002);
INSERT INTO public.pop_stamp (id, "timestamp", player_id, stage_id) VALUES (20240229, '2024-07-05 15:43:16.640843', 20240127, 20240003);
INSERT INTO public.pop_stamp (id, "timestamp", player_id, stage_id) VALUES (20240230, '2024-07-05 15:43:28.410401', 20240137, 20240003);
INSERT INTO public.pop_stamp (id, "timestamp", player_id, stage_id) VALUES (20240231, '2024-07-05 15:43:40.036624', 20240211, 20240002);
INSERT INTO public.pop_stamp (id, "timestamp", player_id, stage_id) VALUES (20240232, '2024-07-05 15:44:07.39148', 20240045, 20240003);
INSERT INTO public.pop_stamp (id, "timestamp", player_id, stage_id) VALUES (20240233, '2024-07-05 15:44:15.580606', 20240216, 20240002);
INSERT INTO public.pop_stamp (id, "timestamp", player_id, stage_id) VALUES (20240234, '2024-07-05 15:44:19.249241', 20240058, 20240003);
INSERT INTO public.pop_stamp (id, "timestamp", player_id, stage_id) VALUES (20240235, '2024-07-05 15:44:28.436018', 20240135, 20240003);
INSERT INTO public.pop_stamp (id, "timestamp", player_id, stage_id) VALUES (20240236, '2024-07-05 15:44:29.723128', 20240220, 20240002);
INSERT INTO public.pop_stamp (id, "timestamp", player_id, stage_id) VALUES (20240237, '2024-07-05 15:44:42.882061', 1011, 20240003);
INSERT INTO public.pop_stamp (id, "timestamp", player_id, stage_id) VALUES (20240238, '2024-07-05 15:44:48.179458', 20240124, 20240003);
INSERT INTO public.pop_stamp (id, "timestamp", player_id, stage_id) VALUES (20240239, '2024-07-05 15:45:11.666799', 20240218, 20240002);
INSERT INTO public.pop_stamp (id, "timestamp", player_id, stage_id) VALUES (20240240, '2024-07-05 15:45:25.620193', 1029, 20240006);
INSERT INTO public.pop_stamp (id, "timestamp", player_id, stage_id) VALUES (20240241, '2024-07-05 15:45:27.398332', 20240217, 20240002);
INSERT INTO public.pop_stamp (id, "timestamp", player_id, stage_id) VALUES (20240242, '2024-07-05 15:45:32.490318', 1067, 20240003);
INSERT INTO public.pop_stamp (id, "timestamp", player_id, stage_id) VALUES (20240243, '2024-07-05 15:45:54.804736', 1192, 20240003);
INSERT INTO public.pop_stamp (id, "timestamp", player_id, stage_id) VALUES (20240244, '2024-07-05 15:46:32.694567', 20240180, 20240003);
INSERT INTO public.pop_stamp (id, "timestamp", player_id, stage_id) VALUES (20240245, '2024-07-05 15:46:38.0751', 20240016, 20240003);
INSERT INTO public.pop_stamp (id, "timestamp", player_id, stage_id) VALUES (20240246, '2024-07-05 15:46:55.324672', 20240144, 20240003);
INSERT INTO public.pop_stamp (id, "timestamp", player_id, stage_id) VALUES (20240247, '2024-07-05 15:47:00.158334', 20240146, 20240003);
INSERT INTO public.pop_stamp (id, "timestamp", player_id, stage_id) VALUES (20240248, '2024-07-05 15:47:03.937596', 20240147, 20240003);
INSERT INTO public.pop_stamp (id, "timestamp", player_id, stage_id) VALUES (20240249, '2024-07-05 15:47:08.398865', 20240149, 20240003);
INSERT INTO public.pop_stamp (id, "timestamp", player_id, stage_id) VALUES (20240250, '2024-07-05 15:47:15.033635', 20240152, 20240003);
INSERT INTO public.pop_stamp (id, "timestamp", player_id, stage_id) VALUES (20240251, '2024-07-05 15:47:19.555612', 20240185, 20240003);
INSERT INTO public.pop_stamp (id, "timestamp", player_id, stage_id) VALUES (20240252, '2024-07-05 15:47:39.792618', 20240030, 20240003);
INSERT INTO public.pop_stamp (id, "timestamp", player_id, stage_id) VALUES (20240253, '2024-07-05 15:47:40.929587', 20240087, 20240004);
INSERT INTO public.pop_stamp (id, "timestamp", player_id, stage_id) VALUES (20240254, '2024-07-05 15:47:44.343344', 20240222, 20240002);
INSERT INTO public.pop_stamp (id, "timestamp", player_id, stage_id) VALUES (20240255, '2024-07-05 15:47:53.630176', 20240043, 20240004);
INSERT INTO public.pop_stamp (id, "timestamp", player_id, stage_id) VALUES (20240256, '2024-07-05 15:47:57.725134', 20240221, 20240002);
INSERT INTO public.pop_stamp (id, "timestamp", player_id, stage_id) VALUES (20240257, '2024-07-05 15:48:08.929859', 20240101, 20240004);
INSERT INTO public.pop_stamp (id, "timestamp", player_id, stage_id) VALUES (20240258, '2024-07-05 15:48:47.095502', 20240150, 20240003);
INSERT INTO public.pop_stamp (id, "timestamp", player_id, stage_id) VALUES (20240259, '2024-07-05 15:49:32.687583', 1105, 20240003);
INSERT INTO public.pop_stamp (id, "timestamp", player_id, stage_id) VALUES (20240260, '2024-07-05 15:49:44.365893', 20240044, 20240004);
INSERT INTO public.pop_stamp (id, "timestamp", player_id, stage_id) VALUES (20240261, '2024-07-05 15:52:52.84693', 1050, 20240004);
INSERT INTO public.pop_stamp (id, "timestamp", player_id, stage_id) VALUES (20240262, '2024-07-05 15:52:56.545795', 20240224, 20240002);
INSERT INTO public.pop_stamp (id, "timestamp", player_id, stage_id) VALUES (20240263, '2024-07-05 15:57:17.63422', 20240029, 20240004);
INSERT INTO public.pop_stamp (id, "timestamp", player_id, stage_id) VALUES (20240264, '2024-07-05 15:58:02.372103', 20240031, 20240003);
INSERT INTO public.pop_stamp (id, "timestamp", player_id, stage_id) VALUES (20240265, '2024-07-05 15:58:19.307638', 20240182, 20240003);
INSERT INTO public.pop_stamp (id, "timestamp", player_id, stage_id) VALUES (20240266, '2024-07-05 15:58:58.040709', 20240215, 20240003);
INSERT INTO public.pop_stamp (id, "timestamp", player_id, stage_id) VALUES (20240267, '2024-07-05 15:59:10.797318', 20240206, 20240003);
INSERT INTO public.pop_stamp (id, "timestamp", player_id, stage_id) VALUES (20240268, '2024-07-05 15:59:28.809233', 20240033, 20240004);
INSERT INTO public.pop_stamp (id, "timestamp", player_id, stage_id) VALUES (20240269, '2024-07-05 15:59:56.516731', 20240107, 20240004);
INSERT INTO public.pop_stamp (id, "timestamp", player_id, stage_id) VALUES (20240270, '2024-07-05 16:00:00.876546', 20240210, 20240003);
INSERT INTO public.pop_stamp (id, "timestamp", player_id, stage_id) VALUES (20240271, '2024-07-05 16:00:21.602136', 20240105, 20240003);
INSERT INTO public.pop_stamp (id, "timestamp", player_id, stage_id) VALUES (20240272, '2024-07-05 16:00:28.977762', 20240171, 20240003);
INSERT INTO public.pop_stamp (id, "timestamp", player_id, stage_id) VALUES (20240273, '2024-07-05 16:00:46.191102', 1118, 20240004);
INSERT INTO public.pop_stamp (id, "timestamp", player_id, stage_id) VALUES (20240274, '2024-07-05 16:00:49.087821', 20240159, 20240003);
INSERT INTO public.pop_stamp (id, "timestamp", player_id, stage_id) VALUES (20240275, '2024-07-05 16:01:20.572288', 20240100, 20240004);
INSERT INTO public.pop_stamp (id, "timestamp", player_id, stage_id) VALUES (20240276, '2024-07-05 16:01:49.368939', 20240161, 20240003);
INSERT INTO public.pop_stamp (id, "timestamp", player_id, stage_id) VALUES (20240277, '2024-07-05 16:02:00.48025', 1025, 20240004);
INSERT INTO public.pop_stamp (id, "timestamp", player_id, stage_id) VALUES (20240278, '2024-07-05 16:02:07.952133', 1028, 20240004);
INSERT INTO public.pop_stamp (id, "timestamp", player_id, stage_id) VALUES (20240279, '2024-07-05 16:02:14.022973', 20240035, 20240004);
INSERT INTO public.pop_stamp (id, "timestamp", player_id, stage_id) VALUES (20240280, '2024-07-05 16:02:58.73447', 20240181, 20240003);
INSERT INTO public.pop_stamp (id, "timestamp", player_id, stage_id) VALUES (20240281, '2024-07-05 16:04:05.201758', 20240208, 20240003);
INSERT INTO public.pop_stamp (id, "timestamp", player_id, stage_id) VALUES (20240282, '2024-07-05 16:04:07.193324', 20240213, 20240003);
INSERT INTO public.pop_stamp (id, "timestamp", player_id, stage_id) VALUES (20240283, '2024-07-05 16:04:36.006887', 20240165, 20240003);
INSERT INTO public.pop_stamp (id, "timestamp", player_id, stage_id) VALUES (20240284, '2024-07-05 16:04:41.436589', 20240163, 20240003);
INSERT INTO public.pop_stamp (id, "timestamp", player_id, stage_id) VALUES (20240285, '2024-07-05 16:04:43.661494', 20240172, 20240003);
INSERT INTO public.pop_stamp (id, "timestamp", player_id, stage_id) VALUES (20240286, '2024-07-05 16:04:47.792099', 20240168, 20240003);
INSERT INTO public.pop_stamp (id, "timestamp", player_id, stage_id) VALUES (20240287, '2024-07-05 16:04:50.084285', 20240056, 20240003);
INSERT INTO public.pop_stamp (id, "timestamp", player_id, stage_id) VALUES (20240288, '2024-07-05 16:04:56.412715', 20240052, 20240003);
INSERT INTO public.pop_stamp (id, "timestamp", player_id, stage_id) VALUES (20240289, '2024-07-05 16:04:58.199033', 1106, 20240003);
INSERT INTO public.pop_stamp (id, "timestamp", player_id, stage_id) VALUES (20240290, '2024-07-05 16:05:03.24726', 20240214, 20240003);
INSERT INTO public.pop_stamp (id, "timestamp", player_id, stage_id) VALUES (20240291, '2024-07-05 16:05:16.451917', 20240211, 20240003);
INSERT INTO public.pop_stamp (id, "timestamp", player_id, stage_id) VALUES (20240292, '2024-07-05 16:05:22.374324', 20240176, 20240003);
INSERT INTO public.pop_stamp (id, "timestamp", player_id, stage_id) VALUES (20240293, '2024-07-05 16:05:22.99172', 20240186, 20240003);
INSERT INTO public.pop_stamp (id, "timestamp", player_id, stage_id) VALUES (20240294, '2024-07-05 16:05:47.765732', 20240207, 20240003);
INSERT INTO public.pop_stamp (id, "timestamp", player_id, stage_id) VALUES (20240295, '2024-07-05 16:06:04.827777', 20240179, 20240003);
INSERT INTO public.pop_stamp (id, "timestamp", player_id, stage_id) VALUES (20240296, '2024-07-05 16:06:19.168182', 20240187, 20240002);
INSERT INTO public.pop_stamp (id, "timestamp", player_id, stage_id) VALUES (20240297, '2024-07-05 16:06:32.828579', 20240187, 20240003);
INSERT INTO public.pop_stamp (id, "timestamp", player_id, stage_id) VALUES (20240298, '2024-07-05 16:07:02.89187', 20240195, 20240003);
INSERT INTO public.pop_stamp (id, "timestamp", player_id, stage_id) VALUES (20240299, '2024-07-05 16:07:14.150567', 20240199, 20240003);
INSERT INTO public.pop_stamp (id, "timestamp", player_id, stage_id) VALUES (20240300, '2024-07-05 16:07:34.482014', 20240131, 20240003);
INSERT INTO public.pop_stamp (id, "timestamp", player_id, stage_id) VALUES (20240301, '2024-07-05 16:07:55.305568', 20240032, 20240003);
INSERT INTO public.pop_stamp (id, "timestamp", player_id, stage_id) VALUES (20240302, '2024-07-05 16:08:03.687444', 20240217, 20240003);
INSERT INTO public.pop_stamp (id, "timestamp", player_id, stage_id) VALUES (20240303, '2024-07-05 16:08:06.436409', 20240202, 20240003);
INSERT INTO public.pop_stamp (id, "timestamp", player_id, stage_id) VALUES (20240304, '2024-07-05 16:08:21.765627', 20240194, 20240003);
INSERT INTO public.pop_stamp (id, "timestamp", player_id, stage_id) VALUES (20240305, '2024-07-05 16:08:32.007194', 20240102, 20240003);
INSERT INTO public.pop_stamp (id, "timestamp", player_id, stage_id) VALUES (20240306, '2024-07-05 16:10:26.893847', 20240197, 20240003);
INSERT INTO public.pop_stamp (id, "timestamp", player_id, stage_id) VALUES (20240307, '2024-07-05 16:11:26.597875', 20240081, 20240004);
INSERT INTO public.pop_stamp (id, "timestamp", player_id, stage_id) VALUES (20240308, '2024-07-05 16:12:01.268608', 20240115, 20240003);
INSERT INTO public.pop_stamp (id, "timestamp", player_id, stage_id) VALUES (20240309, '2024-07-05 16:12:06.06235', 20240116, 20240003);
INSERT INTO public.pop_stamp (id, "timestamp", player_id, stage_id) VALUES (20240310, '2024-07-05 16:12:51.370517', 20240125, 20240003);
INSERT INTO public.pop_stamp (id, "timestamp", player_id, stage_id) VALUES (20240311, '2024-07-05 16:13:02.339286', 20240153, 20240003);
INSERT INTO public.pop_stamp (id, "timestamp", player_id, stage_id) VALUES (20240312, '2024-07-05 16:13:04.460272', 20240122, 20240003);
INSERT INTO public.pop_stamp (id, "timestamp", player_id, stage_id) VALUES (20240313, '2024-07-05 16:13:07.194706', 20240200, 20240003);
INSERT INTO public.pop_stamp (id, "timestamp", player_id, stage_id) VALUES (20240314, '2024-07-05 16:13:12.019393', 20240151, 20240003);
INSERT INTO public.pop_stamp (id, "timestamp", player_id, stage_id) VALUES (20240315, '2024-07-05 16:13:27.576784', 20240002, 20240003);
INSERT INTO public.pop_stamp (id, "timestamp", player_id, stage_id) VALUES (20240316, '2024-07-05 16:13:58.940792', 1188, 20240004);
INSERT INTO public.pop_stamp (id, "timestamp", player_id, stage_id) VALUES (20240317, '2024-07-05 16:14:03.959767', 1120, 20240004);
INSERT INTO public.pop_stamp (id, "timestamp", player_id, stage_id) VALUES (20240318, '2024-07-05 16:14:19.440489', 20240050, 20240003);
INSERT INTO public.pop_stamp (id, "timestamp", player_id, stage_id) VALUES (20240324, '2024-07-05 16:15:05.240947', 20240169, 20240003);
INSERT INTO public.pop_stamp (id, "timestamp", player_id, stage_id) VALUES (20240326, '2024-07-05 16:15:16.669401', 20240097, 20240004);
INSERT INTO public.pop_stamp (id, "timestamp", player_id, stage_id) VALUES (20240327, '2024-07-05 16:15:22.118815', 20240129, 20240004);
INSERT INTO public.pop_stamp (id, "timestamp", player_id, stage_id) VALUES (20240329, '2024-07-05 16:16:01.167157', 20240011, 20240003);
INSERT INTO public.pop_stamp (id, "timestamp", player_id, stage_id) VALUES (20240330, '2024-07-05 16:16:36.794096', 20240028, 20240004);
INSERT INTO public.pop_stamp (id, "timestamp", player_id, stage_id) VALUES (20240331, '2024-07-05 16:16:43.309165', 20240141, 20240003);
INSERT INTO public.pop_stamp (id, "timestamp", player_id, stage_id) VALUES (20240333, '2024-07-05 16:18:08.330937', 20240041, 20240004);
INSERT INTO public.pop_stamp (id, "timestamp", player_id, stage_id) VALUES (20240334, '2024-07-05 16:18:10.025045', 20240118, 20240004);
INSERT INTO public.pop_stamp (id, "timestamp", player_id, stage_id) VALUES (20240338, '2024-07-05 16:19:36.868276', 20240145, 20240003);
INSERT INTO public.pop_stamp (id, "timestamp", player_id, stage_id) VALUES (20240341, '2024-07-05 16:20:44.7314', 20240219, 20240003);
INSERT INTO public.pop_stamp (id, "timestamp", player_id, stage_id) VALUES (20240342, '2024-07-05 16:21:01.228308', 20240078, 20240005);
INSERT INTO public.pop_stamp (id, "timestamp", player_id, stage_id) VALUES (20240343, '2024-07-05 16:21:09.432966', 20240209, 20240003);
INSERT INTO public.pop_stamp (id, "timestamp", player_id, stage_id) VALUES (20240349, '2024-07-05 16:26:24.259421', 1011, 20240004);
INSERT INTO public.pop_stamp (id, "timestamp", player_id, stage_id) VALUES (20240350, '2024-07-05 16:27:09.539741', 1067, 20240004);
INSERT INTO public.pop_stamp (id, "timestamp", player_id, stage_id) VALUES (20240351, '2024-07-05 16:28:27.035979', 20240156, 20240003);
INSERT INTO public.pop_stamp (id, "timestamp", player_id, stage_id) VALUES (20240352, '2024-07-05 16:29:14.189813', 20240184, 20240003);
INSERT INTO public.pop_stamp (id, "timestamp", player_id, stage_id) VALUES (20240353, '2024-07-05 16:29:23.133358', 20240191, 20240003);
INSERT INTO public.pop_stamp (id, "timestamp", player_id, stage_id) VALUES (20240355, '2024-07-05 16:29:41.229209', 20240155, 20240003);
INSERT INTO public.pop_stamp (id, "timestamp", player_id, stage_id) VALUES (20240356, '2024-07-05 16:30:56.271873', 20240146, 20240004);
INSERT INTO public.pop_stamp (id, "timestamp", player_id, stage_id) VALUES (20240357, '2024-07-05 16:31:07.914316', 20240147, 20240004);
INSERT INTO public.pop_stamp (id, "timestamp", player_id, stage_id) VALUES (20240358, '2024-07-05 16:31:26.2545', 20240164, 20240003);
INSERT INTO public.pop_stamp (id, "timestamp", player_id, stage_id) VALUES (20240359, '2024-07-05 16:31:32.069187', 20240149, 20240004);
INSERT INTO public.pop_stamp (id, "timestamp", player_id, stage_id) VALUES (20240361, '2024-07-05 16:31:47.058296', 20240152, 20240004);
INSERT INTO public.pop_stamp (id, "timestamp", player_id, stage_id) VALUES (20240362, '2024-07-05 16:31:58.714908', 20240150, 20240004);
INSERT INTO public.pop_stamp (id, "timestamp", player_id, stage_id) VALUES (20240363, '2024-07-05 16:32:44.567401', 20240219, 20240002);
INSERT INTO public.pop_stamp (id, "timestamp", player_id, stage_id) VALUES (20240319, '2024-07-05 16:14:35.656435', 20240225, 20240002);
INSERT INTO public.pop_stamp (id, "timestamp", player_id, stage_id) VALUES (20240320, '2024-07-05 16:14:45.348898', 20240133, 20240004);
INSERT INTO public.pop_stamp (id, "timestamp", player_id, stage_id) VALUES (20240321, '2024-07-05 16:14:50.989163', 20240005, 20240003);
INSERT INTO public.pop_stamp (id, "timestamp", player_id, stage_id) VALUES (20240322, '2024-07-05 16:14:53.313094', 20240136, 20240004);
INSERT INTO public.pop_stamp (id, "timestamp", player_id, stage_id) VALUES (20240323, '2024-07-05 16:14:53.591275', 20240143, 20240003);
INSERT INTO public.pop_stamp (id, "timestamp", player_id, stage_id) VALUES (20240325, '2024-07-05 16:15:16.036521', 20240225, 20240003);
INSERT INTO public.pop_stamp (id, "timestamp", player_id, stage_id) VALUES (20240328, '2024-07-05 16:15:34.197411', 20240216, 20240003);
INSERT INTO public.pop_stamp (id, "timestamp", player_id, stage_id) VALUES (20240332, '2024-07-05 16:17:50.455075', 20240006, 20240003);
INSERT INTO public.pop_stamp (id, "timestamp", player_id, stage_id) VALUES (20240335, '2024-07-05 16:19:00.648676', 20240017, 20240005);
INSERT INTO public.pop_stamp (id, "timestamp", player_id, stage_id) VALUES (20240336, '2024-07-05 16:19:03.480264', 20240018, 20240005);
INSERT INTO public.pop_stamp (id, "timestamp", player_id, stage_id) VALUES (20240337, '2024-07-05 16:19:12.491415', 20240224, 20240003);
INSERT INTO public.pop_stamp (id, "timestamp", player_id, stage_id) VALUES (20240339, '2024-07-05 16:19:52.21807', 20240192, 20240003);
INSERT INTO public.pop_stamp (id, "timestamp", player_id, stage_id) VALUES (20240340, '2024-07-05 16:20:35.956306', 20240178, 20240003);
INSERT INTO public.pop_stamp (id, "timestamp", player_id, stage_id) VALUES (20240344, '2024-07-05 16:23:12.619197', 20240016, 20240004);
INSERT INTO public.pop_stamp (id, "timestamp", player_id, stage_id) VALUES (20240345, '2024-07-05 16:23:26.322049', 20240077, 20240005);
INSERT INTO public.pop_stamp (id, "timestamp", player_id, stage_id) VALUES (20240346, '2024-07-05 16:23:54.372312', 1190, 20240005);
INSERT INTO public.pop_stamp (id, "timestamp", player_id, stage_id) VALUES (20240347, '2024-07-05 16:24:40.853254', 20240185, 20240004);
INSERT INTO public.pop_stamp (id, "timestamp", player_id, stage_id) VALUES (20240348, '2024-07-05 16:25:00.223938', 20240180, 20240004);
INSERT INTO public.pop_stamp (id, "timestamp", player_id, stage_id) VALUES (20240354, '2024-07-05 16:29:25.590736', 20240157, 20240003);
INSERT INTO public.pop_stamp (id, "timestamp", player_id, stage_id) VALUES (20240360, '2024-07-05 16:31:38.275766', 20240144, 20240004);
INSERT INTO public.pop_stamp (id, "timestamp", player_id, stage_id) VALUES (20240364, '2024-07-05 16:33:19.496817', 20240030, 20240004);
INSERT INTO public.pop_stamp (id, "timestamp", player_id, stage_id) VALUES (20240365, '2024-07-05 16:33:21.921366', 20240127, 20240004);
INSERT INTO public.pop_stamp (id, "timestamp", player_id, stage_id) VALUES (20240366, '2024-07-05 16:35:37.214981', 1048, 20240005);
INSERT INTO public.pop_stamp (id, "timestamp", player_id, stage_id) VALUES (20240367, '2024-07-05 16:37:07.973948', 1108, 20240004);
INSERT INTO public.pop_stamp (id, "timestamp", player_id, stage_id) VALUES (20240368, '2024-07-05 16:38:13.41668', 20240187, 20240004);
INSERT INTO public.pop_stamp (id, "timestamp", player_id, stage_id) VALUES (20240369, '2024-07-05 16:38:33.850887', 20240008, 20240005);
INSERT INTO public.pop_stamp (id, "timestamp", player_id, stage_id) VALUES (20240370, '2024-07-05 16:38:38.560379', 20240064, 20240005);
INSERT INTO public.pop_stamp (id, "timestamp", player_id, stage_id) VALUES (20240371, '2024-07-05 16:38:48.17287', 1152, 20240005);
INSERT INTO public.pop_stamp (id, "timestamp", player_id, stage_id) VALUES (20240372, '2024-07-05 16:39:02.370828', 20240161, 20240004);
INSERT INTO public.pop_stamp (id, "timestamp", player_id, stage_id) VALUES (20240373, '2024-07-05 16:39:03.168777', 20240063, 20240005);
INSERT INTO public.pop_stamp (id, "timestamp", player_id, stage_id) VALUES (20240374, '2024-07-05 16:39:08.698373', 1149, 20240005);
INSERT INTO public.pop_stamp (id, "timestamp", player_id, stage_id) VALUES (20240375, '2024-07-05 16:39:32.995361', 20240159, 20240004);
INSERT INTO public.pop_stamp (id, "timestamp", player_id, stage_id) VALUES (20240376, '2024-07-05 16:40:23.986294', 20240171, 20240004);
INSERT INTO public.pop_stamp (id, "timestamp", player_id, stage_id) VALUES (20240377, '2024-07-05 16:40:28.843314', 20240206, 20240004);
INSERT INTO public.pop_stamp (id, "timestamp", player_id, stage_id) VALUES (20240378, '2024-07-05 16:40:57.320317', 20240182, 20240004);
INSERT INTO public.pop_stamp (id, "timestamp", player_id, stage_id) VALUES (20240379, '2024-07-05 16:41:32.18938', 20240214, 20240004);
INSERT INTO public.pop_stamp (id, "timestamp", player_id, stage_id) VALUES (20240380, '2024-07-05 16:41:34.836726', 20240124, 20240004);
INSERT INTO public.pop_stamp (id, "timestamp", player_id, stage_id) VALUES (20240381, '2024-07-05 16:41:35.858058', 20240211, 20240004);
INSERT INTO public.pop_stamp (id, "timestamp", player_id, stage_id) VALUES (20240382, '2024-07-05 16:42:51.819958', 20240221, 20240003);
INSERT INTO public.pop_stamp (id, "timestamp", player_id, stage_id) VALUES (20240383, '2024-07-05 16:43:08.131851', 1176, 20240005);
INSERT INTO public.pop_stamp (id, "timestamp", player_id, stage_id) VALUES (20240384, '2024-07-05 16:43:48.399266', 20240220, 20240003);
INSERT INTO public.pop_stamp (id, "timestamp", player_id, stage_id) VALUES (20240385, '2024-07-05 16:43:55.789819', 20240218, 20240003);
INSERT INTO public.pop_stamp (id, "timestamp", player_id, stage_id) VALUES (20240386, '2024-07-05 16:43:58.756695', 20240183, 20240003);
INSERT INTO public.pop_stamp (id, "timestamp", player_id, stage_id) VALUES (20240387, '2024-07-05 16:44:01.032094', 20240222, 20240003);
INSERT INTO public.pop_stamp (id, "timestamp", player_id, stage_id) VALUES (20240388, '2024-07-05 16:44:05.463789', 20240051, 20240005);
INSERT INTO public.pop_stamp (id, "timestamp", player_id, stage_id) VALUES (20240389, '2024-07-05 16:44:52.347208', 20240210, 20240004);
INSERT INTO public.pop_stamp (id, "timestamp", player_id, stage_id) VALUES (20240390, '2024-07-05 16:45:33.682387', 20240024, 20240004);
INSERT INTO public.pop_stamp (id, "timestamp", player_id, stage_id) VALUES (20240391, '2024-07-05 16:45:49.158772', 20240101, 20240005);
INSERT INTO public.pop_stamp (id, "timestamp", player_id, stage_id) VALUES (20240392, '2024-07-05 16:45:57.171269', 20240034, 20240005);
INSERT INTO public.pop_stamp (id, "timestamp", player_id, stage_id) VALUES (20240393, '2024-07-05 16:45:58.529104', 20240095, 20240004);
INSERT INTO public.pop_stamp (id, "timestamp", player_id, stage_id) VALUES (20240394, '2024-07-05 16:46:56.457332', 20240088, 20240005);
INSERT INTO public.pop_stamp (id, "timestamp", player_id, stage_id) VALUES (20240395, '2024-07-05 16:48:21.077508', 20240179, 20240004);
INSERT INTO public.pop_stamp (id, "timestamp", player_id, stage_id) VALUES (20240396, '2024-07-05 16:48:40.562125', 20240203, 20240003);
INSERT INTO public.pop_stamp (id, "timestamp", player_id, stage_id) VALUES (20240397, '2024-07-05 16:49:07.31136', 20240077, 20240006);
INSERT INTO public.pop_stamp (id, "timestamp", player_id, stage_id) VALUES (20240398, '2024-07-05 16:49:09.221711', 20240175, 20240003);
INSERT INTO public.pop_stamp (id, "timestamp", player_id, stage_id) VALUES (20240399, '2024-07-05 16:49:25.6106', 20240212, 20240003);
INSERT INTO public.pop_stamp (id, "timestamp", player_id, stage_id) VALUES (20240400, '2024-07-05 16:49:49.230975', 20240032, 20240004);
INSERT INTO public.pop_stamp (id, "timestamp", player_id, stage_id) VALUES (20240401, '2024-07-05 16:49:49.812923', 20240015, 20240005);
INSERT INTO public.pop_stamp (id, "timestamp", player_id, stage_id) VALUES (20240402, '2024-07-05 16:50:12.804288', 20240199, 20240004);
INSERT INTO public.pop_stamp (id, "timestamp", player_id, stage_id) VALUES (20240403, '2024-07-05 16:50:24.242869', 20240213, 20240004);
INSERT INTO public.pop_stamp (id, "timestamp", player_id, stage_id) VALUES (20240404, '2024-07-05 16:50:28.607449', 20240208, 20240004);
INSERT INTO public.pop_stamp (id, "timestamp", player_id, stage_id) VALUES (20240405, '2024-07-05 16:50:51.26006', 20240181, 20240004);
INSERT INTO public.pop_stamp (id, "timestamp", player_id, stage_id) VALUES (20240406, '2024-07-05 16:50:53.358066', 1190, 20240006);
INSERT INTO public.pop_stamp (id, "timestamp", player_id, stage_id) VALUES (20240407, '2024-07-05 16:50:59.798142', 20240022, 20240005);
INSERT INTO public.pop_stamp (id, "timestamp", player_id, stage_id) VALUES (20240408, '2024-07-05 16:51:10.259676', 20240186, 20240004);
INSERT INTO public.pop_stamp (id, "timestamp", player_id, stage_id) VALUES (20240409, '2024-07-05 16:52:00.480427', 1027, 20240004);
INSERT INTO public.pop_stamp (id, "timestamp", player_id, stage_id) VALUES (20240410, '2024-07-05 16:53:06.498441', 20240043, 20240005);
INSERT INTO public.pop_stamp (id, "timestamp", player_id, stage_id) VALUES (20240411, '2024-07-05 16:53:12.088124', 20240044, 20240005);
INSERT INTO public.pop_stamp (id, "timestamp", player_id, stage_id) VALUES (20240412, '2024-07-05 16:53:12.739844', 20240202, 20240004);
INSERT INTO public.pop_stamp (id, "timestamp", player_id, stage_id) VALUES (20240413, '2024-07-05 16:56:02.393047', 20240093, 20240004);
INSERT INTO public.pop_stamp (id, "timestamp", player_id, stage_id) VALUES (20240414, '2024-07-05 16:56:06.280444', 20240015, 20240004);
INSERT INTO public.pop_stamp (id, "timestamp", player_id, stage_id) VALUES (20240415, '2024-07-05 16:56:43.182184', 20240054, 20240005);
INSERT INTO public.pop_stamp (id, "timestamp", player_id, stage_id) VALUES (20240416, '2024-07-05 16:56:54.375899', 20240209, 20240004);
INSERT INTO public.pop_stamp (id, "timestamp", player_id, stage_id) VALUES (20240417, '2024-07-05 16:57:06.122479', 20240225, 20240004);
INSERT INTO public.pop_stamp (id, "timestamp", player_id, stage_id) VALUES (20240418, '2024-07-05 16:57:16.243784', 20240055, 20240005);
INSERT INTO public.pop_stamp (id, "timestamp", player_id, stage_id) VALUES (20240419, '2024-07-05 16:57:59.175794', 20240217, 20240004);
INSERT INTO public.pop_stamp (id, "timestamp", player_id, stage_id) VALUES (20240420, '2024-07-05 16:58:54.146003', 1062, 20240005);
INSERT INTO public.pop_stamp (id, "timestamp", player_id, stage_id) VALUES (20240421, '2024-07-05 16:59:17.11923', 20240135, 20240004);
INSERT INTO public.pop_stamp (id, "timestamp", player_id, stage_id) VALUES (20240422, '2024-07-05 17:01:34.568732', 20240137, 20240004);
INSERT INTO public.pop_stamp (id, "timestamp", player_id, stage_id) VALUES (20240423, '2024-07-05 17:01:41.257641', 20240052, 20240004);
INSERT INTO public.pop_stamp (id, "timestamp", player_id, stage_id) VALUES (20240424, '2024-07-05 17:02:05.929546', 20240197, 20240004);
INSERT INTO public.pop_stamp (id, "timestamp", player_id, stage_id) VALUES (20240425, '2024-07-05 17:02:13.736033', 20240207, 20240004);
INSERT INTO public.pop_stamp (id, "timestamp", player_id, stage_id) VALUES (20240426, '2024-07-05 17:03:52.236887', 20240168, 20240004);
INSERT INTO public.pop_stamp (id, "timestamp", player_id, stage_id) VALUES (20240427, '2024-07-05 17:03:53.845474', 20240172, 20240004);
INSERT INTO public.pop_stamp (id, "timestamp", player_id, stage_id) VALUES (20240428, '2024-07-05 17:04:19.114752', 20240165, 20240004);
INSERT INTO public.pop_stamp (id, "timestamp", player_id, stage_id) VALUES (20240429, '2024-07-05 17:05:34.76486', 20240224, 20240004);
INSERT INTO public.pop_stamp (id, "timestamp", player_id, stage_id) VALUES (20240430, '2024-07-05 17:07:33.224565', 1192, 20240004);
INSERT INTO public.pop_stamp (id, "timestamp", player_id, stage_id) VALUES (20240431, '2024-07-05 17:07:55.504837', 20240080, 20240005);
INSERT INTO public.pop_stamp (id, "timestamp", player_id, stage_id) VALUES (20240432, '2024-07-05 17:07:58.649611', 20240116, 20240004);
INSERT INTO public.pop_stamp (id, "timestamp", player_id, stage_id) VALUES (20240433, '2024-07-05 17:08:22.094782', 20240176, 20240004);
INSERT INTO public.pop_stamp (id, "timestamp", player_id, stage_id) VALUES (20240434, '2024-07-05 17:08:23.383073', 20240058, 20240004);
INSERT INTO public.pop_stamp (id, "timestamp", player_id, stage_id) VALUES (20240435, '2024-07-05 17:08:38.899903', 20240056, 20240004);
INSERT INTO public.pop_stamp (id, "timestamp", player_id, stage_id) VALUES (20240436, '2024-07-05 17:09:11.747836', 20240125, 20240004);
INSERT INTO public.pop_stamp (id, "timestamp", player_id, stage_id) VALUES (20240437, '2024-07-05 17:09:14.473274', 20240131, 20240004);
INSERT INTO public.pop_stamp (id, "timestamp", player_id, stage_id) VALUES (20240438, '2024-07-05 17:09:49.395019', 1176, 20240006);
INSERT INTO public.pop_stamp (id, "timestamp", player_id, stage_id) VALUES (20240439, '2024-07-05 17:09:56.260726', 1149, 20240006);
INSERT INTO public.pop_stamp (id, "timestamp", player_id, stage_id) VALUES (20240440, '2024-07-05 17:09:59.615484', 1152, 20240006);
INSERT INTO public.pop_stamp (id, "timestamp", player_id, stage_id) VALUES (20240441, '2024-07-05 17:10:18.881391', 20240194, 20240004);
INSERT INTO public.pop_stamp (id, "timestamp", player_id, stage_id) VALUES (20240442, '2024-07-05 17:10:28.699754', 20240064, 20240006);
INSERT INTO public.pop_stamp (id, "timestamp", player_id, stage_id) VALUES (20240443, '2024-07-05 17:10:34.074051', 20240200, 20240004);
INSERT INTO public.pop_stamp (id, "timestamp", player_id, stage_id) VALUES (20240444, '2024-07-05 17:10:44.916939', 20240151, 20240004);
INSERT INTO public.pop_stamp (id, "timestamp", player_id, stage_id) VALUES (20240445, '2024-07-05 17:10:53.082761', 20240063, 20240006);
INSERT INTO public.pop_stamp (id, "timestamp", player_id, stage_id) VALUES (20240446, '2024-07-05 17:11:05.165275', 20240101, 20240006);
INSERT INTO public.pop_stamp (id, "timestamp", player_id, stage_id) VALUES (20240447, '2024-07-05 17:12:28.49053', 20240169, 20240004);
INSERT INTO public.pop_stamp (id, "timestamp", player_id, stage_id) VALUES (20240448, '2024-07-05 17:12:51.789036', 20240122, 20240004);
INSERT INTO public.pop_stamp (id, "timestamp", player_id, stage_id) VALUES (20240449, '2024-07-05 17:12:54.669985', 20240115, 20240004);
INSERT INTO public.pop_stamp (id, "timestamp", player_id, stage_id) VALUES (20240450, '2024-07-05 17:13:25.027816', 20240041, 20240005);
INSERT INTO public.pop_stamp (id, "timestamp", player_id, stage_id) VALUES (20240451, '2024-07-05 17:14:15.014181', 20240017, 20240006);
INSERT INTO public.pop_stamp (id, "timestamp", player_id, stage_id) VALUES (20240452, '2024-07-05 17:14:35.557905', 20240018, 20240006);
INSERT INTO public.pop_stamp (id, "timestamp", player_id, stage_id) VALUES (20240453, '2024-07-05 17:15:12.233494', 20240118, 20240005);
INSERT INTO public.pop_stamp (id, "timestamp", player_id, stage_id) VALUES (20240454, '2024-07-05 17:16:07.729159', 20240006, 20240004);
INSERT INTO public.pop_stamp (id, "timestamp", player_id, stage_id) VALUES (20240455, '2024-07-05 17:16:30.739024', 20240107, 20240005);
INSERT INTO public.pop_stamp (id, "timestamp", player_id, stage_id) VALUES (20240456, '2024-07-05 17:16:34.966774', 20240088, 20240006);
INSERT INTO public.pop_stamp (id, "timestamp", player_id, stage_id) VALUES (20240457, '2024-07-05 17:17:46.131413', 20240050, 20240004);
INSERT INTO public.pop_stamp (id, "timestamp", player_id, stage_id) VALUES (20240458, '2024-07-05 17:18:16.224654', 20240002, 20240004);
INSERT INTO public.pop_stamp (id, "timestamp", player_id, stage_id) VALUES (20240459, '2024-07-05 17:18:29.867133', 20240011, 20240004);
INSERT INTO public.pop_stamp (id, "timestamp", player_id, stage_id) VALUES (20240460, '2024-07-05 17:18:35.541663', 20240005, 20240004);
INSERT INTO public.pop_stamp (id, "timestamp", player_id, stage_id) VALUES (20240461, '2024-07-05 17:19:13.465059', 20240145, 20240004);
INSERT INTO public.pop_stamp (id, "timestamp", player_id, stage_id) VALUES (20240462, '2024-07-05 17:21:18.414482', 20240216, 20240004);
INSERT INTO public.pop_stamp (id, "timestamp", player_id, stage_id) VALUES (20240463, '2024-07-05 17:21:23.171155', 20240008, 20240006);
INSERT INTO public.pop_stamp (id, "timestamp", player_id, stage_id) VALUES (20240464, '2024-07-05 17:21:34.181504', 1048, 20240006);
INSERT INTO public.pop_stamp (id, "timestamp", player_id, stage_id) VALUES (20240465, '2024-07-05 17:21:58.420665', 20240105, 20240004);
INSERT INTO public.pop_stamp (id, "timestamp", player_id, stage_id) VALUES (20240466, '2024-07-05 17:22:52.296716', 20240175, 20240004);
INSERT INTO public.pop_stamp (id, "timestamp", player_id, stage_id) VALUES (20240467, '2024-07-05 17:24:00.900212', 20240219, 20240004);
INSERT INTO public.pop_stamp (id, "timestamp", player_id, stage_id) VALUES (20240468, '2024-07-05 17:24:04.321301', 20240019, 20240005);
INSERT INTO public.pop_stamp (id, "timestamp", player_id, stage_id) VALUES (20240469, '2024-07-05 17:24:25.213631', 20240178, 20240004);
INSERT INTO public.pop_stamp (id, "timestamp", player_id, stage_id) VALUES (20240470, '2024-07-05 17:26:03.704577', 20240031, 20240004);
INSERT INTO public.pop_stamp (id, "timestamp", player_id, stage_id) VALUES (20240471, '2024-07-05 17:27:26.547932', 20240195, 20240004);
INSERT INTO public.pop_stamp (id, "timestamp", player_id, stage_id) VALUES (20240472, '2024-07-05 17:27:59.077914', 20240220, 20240004);
INSERT INTO public.pop_stamp (id, "timestamp", player_id, stage_id) VALUES (20240473, '2024-07-05 17:28:07.924983', 20240157, 20240004);
INSERT INTO public.pop_stamp (id, "timestamp", player_id, stage_id) VALUES (20240474, '2024-07-05 17:28:14.86348', 20240222, 20240004);
INSERT INTO public.pop_stamp (id, "timestamp", player_id, stage_id) VALUES (20240475, '2024-07-05 17:28:17.206065', 20240180, 20240005);
INSERT INTO public.pop_stamp (id, "timestamp", player_id, stage_id) VALUES (20240476, '2024-07-05 17:28:24.990561', 1106, 20240004);
INSERT INTO public.pop_stamp (id, "timestamp", player_id, stage_id) VALUES (20240477, '2024-07-05 17:28:31.79301', 20240218, 20240004);
INSERT INTO public.pop_stamp (id, "timestamp", player_id, stage_id) VALUES (20240478, '2024-07-05 17:28:49.976577', 20240183, 20240004);
INSERT INTO public.pop_stamp (id, "timestamp", player_id, stage_id) VALUES (20240479, '2024-07-05 17:28:52.613259', 20240185, 20240005);
INSERT INTO public.pop_stamp (id, "timestamp", player_id, stage_id) VALUES (20240480, '2024-07-05 17:28:55.04634', 20240016, 20240005);
INSERT INTO public.pop_stamp (id, "timestamp", player_id, stage_id) VALUES (20240481, '2024-07-05 17:28:58.052932', 20240164, 20240004);
INSERT INTO public.pop_stamp (id, "timestamp", player_id, stage_id) VALUES (20240482, '2024-07-05 17:29:18.204797', 20240221, 20240004);
INSERT INTO public.pop_stamp (id, "timestamp", player_id, stage_id) VALUES (20240483, '2024-07-05 17:29:28.489362', 20240191, 20240004);
INSERT INTO public.pop_stamp (id, "timestamp", player_id, stage_id) VALUES (20240484, '2024-07-05 17:29:41.586476', 1105, 20240004);
INSERT INTO public.pop_stamp (id, "timestamp", player_id, stage_id) VALUES (20240485, '2024-07-05 17:29:55.87726', 20240184, 20240004);
INSERT INTO public.pop_stamp (id, "timestamp", player_id, stage_id) VALUES (20240486, '2024-07-05 17:30:13.607063', 20240108, 20240003);
INSERT INTO public.pop_stamp (id, "timestamp", player_id, stage_id) VALUES (20240488, '2024-07-05 17:30:38.769106', 20240108, 20240004);
INSERT INTO public.pop_stamp (id, "timestamp", player_id, stage_id) VALUES (20240489, '2024-07-05 17:32:02.544737', 1050, 20240005);
INSERT INTO public.pop_stamp (id, "timestamp", player_id, stage_id) VALUES (20240487, '2024-07-05 17:30:28.667244', 20240014, 20240005);
INSERT INTO public.pop_stamp (id, "timestamp", player_id, stage_id) VALUES (20240490, '2024-07-05 17:32:47.009867', 20240045, 20240005);
INSERT INTO public.pop_stamp (id, "timestamp", player_id, stage_id) VALUES (20240491, '2024-07-05 17:34:18.157083', 20240085, 20240005);
INSERT INTO public.pop_stamp (id, "timestamp", player_id, stage_id) VALUES (20240492, '2024-07-05 17:34:49.095559', 20240022, 20240006);
INSERT INTO public.pop_stamp (id, "timestamp", player_id, stage_id) VALUES (20240493, '2024-07-05 17:35:01.365018', 1026, 20240005);
INSERT INTO public.pop_stamp (id, "timestamp", player_id, stage_id) VALUES (20240494, '2024-07-05 17:35:14.416919', 1118, 20240005);
INSERT INTO public.pop_stamp (id, "timestamp", player_id, stage_id) VALUES (20240495, '2024-07-05 17:35:26.749907', 20240100, 20240005);
INSERT INTO public.pop_stamp (id, "timestamp", player_id, stage_id) VALUES (20240496, '2024-07-05 17:35:32.563178', 20240015, 20240006);
INSERT INTO public.pop_stamp (id, "timestamp", player_id, stage_id) VALUES (20240497, '2024-07-05 17:37:15.658098', 20240022, 20240003);
INSERT INTO public.pop_stamp (id, "timestamp", player_id, stage_id) VALUES (20240498, '2024-07-05 17:38:50.855054', 20240041, 20240006);
INSERT INTO public.pop_stamp (id, "timestamp", player_id, stage_id) VALUES (20240499, '2024-07-05 17:39:01.712458', 20240097, 20240005);
INSERT INTO public.pop_stamp (id, "timestamp", player_id, stage_id) VALUES (20240500, '2024-07-05 17:40:05.84766', 20240118, 20240006);
INSERT INTO public.pop_stamp (id, "timestamp", player_id, stage_id) VALUES (20240501, '2024-07-05 17:40:12.574811', 20240107, 20240006);
INSERT INTO public.pop_stamp (id, "timestamp", player_id, stage_id) VALUES (20240502, '2024-07-05 17:43:12.512568', 20240080, 20240006);
INSERT INTO public.pop_stamp (id, "timestamp", player_id, stage_id) VALUES (20240503, '2024-07-05 17:44:14.145998', 20240034, 20240006);
INSERT INTO public.pop_stamp (id, "timestamp", player_id, stage_id) VALUES (20240504, '2024-07-05 17:44:22.627602', 20240143, 20240004);
INSERT INTO public.pop_stamp (id, "timestamp", player_id, stage_id) VALUES (20240505, '2024-07-05 17:44:49.198164', 20240141, 20240004);
INSERT INTO public.pop_stamp (id, "timestamp", player_id, stage_id) VALUES (20240506, '2024-07-05 17:45:33.856608', 20240144, 20240005);
INSERT INTO public.pop_stamp (id, "timestamp", player_id, stage_id) VALUES (20240507, '2024-07-05 17:45:44.570701', 20240146, 20240005);
INSERT INTO public.pop_stamp (id, "timestamp", player_id, stage_id) VALUES (20240508, '2024-07-05 17:45:57.613379', 20240147, 20240005);
INSERT INTO public.pop_stamp (id, "timestamp", player_id, stage_id) VALUES (20240509, '2024-07-05 17:46:00.688597', 20240150, 20240005);
INSERT INTO public.pop_stamp (id, "timestamp", player_id, stage_id) VALUES (20240510, '2024-07-05 17:46:08.511678', 20240152, 20240005);
INSERT INTO public.pop_stamp (id, "timestamp", player_id, stage_id) VALUES (20240511, '2024-07-05 17:46:25.706698', 20240153, 20240004);
INSERT INTO public.pop_stamp (id, "timestamp", player_id, stage_id) VALUES (20240512, '2024-07-05 17:46:35.992141', 20240149, 20240005);
INSERT INTO public.pop_stamp (id, "timestamp", player_id, stage_id) VALUES (20240513, '2024-07-05 17:48:38.960996', 20240133, 20240005);
INSERT INTO public.pop_stamp (id, "timestamp", player_id, stage_id) VALUES (20240514, '2024-07-05 17:49:43.456274', 20240129, 20240005);
INSERT INTO public.pop_stamp (id, "timestamp", player_id, stage_id) VALUES (20240515, '2024-07-05 17:49:49.690122', 20240075, 20240005);
INSERT INTO public.pop_stamp (id, "timestamp", player_id, stage_id) VALUES (20240516, '2024-07-05 17:51:28.282781', 1011, 20240005);
INSERT INTO public.pop_stamp (id, "timestamp", player_id, stage_id) VALUES (20240517, '2024-07-05 17:52:30.743129', 20240058, 20240005);
INSERT INTO public.pop_stamp (id, "timestamp", player_id, stage_id) VALUES (20240518, '2024-07-05 17:52:37.846295', 20240214, 20240005);
INSERT INTO public.pop_stamp (id, "timestamp", player_id, stage_id) VALUES (20240519, '2024-07-05 17:53:31.14552', 20240187, 20240005);
INSERT INTO public.pop_stamp (id, "timestamp", player_id, stage_id) VALUES (20240520, '2024-07-05 17:54:39.193927', 20240208, 20240005);
INSERT INTO public.pop_stamp (id, "timestamp", player_id, stage_id) VALUES (20240521, '2024-07-05 17:55:09.147509', 1192, 20240005);
INSERT INTO public.pop_stamp (id, "timestamp", player_id, stage_id) VALUES (20240522, '2024-07-05 17:55:19.905156', 20240211, 20240005);
INSERT INTO public.pop_stamp (id, "timestamp", player_id, stage_id) VALUES (20240523, '2024-07-05 17:55:51.91799', 20240213, 20240005);
INSERT INTO public.pop_stamp (id, "timestamp", player_id, stage_id) VALUES (20240524, '2024-07-05 17:56:04.845257', 20240028, 20240005);
INSERT INTO public.pop_stamp (id, "timestamp", player_id, stage_id) VALUES (20240525, '2024-07-05 17:56:32.503673', 20240029, 20240005);
INSERT INTO public.pop_stamp (id, "timestamp", player_id, stage_id) VALUES (20240526, '2024-07-05 17:57:39.610538', 20240136, 20240005);
INSERT INTO public.pop_stamp (id, "timestamp", player_id, stage_id) VALUES (20240527, '2024-07-05 17:58:31.152164', 20240055, 20240006);
INSERT INTO public.pop_stamp (id, "timestamp", player_id, stage_id) VALUES (20240528, '2024-07-05 17:58:39.361444', 20240054, 20240006);
INSERT INTO public.pop_stamp (id, "timestamp", player_id, stage_id) VALUES (20240529, '2024-07-05 17:58:56.274477', 1062, 20240006);
INSERT INTO public.pop_stamp (id, "timestamp", player_id, stage_id) VALUES (20240530, '2024-07-05 18:00:24.753299', 20240043, 20240006);
INSERT INTO public.pop_stamp (id, "timestamp", player_id, stage_id) VALUES (20240531, '2024-07-05 18:00:28.686475', 20240044, 20240006);
INSERT INTO public.pop_stamp (id, "timestamp", player_id, stage_id) VALUES (20240532, '2024-07-05 18:03:44.242735', 20240206, 20240005);
INSERT INTO public.pop_stamp (id, "timestamp", player_id, stage_id) VALUES (20240533, '2024-07-05 18:04:28.371964', 20240180, 20240006);
INSERT INTO public.pop_stamp (id, "timestamp", player_id, stage_id) VALUES (20240534, '2024-07-05 18:04:59.813503', 20240016, 20240006);
INSERT INTO public.pop_stamp (id, "timestamp", player_id, stage_id) VALUES (20240535, '2024-07-05 18:05:00.563511', 20240210, 20240005);
INSERT INTO public.pop_stamp (id, "timestamp", player_id, stage_id) VALUES (20240536, '2024-07-05 18:05:40.571027', 1120, 20240005);
INSERT INTO public.pop_stamp (id, "timestamp", player_id, stage_id) VALUES (20240537, '2024-07-05 18:05:47.59984', 20240185, 20240006);
INSERT INTO public.pop_stamp (id, "timestamp", player_id, stage_id) VALUES (20240538, '2024-07-05 18:05:48.532979', 1188, 20240005);
INSERT INTO public.pop_stamp (id, "timestamp", player_id, stage_id) VALUES (20240539, '2024-07-05 18:05:50.742254', 1067, 20240005);
INSERT INTO public.pop_stamp (id, "timestamp", player_id, stage_id) VALUES (20240540, '2024-07-05 18:08:28.729468', 20240087, 20240005);
INSERT INTO public.pop_stamp (id, "timestamp", player_id, stage_id) VALUES (20240541, '2024-07-05 18:08:34.660935', 20240083, 20240005);
INSERT INTO public.pop_stamp (id, "timestamp", player_id, stage_id) VALUES (20240542, '2024-07-05 18:12:25.772776', 20240095, 20240005);
INSERT INTO public.pop_stamp (id, "timestamp", player_id, stage_id) VALUES (20240543, '2024-07-05 18:13:04.216723', 20240186, 20240005);
INSERT INTO public.pop_stamp (id, "timestamp", player_id, stage_id) VALUES (20240544, '2024-07-05 18:14:02.841542', 20240081, 20240005);
INSERT INTO public.pop_stamp (id, "timestamp", player_id, stage_id) VALUES (20240545, '2024-07-05 18:18:12.519941', 20240187, 20240006);
INSERT INTO public.pop_stamp (id, "timestamp", player_id, stage_id) VALUES (20240546, '2024-07-05 18:18:57.393667', 1026, 20240006);
INSERT INTO public.pop_stamp (id, "timestamp", player_id, stage_id) VALUES (20240547, '2024-07-05 18:19:43.347705', 20240085, 20240006);
INSERT INTO public.pop_stamp (id, "timestamp", player_id, stage_id) VALUES (20240548, '2024-07-05 18:20:08.292086', 1050, 20240006);
INSERT INTO public.pop_stamp (id, "timestamp", player_id, stage_id) VALUES (20240549, '2024-07-05 18:20:51.160098', 20240014, 20240006);
INSERT INTO public.pop_stamp (id, "timestamp", player_id, stage_id) VALUES (20240550, '2024-07-05 18:23:33.430464', 20240093, 20240005);
INSERT INTO public.pop_stamp (id, "timestamp", player_id, stage_id) VALUES (20240551, '2024-07-05 18:24:18.457472', 20240208, 20240006);
INSERT INTO public.pop_stamp (id, "timestamp", player_id, stage_id) VALUES (20240552, '2024-07-05 18:24:29.251727', 20240213, 20240006);
INSERT INTO public.pop_stamp (id, "timestamp", player_id, stage_id) VALUES (20240553, '2024-07-05 18:24:39.257564', 20240211, 20240006);
INSERT INTO public.pop_stamp (id, "timestamp", player_id, stage_id) VALUES (20240554, '2024-07-05 18:24:40.08288', 20240214, 20240006);
INSERT INTO public.pop_stamp (id, "timestamp", player_id, stage_id) VALUES (20240555, '2024-07-05 18:25:07.705746', 20240045, 20240006);
INSERT INTO public.pop_stamp (id, "timestamp", player_id, stage_id) VALUES (20240556, '2024-07-05 18:26:11.203048', 20240171, 20240005);
INSERT INTO public.pop_stamp (id, "timestamp", player_id, stage_id) VALUES (20240557, '2024-07-05 18:26:13.140646', 20240006, 20240005);
INSERT INTO public.pop_stamp (id, "timestamp", player_id, stage_id) VALUES (20240558, '2024-07-05 18:26:15.536179', 20240028, 20240006);
INSERT INTO public.pop_stamp (id, "timestamp", player_id, stage_id) VALUES (20240559, '2024-07-05 18:26:23.542947', 20240029, 20240006);
INSERT INTO public.pop_stamp (id, "timestamp", player_id, stage_id) VALUES (20240560, '2024-07-05 18:26:31.129639', 20240181, 20240005);
INSERT INTO public.pop_stamp (id, "timestamp", player_id, stage_id) VALUES (20240561, '2024-07-05 18:26:47.633768', 20240182, 20240005);
INSERT INTO public.pop_stamp (id, "timestamp", player_id, stage_id) VALUES (20240562, '2024-07-05 18:27:19.174803', 1118, 20240006);
INSERT INTO public.pop_stamp (id, "timestamp", player_id, stage_id) VALUES (20240563, '2024-07-05 18:28:22.703703', 20240216, 20240005);
INSERT INTO public.pop_stamp (id, "timestamp", player_id, stage_id) VALUES (20240564, '2024-07-05 18:29:04.827626', 20240209, 20240005);
INSERT INTO public.pop_stamp (id, "timestamp", player_id, stage_id) VALUES (20240565, '2024-07-05 18:29:06.556928', 20240159, 20240005);
INSERT INTO public.pop_stamp (id, "timestamp", player_id, stage_id) VALUES (20240566, '2024-07-05 18:29:07.353277', 20240161, 20240005);
INSERT INTO public.pop_stamp (id, "timestamp", player_id, stage_id) VALUES (20240567, '2024-07-05 18:29:16.840581', 1108, 20240005);
INSERT INTO public.pop_stamp (id, "timestamp", player_id, stage_id) VALUES (20240568, '2024-07-05 18:34:26.001775', 20240149, 20240006);
INSERT INTO public.pop_stamp (id, "timestamp", player_id, stage_id) VALUES (20240569, '2024-07-05 18:34:37.250262', 20240146, 20240006);
INSERT INTO public.pop_stamp (id, "timestamp", player_id, stage_id) VALUES (20240570, '2024-07-05 18:34:49.565266', 20240152, 20240006);
INSERT INTO public.pop_stamp (id, "timestamp", player_id, stage_id) VALUES (20240571, '2024-07-05 18:34:53.035675', 20240144, 20240006);
INSERT INTO public.pop_stamp (id, "timestamp", player_id, stage_id) VALUES (20240572, '2024-07-05 18:34:58.186309', 20240147, 20240006);
INSERT INTO public.pop_stamp (id, "timestamp", player_id, stage_id) VALUES (20240573, '2024-07-05 18:35:02.777196', 20240150, 20240006);
INSERT INTO public.pop_stamp (id, "timestamp", player_id, stage_id) VALUES (20240574, '2024-07-05 18:37:56.860609', 20240225, 20240005);
INSERT INTO public.pop_stamp (id, "timestamp", player_id, stage_id) VALUES (20240575, '2024-07-05 18:38:52.584617', 20240207, 20240005);
INSERT INTO public.pop_stamp (id, "timestamp", player_id, stage_id) VALUES (20240576, '2024-07-05 18:39:27.535294', 20240129, 20240006);
INSERT INTO public.pop_stamp (id, "timestamp", player_id, stage_id) VALUES (20240577, '2024-07-05 18:39:29.148129', 20240194, 20240005);
INSERT INTO public.pop_stamp (id, "timestamp", player_id, stage_id) VALUES (20240578, '2024-07-05 18:39:42.869044', 20240200, 20240005);
INSERT INTO public.pop_stamp (id, "timestamp", player_id, stage_id) VALUES (20240579, '2024-07-05 18:39:48.728487', 20240197, 20240005);
INSERT INTO public.pop_stamp (id, "timestamp", player_id, stage_id) VALUES (20240580, '2024-07-05 18:42:43.121779', 20240030, 20240005);
INSERT INTO public.pop_stamp (id, "timestamp", player_id, stage_id) VALUES (20240581, '2024-07-05 18:42:57.625582', 20240165, 20240005);
INSERT INTO public.pop_stamp (id, "timestamp", player_id, stage_id) VALUES (20240582, '2024-07-05 18:42:59.297603', 20240168, 20240005);
INSERT INTO public.pop_stamp (id, "timestamp", player_id, stage_id) VALUES (20240583, '2024-07-05 18:43:04.315819', 20240172, 20240005);
INSERT INTO public.pop_stamp (id, "timestamp", player_id, stage_id) VALUES (20240584, '2024-07-05 18:44:30.614305', 20240202, 20240005);
INSERT INTO public.pop_stamp (id, "timestamp", player_id, stage_id) VALUES (20240585, '2024-07-05 18:44:56.21699', 1192, 20240006);
INSERT INTO public.pop_stamp (id, "timestamp", player_id, stage_id) VALUES (20240586, '2024-07-05 18:45:26.236657', 20240206, 20240006);
INSERT INTO public.pop_stamp (id, "timestamp", player_id, stage_id) VALUES (20240587, '2024-07-05 18:45:30.475154', 20240097, 20240006);
INSERT INTO public.pop_stamp (id, "timestamp", player_id, stage_id) VALUES (20240588, '2024-07-05 18:45:34.937137', 20240045, 20240004);
INSERT INTO public.pop_stamp (id, "timestamp", player_id, stage_id) VALUES (20240589, '2024-07-05 18:45:51.799094', 20240210, 20240006);
INSERT INTO public.pop_stamp (id, "timestamp", player_id, stage_id) VALUES (20240590, '2024-07-05 18:46:31.095493', 20240032, 20240005);
INSERT INTO public.pop_stamp (id, "timestamp", player_id, stage_id) VALUES (20240591, '2024-07-05 18:47:20.581888', 20240081, 20240006);
INSERT INTO public.pop_stamp (id, "timestamp", player_id, stage_id) VALUES (20240592, '2024-07-05 18:47:28.272024', 20240199, 20240005);
INSERT INTO public.pop_stamp (id, "timestamp", player_id, stage_id) VALUES (20240593, '2024-07-05 18:47:59.073218', 20240224, 20240005);
INSERT INTO public.pop_stamp (id, "timestamp", player_id, stage_id) VALUES (20240594, '2024-07-05 18:48:38.718727', 20240033, 20240005);
INSERT INTO public.pop_stamp (id, "timestamp", player_id, stage_id) VALUES (20240595, '2024-07-05 18:49:15.646688', 1028, 20240005);
INSERT INTO public.pop_stamp (id, "timestamp", player_id, stage_id) VALUES (20240596, '2024-07-05 18:49:15.692056', 20240135, 20240005);
INSERT INTO public.pop_stamp (id, "timestamp", player_id, stage_id) VALUES (20240597, '2024-07-05 18:49:19.262501', 20240035, 20240005);
INSERT INTO public.pop_stamp (id, "timestamp", player_id, stage_id) VALUES (20240598, '2024-07-05 18:50:11.061556', 20240137, 20240005);
INSERT INTO public.pop_stamp (id, "timestamp", player_id, stage_id) VALUES (20240599, '2024-07-05 18:51:41.976265', 20240133, 20240006);
INSERT INTO public.pop_stamp (id, "timestamp", player_id, stage_id) VALUES (20240600, '2024-07-05 18:52:03.709573', 1025, 20240005);
INSERT INTO public.pop_stamp (id, "timestamp", player_id, stage_id) VALUES (20240601, '2024-07-05 18:52:30.723098', 20240105, 20240005);
INSERT INTO public.pop_stamp (id, "timestamp", player_id, stage_id) VALUES (20240602, '2024-07-05 18:53:07.801929', 20240192, 20240005);
INSERT INTO public.pop_stamp (id, "timestamp", player_id, stage_id) VALUES (20240603, '2024-07-05 18:53:49.58034', 20240161, 20240006);
INSERT INTO public.pop_stamp (id, "timestamp", player_id, stage_id) VALUES (20240604, '2024-07-05 18:53:51.594352', 20240176, 20240005);
INSERT INTO public.pop_stamp (id, "timestamp", player_id, stage_id) VALUES (20240605, '2024-07-05 18:53:54.716957', 20240178, 20240005);
INSERT INTO public.pop_stamp (id, "timestamp", player_id, stage_id) VALUES (20240606, '2024-07-05 18:54:06.392159', 20240219, 20240005);
INSERT INTO public.pop_stamp (id, "timestamp", player_id, stage_id) VALUES (20240607, '2024-07-05 18:54:10.884533', 20240095, 20240006);
INSERT INTO public.pop_stamp (id, "timestamp", player_id, stage_id) VALUES (20240608, '2024-07-05 18:54:11.723618', 20240175, 20240005);
INSERT INTO public.pop_stamp (id, "timestamp", player_id, stage_id) VALUES (20240609, '2024-07-05 18:54:21.51005', 20240093, 20240006);
INSERT INTO public.pop_stamp (id, "timestamp", player_id, stage_id) VALUES (20240610, '2024-07-05 18:54:25.79024', 20240159, 20240006);
INSERT INTO public.pop_stamp (id, "timestamp", player_id, stage_id) VALUES (20240611, '2024-07-05 18:54:36.922119', 20240019, 20240006);
INSERT INTO public.pop_stamp (id, "timestamp", player_id, stage_id) VALUES (20240612, '2024-07-05 18:55:52.514304', 20240179, 20240005);
INSERT INTO public.pop_stamp (id, "timestamp", player_id, stage_id) VALUES (20240613, '2024-07-05 18:57:48.03827', 20240058, 20240006);
INSERT INTO public.pop_stamp (id, "timestamp", player_id, stage_id) VALUES (20240614, '2024-07-05 18:58:01.763089', 1011, 20240006);
INSERT INTO public.pop_stamp (id, "timestamp", player_id, stage_id) VALUES (20240615, '2024-07-05 18:58:54.957851', 1067, 20240006);
INSERT INTO public.pop_stamp (id, "timestamp", player_id, stage_id) VALUES (20240616, '2024-07-05 19:10:16.002023', 20240002, 20240005);
INSERT INTO public.pop_stamp (id, "timestamp", player_id, stage_id) VALUES (20240617, '2024-07-05 19:10:22.874813', 20240005, 20240005);
INSERT INTO public.pop_stamp (id, "timestamp", player_id, stage_id) VALUES (20240618, '2024-07-05 19:10:22.969958', 20240050, 20240005);
INSERT INTO public.pop_stamp (id, "timestamp", player_id, stage_id) VALUES (20240619, '2024-07-05 19:10:27.31305', 20240011, 20240005);
INSERT INTO public.pop_stamp (id, "timestamp", player_id, stage_id) VALUES (20240620, '2024-07-05 19:10:34.374939', 20240143, 20240005);
INSERT INTO public.pop_stamp (id, "timestamp", player_id, stage_id) VALUES (20240621, '2024-07-05 19:10:39.842689', 1120, 20240006);
INSERT INTO public.pop_stamp (id, "timestamp", player_id, stage_id) VALUES (20240622, '2024-07-05 19:10:53.276037', 20240031, 20240005);
INSERT INTO public.pop_stamp (id, "timestamp", player_id, stage_id) VALUES (20240623, '2024-07-05 19:10:54.571819', 1188, 20240006);
INSERT INTO public.pop_stamp (id, "timestamp", player_id, stage_id) VALUES (20240624, '2024-07-05 19:11:01.747876', 20240125, 20240005);
INSERT INTO public.pop_stamp (id, "timestamp", player_id, stage_id) VALUES (20240625, '2024-07-05 19:11:26.134334', 20240141, 20240005);
INSERT INTO public.pop_stamp (id, "timestamp", player_id, stage_id) VALUES (20240629, '2024-07-05 19:11:55.637552', 1106, 20240005);
INSERT INTO public.pop_stamp (id, "timestamp", player_id, stage_id) VALUES (20240630, '2024-07-05 19:12:10.426857', 20240116, 20240005);
INSERT INTO public.pop_stamp (id, "timestamp", player_id, stage_id) VALUES (20240632, '2024-07-05 19:12:28.293908', 20240131, 20240005);
INSERT INTO public.pop_stamp (id, "timestamp", player_id, stage_id) VALUES (20240636, '2024-07-05 19:14:13.331567', 20240087, 20240006);
INSERT INTO public.pop_stamp (id, "timestamp", player_id, stage_id) VALUES (20240637, '2024-07-05 19:14:33.530017', 20240195, 20240005);
INSERT INTO public.pop_stamp (id, "timestamp", player_id, stage_id) VALUES (20240639, '2024-07-05 19:30:04.263191', 1025, 20240006);
INSERT INTO public.pop_stamp (id, "timestamp", player_id, stage_id) VALUES (20240626, '2024-07-05 19:11:40.312451', 20240056, 20240005);
INSERT INTO public.pop_stamp (id, "timestamp", player_id, stage_id) VALUES (20240627, '2024-07-05 19:11:49.619174', 20240181, 20240006);
INSERT INTO public.pop_stamp (id, "timestamp", player_id, stage_id) VALUES (20240628, '2024-07-05 19:11:53.16306', 20240052, 20240005);
INSERT INTO public.pop_stamp (id, "timestamp", player_id, stage_id) VALUES (20240631, '2024-07-05 19:12:14.75754', 20240108, 20240005);
INSERT INTO public.pop_stamp (id, "timestamp", player_id, stage_id) VALUES (20240633, '2024-07-05 19:12:29.757169', 1105, 20240005);
INSERT INTO public.pop_stamp (id, "timestamp", player_id, stage_id) VALUES (20240634, '2024-07-05 19:12:56.758083', 20240221, 20240005);
INSERT INTO public.pop_stamp (id, "timestamp", player_id, stage_id) VALUES (20240635, '2024-07-05 19:13:16.134772', 20240220, 20240005);
INSERT INTO public.pop_stamp (id, "timestamp", player_id, stage_id) VALUES (20240638, '2024-07-05 19:14:53.855737', 20240222, 20240005);
INSERT INTO public.pop_stamp (id, "timestamp", player_id, stage_id) VALUES (20240640, '2024-07-05 19:30:20.849851', 20240002, 20240006);
INSERT INTO public.pop_stamp (id, "timestamp", player_id, stage_id) VALUES (20240641, '2024-07-05 19:30:20.87218', 20240050, 20240006);
INSERT INTO public.pop_stamp (id, "timestamp", player_id, stage_id) VALUES (20240642, '2024-07-05 19:30:21.91186', 20240006, 20240006);
INSERT INTO public.pop_stamp (id, "timestamp", player_id, stage_id) VALUES (20240643, '2024-07-05 19:30:25.989321', 1028, 20240006);
INSERT INTO public.pop_stamp (id, "timestamp", player_id, stage_id) VALUES (20240644, '2024-07-05 19:30:28.635963', 20240005, 20240006);
INSERT INTO public.pop_stamp (id, "timestamp", player_id, stage_id) VALUES (20240645, '2024-07-05 19:30:29.357643', 20240011, 20240006);
INSERT INTO public.pop_stamp (id, "timestamp", player_id, stage_id) VALUES (20240646, '2024-07-05 19:30:35.95081', 1105, 20240006);
INSERT INTO public.pop_stamp (id, "timestamp", player_id, stage_id) VALUES (20240647, '2024-07-05 19:30:43.058623', 1106, 20240006);
INSERT INTO public.pop_stamp (id, "timestamp", player_id, stage_id) VALUES (20240648, '2024-07-05 19:31:00.727091', 20240182, 20240006);
INSERT INTO public.pop_stamp (id, "timestamp", player_id, stage_id) VALUES (20240649, '2024-07-05 19:31:04.140016', 20240225, 20240006);
INSERT INTO public.pop_stamp (id, "timestamp", player_id, stage_id) VALUES (20240650, '2024-07-05 19:31:10.42957', 20240171, 20240006);
INSERT INTO public.pop_stamp (id, "timestamp", player_id, stage_id) VALUES (20240651, '2024-07-05 19:31:10.874429', 20240122, 20240006);
INSERT INTO public.pop_stamp (id, "timestamp", player_id, stage_id) VALUES (20240652, '2024-07-05 19:31:27.94206', 20240115, 20240006);
INSERT INTO public.pop_stamp (id, "timestamp", player_id, stage_id) VALUES (20240653, '2024-07-05 19:31:50.347902', 20240209, 20240006);


--
-- TOC entry 4397 (class 0 OID 2343259)
-- Dependencies: 234
-- Data for Name: pop_user; Type: TABLE DATA; Schema: public; Owner: yvfqbqqqabpzca
--

INSERT INTO public.pop_user (id, password, username) VALUES (1, '$2a$12$gzQQy9oVY1v20qWzIcfWP.fp0FSWOV01c7tM5gfdwR9v8c6QoAyEW', 'admin');
INSERT INTO public.pop_user (id, password, username) VALUES (20240002, '$2a$10$pdrdc/CEyEUXN5B7jBM8qe/J/6f5W43UJLfmZw3TJqkUtqjuYtdym', 'Michaela Matulov치');
INSERT INTO public.pop_user (id, password, username) VALUES (1001, '$2a$10$9fOPGgITlvz55r1E2XappeW9afFJ.c6KL3VXjkFdRn54zmYZ2/RNm', 'Pavel');
INSERT INTO public.pop_user (id, password, username) VALUES (1003, '$2a$10$qMEss1/Fk7bo9isV0IKP1eZKvi1ys.dF0lb.9CxahhxFPnODPYVcS', 'Johana');
INSERT INTO public.pop_user (id, password, username) VALUES (1004, '$2a$10$EN0KH1HRmqFeEU0av3k6O.i5V44H8AoXygqjgZK4bFCj30BkssMZa', 'Sepletinho');
INSERT INTO public.pop_user (id, password, username) VALUES (1010, '$2a$10$hz1IeuVGRtmWMQRD/Tq7pejfArauliNz6G/bs5Rl8DUuSyV6t/BW.', 'David');
INSERT INTO public.pop_user (id, password, username) VALUES (1011, '$2a$10$gZrtK3P1qTlEiDN.NfLBeuhShgrNZF29lI7DYSaoDvpwtnJHAy9fK', 'Petr Dan캩k');
INSERT INTO public.pop_user (id, password, username) VALUES (1012, '$2a$10$Afy2cyEGMqJtz1tpHNm1HO4tfG9ZPLx1/NwIKPtFbpq6Ye4JFmL6i', 'Petra');
INSERT INTO public.pop_user (id, password, username) VALUES (1013, '$2a$10$bJB6URhr.STeqGMhv0SU5eS7Tp8XSku6.COndo/AjgMDezTJdMisO', 'Petra Novotn치');
INSERT INTO public.pop_user (id, password, username) VALUES (1014, '$2a$10$imCINWii5VDUW9LVZr2..euWp6GmkyrBz016PgrKOg64SehnN4.Oy', '코t캩p치nka n캩me캜kov치');
INSERT INTO public.pop_user (id, password, username) VALUES (1015, '$2a$10$.sCLhQYjTHwBJjQAysnaEeLZ2cMrdghgfOCY2lDcuJ36RAcK/LD96', 'pavel n캩me캜ek');
INSERT INTO public.pop_user (id, password, username) VALUES (1016, '$2a$10$8HxYikhkj2OXV2lCUC6hRuULpPz.LaEGZ/r2vPc2kGJtP5ZHYch/y', 'Chanok');
INSERT INTO public.pop_user (id, password, username) VALUES (1017, '$2a$10$db8un0ApO20R01YvWeZCWuxu4Fgb48.mrtrTc6/nOX0ZTWtmhT3pa', 'Pe콘ul칤ne캜ka');
INSERT INTO public.pop_user (id, password, username) VALUES (1018, '$2a$10$Tk4z6ej7sR6wCBXCBG6gKuZ5c5e7kBtwZtXKPidOr7gd.Lwx1cZXi', 'Ludmila Ju콏icov치');
INSERT INTO public.pop_user (id, password, username) VALUES (1019, '$2a$10$.TFL9eSrRshNIfsWRx8FuumbSIxGmT1G1d1np59F66C32KGDkxA3e', 'Radek 맛lak');
INSERT INTO public.pop_user (id, password, username) VALUES (1020, '$2a$10$aIl31Tb7PTXIijwU7BiDY.fFxT88CANvW3YS.pTSPALd152GaYmnC', 'Kate콏ina Valch치콏ov치');
INSERT INTO public.pop_user (id, password, username) VALUES (1021, '$2a$10$6C7jMJ/tF9JKuPToouROkOHvxjxKHvF4A0Sec2gbzduNeppUhhuNu', 'Radim Mikul치코t칤k');
INSERT INTO public.pop_user (id, password, username) VALUES (1022, '$2a$10$zuvPeZ.rymEbQ5d42FV5/eFtIRSiN.WD1LyR8JaBkgrAIPZjvNrIa', 'Daniel');
INSERT INTO public.pop_user (id, password, username) VALUES (1023, '$2a$10$oHR1SxPOvNJ9LIvKkCHCM.y96jPiS7RLW9IwWig/KD0c88u9h8UD.', 'Ond콏ej');
INSERT INTO public.pop_user (id, password, username) VALUES (1024, '$2a$10$Wqj.gHfJPZcsdV2Jr6J8kelBBAzQaw1S9UbvQLiv1ciHhcrdh1ovG', 'Tereza Martincov치');
INSERT INTO public.pop_user (id, password, username) VALUES (1025, '$2a$10$M0EO7bu679P3BUL2etCnK.wAWXd2mXcI62po0UQCl1fAjizNlKp/2', 'Matej');
INSERT INTO public.pop_user (id, password, username) VALUES (1026, '$2a$10$ovPDi6fPp83n9xb/ain81u53UyZCUwcKVhQB.8vWUeNUl5wSPiDrS', 'Daniel 만fr');
INSERT INTO public.pop_user (id, password, username) VALUES (1027, '$2a$10$ze19Ria4FSGYdaPFDkybpu.Tm8DxtS6ewkPoDZQkt2nn3DVb6tY/C', 'Du코an Ko코eck칳');
INSERT INTO public.pop_user (id, password, username) VALUES (1028, '$2a$10$OKppb7T7oxEn0ec4wh3VxO6Awu4xTKKgUMol75lv7mFbh91XA0ZtK', 'Tom치코');
INSERT INTO public.pop_user (id, password, username) VALUES (1029, '$2a$10$Gg8GSOkEi1JXdDhOv/.M7eoUqDgTbYj9g3h4.WIIr.xLOvLVkEK2S', 'Kocur');
INSERT INTO public.pop_user (id, password, username) VALUES (1030, '$2a$10$YS/c.MNwPnKEYyHrUwEIfOzUTTxNjpiD3loAne3o4qcIMds.oGaXm', 'Petr Rapant');
INSERT INTO public.pop_user (id, password, username) VALUES (1031, '$2a$10$46tjm8xpp.l345ERvKI5dug/V2u4TdkptxVPeROrQm5LGc2zYdymW', 'Jaroslav 콯칤dek');
INSERT INTO public.pop_user (id, password, username) VALUES (1032, '$2a$10$JvmZCK.5g10SX/n0Urfa8unh1mdryauzgweiWB0BEMKh.DTt.GWO.', 'Kate콏ina Trnov치');
INSERT INTO public.pop_user (id, password, username) VALUES (1033, '$2a$10$B.GZSmjZcZ9cUVUExTX/gudwZxqpjlWuwVFSKcs0HKPnvzYvCBnau', 'tom blazek');
INSERT INTO public.pop_user (id, password, username) VALUES (1034, '$2a$10$.FV4.bkp0eAub4xLvNAq6uuDVaG1FP0QIPd2raqXJeSUAgJKug9Y.', 'zuzana tajzlerova');
INSERT INTO public.pop_user (id, password, username) VALUES (1035, '$2a$10$MUEgQ6gVB4yVT8dwsml1rubdNb3q4lzca97u2qi1TOpi7W9xhuB1S', 'zdenek vychope켿');
INSERT INTO public.pop_user (id, password, username) VALUES (1036, '$2a$10$HIA7K2U38E1NsfcZyrqtwuAQyKC2sZRzVXc5RMWWvXUVEIQNe3c0y', 'Jenifer');
INSERT INTO public.pop_user (id, password, username) VALUES (1037, '$2a$10$bun.IPJc.4clWUKxPavUseFNP8N/dl6ypVxLq5oxk22EBzVDzIU1a', 'Marie S치dl칤kov치');
INSERT INTO public.pop_user (id, password, username) VALUES (1038, '$2a$10$JBL9wgXIzqa8rHqgOl0juOLcrJh1HJ/9bnCB0dSWbNCQ7cBN12kz2', 'Loll칤nek');
INSERT INTO public.pop_user (id, password, username) VALUES (1039, '$2a$10$Af.iEeTgLJTl.mQVw8L70.8HIz3PWNtgECDPinWW/q59s.vdqV0X2', 'Hanicka');
INSERT INTO public.pop_user (id, password, username) VALUES (1040, '$2a$10$NfwxCEyWgMi58MOh19R4dOejUFbAoIyPd1mld44ET7Gk6.0ghQjqK', 'Kate콏ina Tilscherov치');
INSERT INTO public.pop_user (id, password, username) VALUES (1041, '$2a$10$J6ILKqDkLhTy4RRI0YRGFOh64qEW1VkmmDRrOypqivx3gQjgGaqtW', 'Maty치코 Bla쬰k');
INSERT INTO public.pop_user (id, password, username) VALUES (1042, '$2a$10$s3HnWsy6tdE5r/EqcsfdXukhvcK0pdooNe6HiLrtUOlD3JwwtP8I.', 'Richard Filak');
INSERT INTO public.pop_user (id, password, username) VALUES (1043, '$2a$10$Rxe7mrUW7HavPLHyP02An.8tsnw0AxzKq94M72MkU6b.Eroy/Y6WK', 'Ad칠la Morvayov치');
INSERT INTO public.pop_user (id, password, username) VALUES (1044, '$2a$10$XUWWa.S83BEW8SzjhI8yc.zHc9bU2XQShMio2D8r2OUN0W0FTWO36', 'Lidkadob');
INSERT INTO public.pop_user (id, password, username) VALUES (1045, '$2a$10$RPVH6UdL1dNEaWbyDJ7YE.m.G00RFLsM6C6RCf8RYhyH4/kIcZTcC', 'Jind콏ich');
INSERT INTO public.pop_user (id, password, username) VALUES (1046, '$2a$10$HSwcsWPfRI.T8Q6i6yFWkumy1xxJ6G96sxvjdSKVXlnhlLmScqza6', 'Petr Kr치l');
INSERT INTO public.pop_user (id, password, username) VALUES (1047, '$2a$10$0KPhbgEon0uL8.BnDmPfZOkz4FnSTqvE7xNknFmYxz7WnMt6t5B5G', 'Petr Je콏치bek');
INSERT INTO public.pop_user (id, password, username) VALUES (1048, '$2a$10$96BeyiC7Ysvi1j4pWISYB.rAUvIxQzs1fsV.4V4n1p67HPs0MA6l.', 'atomsova');
INSERT INTO public.pop_user (id, password, username) VALUES (1049, '$2a$10$2qRfqC0dq4ALJwYatHyr4eTAYSVV62PfbEVql7By0JpNG8wlPBScG', 'Ji콏칤');
INSERT INTO public.pop_user (id, password, username) VALUES (1050, '$2a$10$gctFLk.ywuuTChiX2jAemOuPN/5AhUcF.qH3mXcvDmsVIOp/I/bDy', 'Jord');
INSERT INTO public.pop_user (id, password, username) VALUES (1051, '$2a$10$nGHxUIsIQihTlBsBPf1gouYbRq/uYTT/x816yH3yE7JpZbeW45/Ne', 'Kate콏ina Miku코ov치');
INSERT INTO public.pop_user (id, password, username) VALUES (1052, '$2a$10$zaOn7Hdmm3rTIsCLkqKsT.YkLngykjUZdGGA4P4OPcblW3sNxrorK', 'Team_Arnie');
INSERT INTO public.pop_user (id, password, username) VALUES (1053, '$2a$10$Su34NeZtxNV7./F/NaMSWui0FEinJgm89EecPugnRDx0tPtrUSdWq', 'Tom치코 Valigura');
INSERT INTO public.pop_user (id, password, username) VALUES (1054, '$2a$10$8DEyiw1zSfjblmKPiDpizuz8D.kNUW.yiSWzDQNyfALt1iBWvKwJm', 'Jan Sypt치k');
INSERT INTO public.pop_user (id, password, username) VALUES (1055, '$2a$10$NUW2z1TqK.2PSfu5Cu5BCO/qiTU2DLU9TwNKWCnJiQP778G3mpqFy', 'Eva Mikulenkov치');
INSERT INTO public.pop_user (id, password, username) VALUES (1056, '$2a$10$UgjN2Wt13jirGiZnswPpxuvUyuc4XdZrq8ZhNkJVQ9cM2WW7qxjnS', 'Daniel 2000');
INSERT INTO public.pop_user (id, password, username) VALUES (1057, '$2a$10$0hcdeI0CGzVAyvr0E57L9us.cR5mtkKmAbe6i/SfztwtUaeL.QiTO', 'lukas krahulik');
INSERT INTO public.pop_user (id, password, username) VALUES (1058, '$2a$10$EDfNbw1s/lDF2OkB7fzwe.T7Pa5fitpV7ocACvbG9lKpS0KmvB5NO', 'Petr Kun캜ar');
INSERT INTO public.pop_user (id, password, username) VALUES (1059, '$2a$10$fTlta4n8jDzEKiLbD.WQQ.x1Cys3XO7EWqEVxftgweb6Ttyb3T5mC', 'Kub치t');
INSERT INTO public.pop_user (id, password, username) VALUES (1060, '$2a$10$GKXlpA2du2mTuAIQkwi9f.BxiSVHa1Qv0bIyV5h478vNN74IeLjGC', 'Radek S치dl칤k');
INSERT INTO public.pop_user (id, password, username) VALUES (1061, '$2a$10$uZOw6b8UFzW4XPmdTgHAuOK.Itk6ttPKADB2B3/EPTLADawzpoeLe', 'Vlastimil Volek');
INSERT INTO public.pop_user (id, password, username) VALUES (1062, '$2a$10$xJs.JTDJ0itVjqh6GPAZk.xrBd7.nj7Yj2VMBOegLUmHIZ3SaVnZu', 'Ji콏칤 Keszegh');
INSERT INTO public.pop_user (id, password, username) VALUES (1063, '$2a$10$Izv.EPsembgHCXSSNbdGQeSewCSxzp7zovKb290rtMwT8cp43dvTO', 'Jind콏i코ka Sk칳vov치');
INSERT INTO public.pop_user (id, password, username) VALUES (1064, '$2a$10$sCLOrkmjB6ZQsPP/Lq0ZruQUAOhovgBK0bjY6e00P2UGPcO5c7aGi', 'Zuzana Huskova');
INSERT INTO public.pop_user (id, password, username) VALUES (1065, '$2a$10$Ln/JP20G7e5deQ1hg.YVH.K0OjZCnCc5O3DLDrgmw2.uSgqHpTjMu', 'Tkadlecov치 Hana');
INSERT INTO public.pop_user (id, password, username) VALUES (1066, '$2a$10$xNfJ4qGI0zztvz.IziKigu/7AruLH2sclPwB7sFgHOasCbHXJ1tq2', 'Josef V치clav칤k');
INSERT INTO public.pop_user (id, password, username) VALUES (1067, '$2a$10$nuB6ADXi3Q77bgfd1Sd54.0dC60J2/8.SyksCmIaMrpdIJIHsf832', 'Krisrina Da켿kov치');
INSERT INTO public.pop_user (id, password, username) VALUES (1068, '$2a$10$fLlPgtzk7I.0ON12kC5uXea7HxaHmKIcqOTBYVXJmtMaqEKiIR6H2', 'cibi');
INSERT INTO public.pop_user (id, password, username) VALUES (1069, '$2a$10$Hyw1t3TvQv6F0oQvopylV.bJz1wF1/FSHrL3RfYt6YPxSVeJiFnle', 'Marek H치na');
INSERT INTO public.pop_user (id, password, username) VALUES (1070, '$2a$10$tG0xgkSoF8lyx.ZvTOi4q.zJkoB2gBsWLwReI0yiBCDVaO8NdTEP6', 'Josef');
INSERT INTO public.pop_user (id, password, username) VALUES (1071, '$2a$10$AJjSh3Vr05Ggzb2aPmgOOOCOizZDyzVY3iQ3ZUxiODocsYJn0rnRS', 'Vagant');
INSERT INTO public.pop_user (id, password, username) VALUES (1072, '$2a$10$yDwqDGE7D7BpY2h6YdtjH.etEgjZxflP85dEbaUTGQIQUliVkVZzS', 'Ondra Vychope켿');
INSERT INTO public.pop_user (id, password, username) VALUES (1073, '$2a$10$j8dyFgkp6mI/piNCm80sj.9uWWHzJrAmcX7JQmLL3VddcurRPYhvq', 'Luk치코 Drga');
INSERT INTO public.pop_user (id, password, username) VALUES (1074, '$2a$10$9DZmYVcSoxRxcMx30SM6V.BwP9XiLvayP55bvOaFBI9j0Gz5ny91G', 'Simona Da켿kov치');
INSERT INTO public.pop_user (id, password, username) VALUES (1075, '$2a$10$H2snDB.R/aUjavQg9Qlvi.0aWcsj8hSNG7demcdh2q5jrGX6Tnjlu', 'Vlastimil Baletka');
INSERT INTO public.pop_user (id, password, username) VALUES (1076, '$2a$10$Q/UNmHYPdwjpwN0tzeZr3uSITs3/1.xoR8MmLGRE17yLmwGU44K7G', 'Terka Mikulenkov치');
INSERT INTO public.pop_user (id, password, username) VALUES (1077, '$2a$10$6Vh6stDcZY2081BK6Awtzu0GfHBiIlx3nZeSHFyB0RVpUo5GpndR6', 'Jana Hofmanov치');
INSERT INTO public.pop_user (id, password, username) VALUES (1078, '$2a$10$F/VOfLnX8twxuosBPl.1GOklQAggd92tJaPDR6ULlMKCPqIH161Mq', 'Vavru코 Martin');
INSERT INTO public.pop_user (id, password, username) VALUES (1079, '$2a$10$InRMK.VnYOUsbjg0VJD4JeaiEwe1vkhhETKjGn22.v2LiIi7kQJj2', 'Radim Dan캜치k');
INSERT INTO public.pop_user (id, password, username) VALUES (1080, '$2a$10$U27WPPzMT4ZNglvbhLWMB.UEjj.KcADIundhpVN3qAzob92ooqpS.', '');
INSERT INTO public.pop_user (id, password, username) VALUES (1081, '$2a$10$29vm8GberAn.0.NeYHm58eeOdUID/26N.BTrZagVGNwZl0tUYtEEO', 'Pavla');
INSERT INTO public.pop_user (id, password, username) VALUES (1082, '$2a$10$ZCRSb0b3KfKVUOyF.fSEM.NYxpllH06CavsmAiIR8Hj/u7x.wiNNy', 'Pavel Pol치ch');
INSERT INTO public.pop_user (id, password, username) VALUES (1083, '$2a$10$Fd/kUq1mP3ICiU5ZUBexKuH1Ljn18ueVgza.8fZnOlefK9IVU6qlO', 'Pepe');
INSERT INTO public.pop_user (id, password, username) VALUES (1084, '$2a$10$H74xTUueScxAV4mPq6iN/u.nBth7y3PKoD6Uf3g19mZkzbMGpjWO.', 'Lidu코ka Pt치캜kov치');
INSERT INTO public.pop_user (id, password, username) VALUES (1085, '$2a$10$L02BLT5IB8GVjZ5EU7tGv.7AxMKPJJINP80.LrLbQZ.XPNf/L/8LG', 'Zuzana Srbov치');
INSERT INTO public.pop_user (id, password, username) VALUES (1086, '$2a$10$sX3rPLEwGyAXWjAM5/eXkeJUAs5vgsZioMtP0xQPauSyaPmhD/yyC', 'Josef Pepe Pt먟껸k');
INSERT INTO public.pop_user (id, password, username) VALUES (1087, '$2a$10$K8zwqRhbY2zXQfWIh9572uVI2y1jR/fJQ3MV4REion7tNRSAp2lx2', 'Ji콏ina');
INSERT INTO public.pop_user (id, password, username) VALUES (1088, '$2a$10$g.vdLupQhrH58.eaTbWHPOcFZ460NOp.k.jx5ADKpOkYJs2K5p49q', 'Daniel Pastorek');
INSERT INTO public.pop_user (id, password, username) VALUES (1089, '$2a$10$kelUhiOVrMMr9Go/MtWs3OmKn3TycABw57dfjURUWeB7hIJJ3WlXa', 'Monika Kindlov치');
INSERT INTO public.pop_user (id, password, username) VALUES (1090, '$2a$10$976o/eSvs/bNJq6BGj5ZlesmqLODuoNhgKUw2RByc9Q1re1VqzPP6', 'Mon캜a Kindlov치');
INSERT INTO public.pop_user (id, password, username) VALUES (1091, '$2a$10$.j3X6UCbVcpPYQszUCjvuuDwR4cUMcaI.c9xfIMtkBtxGd5kImZ9y', 'Gimli');
INSERT INTO public.pop_user (id, password, username) VALUES (1092, '$2a$10$hiD.xYxHLCHBCkWj4XWl0erJvLRNedGm3m3j5.d2ZCdTaUJ8aSSrS', 'Martin 맚ach');
INSERT INTO public.pop_user (id, password, username) VALUES (1093, '$2a$10$lwrpsnCI9oxJxXeNtsSlQe5UNIrLRfawc.B2jNVCQAgJZeulh4L6K', 'Marek');
INSERT INTO public.pop_user (id, password, username) VALUES (1094, '$2a$10$AK/qxMZ/wso1yanPai/wF.PKCcjs/qnITn6dGfbcjvO30y6FgtD8W', 'Ka캜a');
INSERT INTO public.pop_user (id, password, username) VALUES (1095, '$2a$10$td2VrzJQMCz8Hd9qtynJiuywHtAEKR7SA9MlzjWOFccX.JsdnsglK', 'Jeny');
INSERT INTO public.pop_user (id, password, username) VALUES (1096, '$2a$10$d6xgQHyEKjm7fdu1jUfdAOwx01EuI.R7GbbO62L/YRdSrorPpDK76', 'Daniel Tome캜ek');
INSERT INTO public.pop_user (id, password, username) VALUES (1097, '$2a$10$DUvmJydtqqS/2jlMqlSaouT1zOJLxwkaALU/2bzWSv/jAaIWqMmQG', 'marie vankova');
INSERT INTO public.pop_user (id, password, username) VALUES (1098, '$2a$10$8a1Asui4saSfEnzOIN4gAOygNGxZmS76/ylK0sbb4JMjPnRqcT3uG', 'Terezie Va켿kov치');
INSERT INTO public.pop_user (id, password, username) VALUES (1099, '$2a$10$X.5krKiD7iz9qK6cEAv.4..8OmBcfuGWeyuNmrsLzOFZn6k0jYI2i', 'marie va켿kov치');
INSERT INTO public.pop_user (id, password, username) VALUES (1100, '$2a$10$GTEHv.F4QaUC5uk5sYoCCuP2XLPQPHNQRjAAZtO45A6kdlYml5khG', 'Hana');
INSERT INTO public.pop_user (id, password, username) VALUES (1101, '$2a$10$iZaHLJMckEX8F5/U82xT9uvdJrOe0SJ5RtpuBADzXKJjnBj23TcWa', 'Dana');
INSERT INTO public.pop_user (id, password, username) VALUES (1102, '$2a$10$n5C0CSKUuxqJIrAto5FXpOm1eaMQvMPls/LuGrApb0flno30AVmgO', 'Michaela Kal치캜ov치');
INSERT INTO public.pop_user (id, password, username) VALUES (1103, '$2a$10$Bf6Y08WXIxnQ0kKOuqxDQ.bIhhP88XB6teNNB9cQFBNMUni0fUQty', 'Ond콏ej Zm캩l칤k');
INSERT INTO public.pop_user (id, password, username) VALUES (1104, '$2a$10$hhpktJ5nczYly89T1R3ZWefXEnDLaYN8skLMH/KuIEDg/bfIMZPDi', 'stanislqv Filgas');
INSERT INTO public.pop_user (id, password, username) VALUES (1105, '$2a$10$hS3DN0afOHWbMC9/iIxW0./GrpUiEQNbIACA/ed/zrrq0K1sQs9DG', 'Jind콏ich Bajger');
INSERT INTO public.pop_user (id, password, username) VALUES (1106, '$2a$10$3k8I7gTiVC5givWIXwxlHeGY4wyJRg29hK9UI52./xYt6uIPuWE.S', 'Jaroslav Bajger');
INSERT INTO public.pop_user (id, password, username) VALUES (1107, '$2a$10$BDqdNxtjrMUfRRpQvHirKeic0MUEmgzXXGnlzVhb/eOA33pLlK8Ly', 'Ivana Drgov치');
INSERT INTO public.pop_user (id, password, username) VALUES (1108, '$2a$10$fxCFLtUjstZISdDCCsftD.TOoNs75hL3czOE9uW6MYESYRuoMX.mm', 'Stanislav Filgas');
INSERT INTO public.pop_user (id, password, username) VALUES (1109, '$2a$10$aIq0kdQccbqnpL8EZFZHM..Rbe141.ZySg75TCJxziroCi7XMyVNq', 'Franti코ek Brlica');
INSERT INTO public.pop_user (id, password, username) VALUES (1110, '$2a$10$kW5TgdamjrlDGDvWvuhw0.5qKXPnxQX9jOffR8n3uoJBWH/zfVVSq', 'Martina Novosadov치');
INSERT INTO public.pop_user (id, password, username) VALUES (1111, '$2a$10$z2G0/ekzyL9B4uI77WBUiO7j0xk4zwJX7p0feK/V7jF0u3FMY6vtK', 'Radim Ol코치k');
INSERT INTO public.pop_user (id, password, username) VALUES (1112, '$2a$10$xujZv8elWQC8bAfwf3PZee2.FzWMlCnKNqYtGeUq36OnsdO91Q3ve', 'Jan Hrt치켿');
INSERT INTO public.pop_user (id, password, username) VALUES (1113, '$2a$10$Lgg8Kcvgfxm85NhPJ6BCvO65Tkk/mZEprV4fGsC1KWImbxMx2cMAC', 'pavel');
INSERT INTO public.pop_user (id, password, username) VALUES (1114, '$2a$10$68XiZCVZjnOn0gfR66XdEekpwMGcBJeGBH5fRjXM9dQoSjGLoQZB2', 'Martina Pruknerov치');
INSERT INTO public.pop_user (id, password, username) VALUES (1115, '$2a$10$lhGqejO8SBI1CkxGidsPB.Y2A7DMAoAEEgRCQCXdrAAImcBj1l6SS', 'Daniel Kub치캜ek');
INSERT INTO public.pop_user (id, password, username) VALUES (1116, '$2a$10$az47l68gJBr9UWza6DsRo.bHZb66CEaI8xAoYVOTjn3LT.l65.Z56', 'Tom치코 Zubek');
INSERT INTO public.pop_user (id, password, username) VALUES (1117, '$2a$10$FrxmhXIAlfJ19MKZ9pPVTuCMfKqDZP2dl962L7ZUYNaFxwafPozPO', 'Karel Nemme캜ek');
INSERT INTO public.pop_user (id, password, username) VALUES (1118, '$2a$10$v0q0Wb4dRAXDcx6r11dlr.IVrKQ06rxBs75BDvQMFnsjqMmLuVkZW', 'Fru fru');
INSERT INTO public.pop_user (id, password, username) VALUES (1119, '$2a$10$DrGM.TuY0pgnB0q/25Y.V.ywl6ElJwwOLY98PONy3w1j2DmhtNAgm', 'magda');
INSERT INTO public.pop_user (id, password, username) VALUES (1120, '$2a$10$x0FvP1xG7wEJqLJaV8kd8ObFmEvjovsrULtudDegUE2umBFdiJq.i', 'Zbyn캩k Srba');
INSERT INTO public.pop_user (id, password, username) VALUES (1121, '$2a$10$P9KlYlKIAfqNlq9M7dppReN/6BRlevSuR.Yy7Voww9GUAZKoVdrIO', 'Zubr');
INSERT INTO public.pop_user (id, password, username) VALUES (1122, '$2a$10$9n/pORQqwXkQJRUcdwkooeFp84wnFtKV681wKhgnStIvG4C8BG2XG', 'David Kov치콏');
INSERT INTO public.pop_user (id, password, username) VALUES (1123, '$2a$10$qjRBvwym9IPXxrZlv0KMMu9L0EsOYGDBddiWneajiFEF.zKzXYvQG', 'oldrich komarek');
INSERT INTO public.pop_user (id, password, username) VALUES (1124, '$2a$10$ll3SXmrMhBMv2SnCLeKZmuaxlOL5lp5djUuH6LBIHdLc7eGEaVG3y', 'Karel N캩me캜ek');
INSERT INTO public.pop_user (id, password, username) VALUES (1125, '$2a$10$6MzfA53yx1JWMyG4Z/0U/.b/EGVGX5BtoG7hgGonalIXwkTatYU2e', 'Tz');
INSERT INTO public.pop_user (id, password, username) VALUES (1126, '$2a$10$XGKXDkc0565l32cjcLAD8e52nGdvOP9.MZi1CXbpjbrz0qtic6Bae', 'Pavel Jochec');
INSERT INTO public.pop_user (id, password, username) VALUES (1127, '$2a$10$nrrKpmGKe1XO7Yg8ydFOE.0oe8xMHVDVl1HaZ1ra0roslwM0S8o7a', 'Buficzek159');
INSERT INTO public.pop_user (id, password, username) VALUES (1128, '$2a$10$Cz30ivDQGkJUlRWJ/72sDOtMzJUMZ4IvKiZ4Vj0g0OEix448dl6r2', 'Zub');
INSERT INTO public.pop_user (id, password, username) VALUES (1129, '$2a$10$.wrA4CHFu1m9zDX/1UiU8.e/AHHw3N054h26rbetfkp2I0hsTux4O', 'Michaela Filakova');
INSERT INTO public.pop_user (id, password, username) VALUES (1130, '$2a$10$hbYkneGkpk1RYbFE5Zuas./Tl7mGsmBFqdHJ4Sm36yswjJ5.II5yG', 'Michal');
INSERT INTO public.pop_user (id, password, username) VALUES (1131, '$2a$10$wSrPwozJ71yn62nr3S1o.evj7KdDa1Jfmk23ACwBiivbuhg2F.0we', 'Veronika Hy쮂멺ov치');
INSERT INTO public.pop_user (id, password, username) VALUES (1132, '$2a$10$.o4hhCiOIkBwsZhMAgy8K.xgoXPfOy2wK/dNdY8B6c8gW5MEur28y', 'Ad칠la N치코elov치');
INSERT INTO public.pop_user (id, password, username) VALUES (1133, '$2a$10$gbblmedSTHRWDj1rSThP5u28cJCEPBxyG5wdsPhQkxFS95MCXJMwq', 'Adushka');
INSERT INTO public.pop_user (id, password, username) VALUES (1134, '$2a$10$h8PAO8FAEma8bEzLOTPz8.Y1.FM18AP5dNtpP7Cf/w8Ne2TFXOXLu', 'Tom치코 Povala캜');
INSERT INTO public.pop_user (id, password, username) VALUES (1135, '$2a$10$oESyVRN92Cw1084MeVTUYOTWwTUkzqtAGO2BGVHFX2o5bG2lcDaFy', 'Olga 맜adle켿치kov치');
INSERT INTO public.pop_user (id, password, username) VALUES (1136, '$2a$10$CyVcsoVjursxQhGeRpKFUOTGk.MRs/89EITKimrpI6lI8km/Ce7W6', 'Ivana');
INSERT INTO public.pop_user (id, password, username) VALUES (1137, '$2a$10$A2qJJbEduE0OOXE41OTRsuU2PuYeOJak.QMIbfJPyy3JRuc3CMseS', 'Ji콏칤 Polansk칳');
INSERT INTO public.pop_user (id, password, username) VALUES (1138, '$2a$10$aklBHSc8Kt6KnHdIRt8/B.Ii4r17HzKtLqiHJq.8DbjfqZ3yc6Kxy', 'Ivan Fil치k');
INSERT INTO public.pop_user (id, password, username) VALUES (1139, '$2a$10$voT6yhpTfpuqEDVsQpMfe.4wvmzkhJosSBn7NthcSuIqniIg/Aq1a', 'Plavec');
INSERT INTO public.pop_user (id, password, username) VALUES (1140, '$2a$10$NMqtFyFxMsBcfFESP2l75.2.clnTZKXvKbNO3zWPO/uLtnWcCU9H6', 'Michal Pol치ch');
INSERT INTO public.pop_user (id, password, username) VALUES (1141, '$2a$10$7fqbdaXE4CNXBaxLK.S3RexmkGI56AfvVroSIG7Y3gqNJ7oAPMWyG', 'Lenka Pol치chov치');
INSERT INTO public.pop_user (id, password, username) VALUES (1142, '$2a$10$.ATm.7lH/peWrOOXCKEubedcBzPBRgJspAwoOEe8kdUgQ3dq1VITC', 'Patrik');
INSERT INTO public.pop_user (id, password, username) VALUES (1143, '$2a$10$DNl4WAR6s0ylPxF8Q5UYV.Vu0vpW75ZslMHUfFZvcx0lc3xqKzRG.', 'Radim Filgas');
INSERT INTO public.pop_user (id, password, username) VALUES (1144, '$2a$10$WqWL6eSj5MoeNBVCqqHRq.sL57t1axAH9nBavsEZTrOC2o.hUdJHS', 'Roman');
INSERT INTO public.pop_user (id, password, username) VALUES (1145, '$2a$10$ftT8F0BihVuZaYT80PTiOupzmRMbudkSTs0JWaIIzuA1ykRfJPJuS', 'Jelen');
INSERT INTO public.pop_user (id, password, username) VALUES (1146, '$2a$10$y0v2jnaRA.xEQ6E4BWZ7GOQz2R7K68/QmqO.I1UaezUtsZRkNucDS', 'Pavel Bud칤k');
INSERT INTO public.pop_user (id, password, username) VALUES (1147, '$2a$10$n.TT8UkkN4iW5Lq9KL6fluO57YJl7C3RiosWey7jCm98TSIAveTZi', 'Barbora Holubcov치');
INSERT INTO public.pop_user (id, password, username) VALUES (1148, '$2a$10$nItgHFrq3Il0Wfq.0ffwz..y/LrorPlyG.t7NeO7G4UDF8SZUkItS', 'Ond콏ej Sopek');
INSERT INTO public.pop_user (id, password, username) VALUES (1149, '$2a$10$xBRvOEwr5N6VOA8vrdxdjOgPEkLk0SJIDIcWmJ77SO.CeaDF5ZI2y', 'Marek Matus');
INSERT INTO public.pop_user (id, password, username) VALUES (1150, '$2a$10$c9FKmextfzqJ2ynq2.y8dusr.6R186jPSRnF2mljCeL7/Q2oHTy7G', 'Michaela');
INSERT INTO public.pop_user (id, password, username) VALUES (1151, '$2a$10$scM.b8HuyY68tABUZO/0jOIJQ3rvsCkA8CxcUEe1aIpUr8sxAs4Uu', 'Michaela Hanzalov치');
INSERT INTO public.pop_user (id, password, username) VALUES (1152, '$2a$10$zHWBVGyDzKBoVZMkv3tD6ObO5ej5O0ClDPfQIp9Xsui4dBOb/H1Ri', 'Jitka');
INSERT INTO public.pop_user (id, password, username) VALUES (1153, '$2a$10$HqLOqtSXB6nCp8BuW7azoetDq/Frt2yoQvGeyrQEupLf7tQJqJ1nW', 'Radom칤r Hromada');
INSERT INTO public.pop_user (id, password, username) VALUES (1154, '$2a$10$fq5eDKugLWmgbror6BhYkO8sxGrcung7zjZ6X6GnuR597UD3SQmjq', 'Jehn캩');
INSERT INTO public.pop_user (id, password, username) VALUES (1155, '$2a$10$hw2rBOeeXmsM4dmcWD1Gt.sL0AkNebx74GVvtjnD/ebFIIhCpvUxO', 'Filip');
INSERT INTO public.pop_user (id, password, username) VALUES (1156, '$2a$10$4S8bvN9CDcXCSAMJ1AxSxekfIZw0M6ZQVNJb9FKFuFw3COwoQN9eK', 'Tomas');
INSERT INTO public.pop_user (id, password, username) VALUES (1157, '$2a$10$eRy5shTUNw179vsp8XigbulUvEy5EOGhoJJaf1EtNg5A1LHrCM6ii', 'Renata Vychop켿ov치');
INSERT INTO public.pop_user (id, password, username) VALUES (1158, '$2a$10$zFSccXAsHgo6W88uDiJr8OjE62kqcMnIWkhpnpQs2ifuE15R7QYUy', 'Ond콏ej Dan캩k');
INSERT INTO public.pop_user (id, password, username) VALUES (1159, '$2a$10$.A1XgmgGl5mqXtrvtQE8t.2MwfIGOB44uI9EfHYyNfeJ26NA67vZa', 'Pavel Zigmund');
INSERT INTO public.pop_user (id, password, username) VALUES (1160, '$2a$10$1t5YN3tDSheA4XsrvjxK7e8TG4hxHPYz4oiBr6zH6kN8ZT7TSgd6K', 'Martina');
INSERT INTO public.pop_user (id, password, username) VALUES (1161, '$2a$10$ZtyRFKZM0OWHSMO9s8cahu.Tdz2UePCZ6ZM5tVqT71hkqHGT9CX9S', 'Eva');
INSERT INTO public.pop_user (id, password, username) VALUES (1162, '$2a$10$WAAggqaCixheH9Gc8NXjbOofSGG4rEma0rxmpJKUmuu.DL4MXjRgO', 'Josef G.');
INSERT INTO public.pop_user (id, password, username) VALUES (1163, '$2a$10$2z.bTSY0DMg3RzULu4lQ1.gIs/rSn9sBumwOGppc924TU04BEJe9i', 'Mark칠ta 맚achov치');
INSERT INTO public.pop_user (id, password, username) VALUES (1164, '$2a$10$jo5hJNjhRWwX3Hrm94hyiupe33vz4rhfSFeE4/dUIQAT6fQou5nGy', 'Ali M');
INSERT INTO public.pop_user (id, password, username) VALUES (1165, '$2a$10$3MC.OjP2d/smP9JDZ0C/I.gzB8nngphUFwjb9WvG0oosSW0NhzbVm', 'Ladislove');
INSERT INTO public.pop_user (id, password, username) VALUES (1166, '$2a$10$BGq5EsUjE/GJYfgr/VIhc.CdOu/Fub9rR1RADl7JmvzCraFW20D/C', 'Petr_Dan캩k');
INSERT INTO public.pop_user (id, password, username) VALUES (1167, '$2a$10$vgX.vxZMTdRHyxeN2b8LdOrcpBrlXNzM0v5HimQdjACeEDupczAQ2', 'Lucie');
INSERT INTO public.pop_user (id, password, username) VALUES (1168, '$2a$10$CKlrJD7EWCIHYnd3jT1lA.91XIZbdba7kucrxjfgZrclfLTk9fwGy', 'michal kuncar');
INSERT INTO public.pop_user (id, password, username) VALUES (1169, '$2a$10$H9ipY8kAwwdokvkuJyCyd./LVgWVjRhIFS4bbSZlxA5IAt/CmulVK', 'Petr 말pula');
INSERT INTO public.pop_user (id, password, username) VALUES (1170, '$2a$10$Gkp4VVMtR9vUeI.FYBG25ObTDjI1oZiCKHe//f0y2wq9YC05bpHlO', 'Dan Kub치캜ek');
INSERT INTO public.pop_user (id, password, username) VALUES (1171, '$2a$10$Z9zWmSAs2cxtQM3TnB/iZOmqW2Cz0JXK2YHojeQpw/S4MXOM8uUx6', 'Mat캩j 캛ech');
INSERT INTO public.pop_user (id, password, username) VALUES (1172, '$2a$10$N5C8RONW47Qz6nsN8mEnu.K7PgfovHv10gIo1xIIO0dpb9bk/iY/a', 'Petra Machacova');
INSERT INTO public.pop_user (id, password, username) VALUES (1173, '$2a$10$bnSMvWtWzxbgHMrKHdthg.MFJYyqxVkx4HiDoGCnRDJ0ibxUvHYai', 'Martin Ho콏elka');
INSERT INTO public.pop_user (id, password, username) VALUES (1174, '$2a$10$eE48XeMeXdbrap4QKnzmZuscOXag9259oN7vr.v99E2sZ2dmXxili', 'Marek Sm캩l칳');
INSERT INTO public.pop_user (id, password, username) VALUES (1175, '$2a$10$BnOshfu9OJSwEYYxupb./uI7j0XHAssBfboMhLH.VxJbYl3Gq8KB.', 'Agnieszka Serafin');
INSERT INTO public.pop_user (id, password, username) VALUES (1176, '$2a$10$OgzkYQLoRugzeEGMzSQav.Jrn24vNjJ/tnU0tgpeyHr4pVp6C.hGK', 'Mira Gargul치k');
INSERT INTO public.pop_user (id, password, username) VALUES (1177, '$2a$10$l.9xNEMBEbxQD250ORw0neQ6w01iXCRu.HKeQXuzY.HKBB3oml1Uq', 'Michaela Tvar콢쬶ov치');
INSERT INTO public.pop_user (id, password, username) VALUES (1178, '$2a$10$2lsFt5fRmUiHTkg227DFqOvvxuWapZgsV3WzkcRUmclD29Xomjn4y', 'jakub Van캩k');
INSERT INTO public.pop_user (id, password, username) VALUES (1179, '$2a$10$W58k/Jsa6TyapbKLJ1bNSeefWLBbsVqRklgYjfqUTgnjhWfbxXL4e', 'Jakub Van캩k');
INSERT INTO public.pop_user (id, password, username) VALUES (1180, '$2a$10$k1qem6fu/bCyrkPXd3ThzenUFulLv1n6QVRA5iPiByyaExwKPNUIy', 'michaela hanzalova');
INSERT INTO public.pop_user (id, password, username) VALUES (1181, '$2a$10$vBuz5ImfXo.3e7HXPY9qMu6XbxcfPN3Ktj1TtCgYSVvfVKFlfEqnK', 'Kamil 만r칳');
INSERT INTO public.pop_user (id, password, username) VALUES (1182, '$2a$10$fnB9Xhh6w5GR/xeHRwJiju7zytv5DC0jqAEyZFQv4HEDvFekySpni', 'Nat치lie');
INSERT INTO public.pop_user (id, password, username) VALUES (1183, '$2a$10$7gyylxp3MjErmHDF5XVzTuazrSEe2OwVu7.tKVZ4H6Z4UZe2vcgiq', 'marthy89');
INSERT INTO public.pop_user (id, password, username) VALUES (1184, '$2a$10$yRVIUvQwLEH4rkMwCs68ce3Zxz7b7Vr/yb2r5PYR9UdvY.GWQnkWi', 'ALena Mierna');
INSERT INTO public.pop_user (id, password, username) VALUES (1185, '$2a$10$er.LJkm8Kzo7G3d0ONVqI.HJBaTQQrM79HmpOrZamq6IBkCEZekdC', 'martina');
INSERT INTO public.pop_user (id, password, username) VALUES (1186, '$2a$10$Mf4pO27DvzjL5eumz5I2JOFNFX/qhbwBnsvdi2yctKOYhTtpxu4eG', 'Martina g.');
INSERT INTO public.pop_user (id, password, username) VALUES (1187, '$2a$10$OStHSG1yDIWhkPc0ftnzV.VlZQTZR0AR4JbgKIZHfLZQkKmjkLeG2', 'Radom칤r');
INSERT INTO public.pop_user (id, password, username) VALUES (1188, '$2a$10$1E2NONwhe1DGwQlGCHkW/.mmZ2Xz6g.pg8peWMiY9uaBJSUrvr2Eq', 'Zuzana Mali켿치kov치');
INSERT INTO public.pop_user (id, password, username) VALUES (1189, '$2a$10$BXUaGMPSvcWKGhiQ136DmOzY3A5jL0zaVw3vFdHT0PPfbu2OJdyQG', 'Zden캩k Surovec');
INSERT INTO public.pop_user (id, password, username) VALUES (1190, '$2a$10$DQbTmoenEqA00.Kbj8v5a.fxm330F6Ghb5VR76Fwge9qr9n6VXIHe', 'Jakub');
INSERT INTO public.pop_user (id, password, username) VALUES (1191, '$2a$10$fCGDyyU0h.SxCKSty03E2emSS38RSnlMbEyfLX.VPmXOi0pDyf6A.', 'Ond콏ej Dan캩k ppppp');
INSERT INTO public.pop_user (id, password, username) VALUES (1192, '$2a$10$EGfx6IXTqV//C0jyVG3yGe2EmYT.648bB9rVhW9I4sYDoP9n1KUkm', '먞rka');
INSERT INTO public.pop_user (id, password, username) VALUES (1193, '$2a$10$/8CrX0ft6JV/Q5wLwigdWeB/bjx8oOa4wilOoD1rPW1Bl7i2Qm2sW', '콯aneta Vok치캜ov치');
INSERT INTO public.pop_user (id, password, username) VALUES (1194, '$2a$10$A0avCA1Lcb1O5kYMOFzsz.7otcB906U.dJOf0ZxcGEVUsRWTAYGbS', 'Ludmila');
INSERT INTO public.pop_user (id, password, username) VALUES (1195, '$2a$10$BDRg7.PLHljVhwrESQbneOjGbVNJWwayBm1R./TLl1zNdMirAFPLS', 'petra Skypalova');
INSERT INTO public.pop_user (id, password, username) VALUES (1196, '$2a$10$Uuo9XwpxFBNCxmEzeYgOE.NyPR251ifeHVLfeAOVw6Qau/gLbIcwG', 'Ales');
INSERT INTO public.pop_user (id, password, username) VALUES (1197, '$2a$10$q3mQBIrzzRRFOCtHs43akejwmsjqZjbZypddW.B3zhg3LkFDt1qjG', 'R콢쬰na 맒rlov치');
INSERT INTO public.pop_user (id, password, username) VALUES (1198, '$2a$10$Q7JP2h4tkSC.OMo96R5/I.aOaTbqZD3JCRW9wssEGBfnpAi/EF93S', 'Renata Hrnova');
INSERT INTO public.pop_user (id, password, username) VALUES (1199, '$2a$10$DVMaYEV.JOi59GGZl4xEqe1fs50tSYZFDCtMRphVG1jHWdlVnx7ae', 'Radmila');
INSERT INTO public.pop_user (id, password, username) VALUES (1200, '$2a$10$RFeHoO.qFbBjCo/pwXMnLeLEL308f9cwwUD89sftRJHHt5StqBXfe', 'Rostislav Zvonek');
INSERT INTO public.pop_user (id, password, username) VALUES (1201, '$2a$10$ODQzpl6RlUlTyf4cT6wDHuwg69fXh97o0S/CqvHib8tmwb/EYf8y6', 'Marta Zvonkov치');
INSERT INTO public.pop_user (id, password, username) VALUES (1202, '$2a$10$ajlaL7weFyT77rHJSFeIFOxhxqbsaioXoyA6tJVGDdpWxapJkEyp2', 'Monika Jan치캜ov치');
INSERT INTO public.pop_user (id, password, username) VALUES (1203, '$2a$10$R5.nm4I7h6U9QCqnO0UoyOEVle9YuvAjMZZl3aXRDOU.Aw8UEU4UC', 'Myshak');
INSERT INTO public.pop_user (id, password, username) VALUES (1204, '$2a$10$24w5CwgC/uz6uej6Qak9E.3Uw8OwOEj2CdenclGTERMmQvkhKbtB6', 'Tom치코 Ju콏ica');
INSERT INTO public.pop_user (id, password, username) VALUES (1205, '$2a$10$9ha.00XwJaJ6xZSTWNKOHOXwd6WK1c9KCdr482Px/r7DupZ4bZ/bG', 'Petr Bar캜치k');
INSERT INTO public.pop_user (id, password, username) VALUES (1206, '$2a$10$RW.zZtzRU/WahEbcYtBvj.qqqK8JsW6kcl/jpw2YlYjrlvNQhGuie', 'Lenka Tajzlerov치');
INSERT INTO public.pop_user (id, password, username) VALUES (1207, '$2a$10$c7mVLif1DfcUdD6Yfxywm.0vAhtpe4IvFavTULoniJFCc.1B2U1ri', 'Jan Tajzler');
INSERT INTO public.pop_user (id, password, username) VALUES (1208, '$2a$10$IxT/lgu9kzgMxLmvIGMvoem/z2zU239ggq2F5QRxIVPIRmULZIUrW', 'Martin Hnatek');
INSERT INTO public.pop_user (id, password, username) VALUES (1209, '$2a$10$l0MKOe2IsBeXtcvmX3o3ZOpJwkVYTM0GlEwsMzWECPXDltrid1seG', 'Ludmila59');
INSERT INTO public.pop_user (id, password, username) VALUES (1210, '$2a$10$pYmAYAlpVBNXU2awOzTHMOWqmvk4FIhf1HaSw0yNz0vSce.mhDrH6', 'korenac');
INSERT INTO public.pop_user (id, password, username) VALUES (1211, '$2a$10$QPgozGkrm9UBoge8ReuBXeD8Ub.APWE9cAnoxxDTDGvc9knz2i6Hu', 'Petr L치ska');
INSERT INTO public.pop_user (id, password, username) VALUES (1212, '$2a$10$ktVcJnOp5uE7ahvE1Op1Z.TEVO571uOMHQzuVaBEIuwcRRr5gspw2', 'PetrLaska');
INSERT INTO public.pop_user (id, password, username) VALUES (1213, '$2a$10$7rKx1J.TMYMxXkzZULsA/erw7w8Sy1i1/PfclDHNTgThp/2foG5de', 'miroslav jatel');
INSERT INTO public.pop_user (id, password, username) VALUES (1214, '$2a$10$E4gWpz.tgZfe6C9Iu4HsrOht9d06pdNshT8A3naqrVHRnqIG/244i', 'tobias jani코');
INSERT INTO public.pop_user (id, password, username) VALUES (1215, '$2a$10$iyJbcekO3wdZGDabd3F9hu2KTojp/bzot5.40xz2XHl2cFlbywviC', 'Miloslav Ondr치캜ek');
INSERT INTO public.pop_user (id, password, username) VALUES (1216, '$2a$10$pNKvyWn86AqYJ0tIuwy5oeDmR4QisrO9IsZiH0het9vq9t6HhvKIO', 'Dagmar Pol치chov치');
INSERT INTO public.pop_user (id, password, username) VALUES (1217, '$2a$10$F/H7lfx03yBZbOkhOBFD1.FDCL5OVoPHk1RwvsyBZLTX1MHF.xljG', 'Ji콏칤 Pol치ch');
INSERT INTO public.pop_user (id, password, username) VALUES (1218, '$2a$10$iNsI5Jt6ko.2VgPqlnIwiuR3rLBFKn3RDesPXV4wq0O0NHifnQVfK', 'aneta');
INSERT INTO public.pop_user (id, password, username) VALUES (1219, '$2a$10$LOSnDaSDyBZFz7fmHUNMH.E7CuAGzP7zwXcMLQg0v0G8JTVFqFaVy', 'aneta 코t콢skov치');
INSERT INTO public.pop_user (id, password, username) VALUES (1220, '$2a$10$8AVQ/4KKTTqtsPIaouHKfOxyGVQlvXrjds42UWmLM74swTlRZnt6a', 'Otto Schieferdecker');
INSERT INTO public.pop_user (id, password, username) VALUES (1221, '$2a$10$1bS8Il7XOlhqxDXwR04f6uFYOc8YoV0m9dxxyb07XLrCrqEVES2GO', 'zaahy');
INSERT INTO public.pop_user (id, password, username) VALUES (20240000, '$2a$10$Fs6RgU6NdO3aH6vFTsz6aOOjvDjQPtgcWqHCMtBKFlInbof7O3A6C', 'dd');
INSERT INTO public.pop_user (id, password, username) VALUES (20240003, '$2a$10$l3uaeyXA5Pljdb8xARWK1uIchWvdRyTm/Ix0wptp5dLB5rF2QWJ4K', 'Max');
INSERT INTO public.pop_user (id, password, username) VALUES (2, '$2a$12$k/oFmX6VBM/QBs1IM6JLTOllN2nGhcVErMsKvene7lHhT17Gds.H2', 'organizator');
INSERT INTO public.pop_user (id, password, username) VALUES (20240004, '$2a$10$1/tONhQbBZmQ4I4P3FyjcuBaIUnUJ7gF12oGklQ9X5/fJw75rAkY.', 'fda');
INSERT INTO public.pop_user (id, password, username) VALUES (20240005, '$2a$10$Uzb82oir/iXL9pdobYSpWOH4dkWI7jHfbTHFbM6pxdLIbTwK2l0Kq', 'Krist칳na');
INSERT INTO public.pop_user (id, password, username) VALUES (20240006, '$2a$10$WAfJzPDgkLMVvNOHY9Yt6.93.MFhycwxdqTlTMfy3N5rK48NPiXle', 'Jana Synkov치');
INSERT INTO public.pop_user (id, password, username) VALUES (20240007, '$2a$10$pm8V.X.SfWsOLp749kGeseE.x1LZq4noP1qhE2jv6fuJKiO3Cbb/m', 'Michal Krmela');
INSERT INTO public.pop_user (id, password, username) VALUES (20240008, '$2a$10$rhdk4JLq8CEfsBO2HTYFKuaIA9psQkvZXeH1fGFIV2Faxoc5zfBQO', 'Robert Fojt칤k');
INSERT INTO public.pop_user (id, password, username) VALUES (20240009, '$2a$10$OqjY8I9d0FE1NIWbnIcmOuDniXunfE.iYEg6TpNVdg0O7VaGiaRI6', 'jarekzidek@seznam.cz');
INSERT INTO public.pop_user (id, password, username) VALUES (20240010, '$2a$10$d8Zd239ZRbFtpkBEVu09mOoF0UCD5Wcfwhog2YAs8WIvcQsQGOLQC', 'Rey');
INSERT INTO public.pop_user (id, password, username) VALUES (20240011, '$2a$10$khtI0arygyqKUeEyAezSOO6rQe1IDXbehwxyeBXISiVMy6zBA40G6', 'Lucie Demirci');
INSERT INTO public.pop_user (id, password, username) VALUES (20240012, '$2a$10$G2mNWalyhOMeYrbfJR68IufnZzoYzYzCr2qASAQt/66dgN5Y/X1kC', 'Tom치코 Pechanec');
INSERT INTO public.pop_user (id, password, username) VALUES (20240013, '$2a$10$D2xEnQL7WRjrSKYdfdNtUuO.EeDWKQn/aq2I8CUOYhHIjspe5CrOq', 'Kubat');
INSERT INTO public.pop_user (id, password, username) VALUES (20240014, '$2a$10$LmpaocVS//zo39J9EtUmg.a16kEr8S8F2qMOES2irEunA/dgi9cxy', 'Miroslav Kub치t');
INSERT INTO public.pop_user (id, password, username) VALUES (20240015, '$2a$10$KxhhGvU8mCkWkm5GCoxWSOMdqqNjXEkcAfFrrnMcmXNcwKeMO4TWm', 'Krist칳na Mach치nkov치');
INSERT INTO public.pop_user (id, password, username) VALUES (20240016, '$2a$10$7Nd8lN1LEFQK6OnfM2FvoOT25mLW91ZZY7hyG80tE3U5akbESxKBe', 'Petr Kundera');
INSERT INTO public.pop_user (id, password, username) VALUES (20240017, '$2a$10$PB7s0nKZp0wjfQg6g/9JBegvXCRokGU/.V9xe5k0jPULFc3kl56G2', 'Tom치코 Fojt콢');
INSERT INTO public.pop_user (id, password, username) VALUES (20240018, '$2a$10$6xL3xpIJlqZkWg4se9lSQeLMjFRzPpjub2UH.4zsQMto66VcUpBFu', 'Marie Fojt콢');
INSERT INTO public.pop_user (id, password, username) VALUES (20240019, '$2a$10$NUBCqlv4SKOJaKIIlQQY/uV/YSTK0PRe2BTtqbQN.oJ9ELyWvcpnW', 'Alena Malotov치');
INSERT INTO public.pop_user (id, password, username) VALUES (20240020, '$2a$10$SusZEV0bGQp2THH9HoYe8uPoebMXuEqg9Y/7ZjIDlgqYrN.07dN2C', 'Jana Jur치켿ov치');
INSERT INTO public.pop_user (id, password, username) VALUES (20240021, '$2a$10$JPwkk6Rf4gjT4U.nWB.H/.CkTKAY0Qm9Sz.iKXjo7dBaDpqzar/6G', 'Jan Hy쮂멺');
INSERT INTO public.pop_user (id, password, username) VALUES (20240022, '$2a$10$AhaoU6aZQ7JqIhAxzuggvu3b1H1KGqH.HSK8iLLQgDWmNToL9TOfu', 'Renata Martinkova');
INSERT INTO public.pop_user (id, password, username) VALUES (20240023, '$2a$10$JNDO7IpzgJZKw6CJn2ZOPe3brSN7DuNx54QVVgGxpAv0WCBRzti86', 'Jana Pi코콘치kov치 Vacul칤kov치');
INSERT INTO public.pop_user (id, password, username) VALUES (20240024, '$2a$10$3lQrOsZZgw3ls0Xfa3enSuCoY4ryh.kPUNwW1lE2EazqkC0v7xvyS', 'Jana Ko코eck치');
INSERT INTO public.pop_user (id, password, username) VALUES (20240025, '$2a$10$V/yrI50IfRiqV7BO4GNUaO/SH2H2vxRY8LUbudYvIUwiyXZeHpvwW', 'dd2');
INSERT INTO public.pop_user (id, password, username) VALUES (20240026, '$2a$10$Mc8xvRyX2sKmCzd6Ki5M5evvqqqbJPZNEiflgmeW/zJ4fOJVTJfyC', 'Hodges');
INSERT INTO public.pop_user (id, password, username) VALUES (20240027, '$2a$10$jW9eSfigWCQyGHd3P4Mx0OKeT6qplP5tknIIZueIFYqptNQDO6joa', 'Zden캩k');
INSERT INTO public.pop_user (id, password, username) VALUES (20240028, '$2a$10$9.wojcROGmYsxJZI/ABDcuCMLqCgoO6ZAf5ICSfjOti6zaAJqZ7Uu', 'Radim Lys');
INSERT INTO public.pop_user (id, password, username) VALUES (20240029, '$2a$10$HartLJLLVUUCkGrdTaa3UuOL9faMMRdBWB7ZHAYyXJE66KNM9tATi', 'Martina Zm캩l칤kov치');
INSERT INTO public.pop_user (id, password, username) VALUES (20240030, '$2a$10$zK0ei5pg6iRgrWkCBRtoBuMuU1vsOkCzdvAdkIzw1W2j8TNHafjfe', 'Petr Jani코');
INSERT INTO public.pop_user (id, password, username) VALUES (20240031, '$2a$10$RGtUYEQKkPu25Gx4sL3VqO03VhGnygWUfLyOuinz9L9fFwQMlBAZq', 'Ad칠la Bedn치콏ov치');
INSERT INTO public.pop_user (id, password, username) VALUES (20240032, '$2a$10$mh7c1UR2vmYdsS4u10mWTOIngCfIJ6gugmMweYJGAQ0m.WwyJLbKO', 'Radmila Trochtov치');
INSERT INTO public.pop_user (id, password, username) VALUES (20240033, '$2a$10$zwxkffgr7LfmhgDfiAHSNO7UdtetQtWkxgxvxNyjYzl9JVNDAEQU.', 'Lenka Ko코eck치');
INSERT INTO public.pop_user (id, password, username) VALUES (20240034, '$2a$10$yHCFhziAjeIjb53fXRliAOQ9Wva2Jd5BXSHoRxoEVI7KDeIFrXlEK', 'Radek Stuchl칤k');
INSERT INTO public.pop_user (id, password, username) VALUES (20240035, '$2a$10$iKK/28d2h4v1DZRpkFxjBuZ2cfg0jAsU686NFubflp1oT1mSC.ewy', 'Marika Kassayov치');
INSERT INTO public.pop_user (id, password, username) VALUES (20240036, '$2a$10$mgpEb2TV2O7sXgFH7h44juvD/REPKIoHwUlepoQIh.9ePUsz/nbAC', 'Eva Mrazkova');
INSERT INTO public.pop_user (id, password, username) VALUES (20240037, '$2a$10$J.8C55U0hhUOV.m2dhuoCejJ1HYgA0hCUdkIC5Y2GZv/r4gfITy4m', 'Pavel Zigmund st');
INSERT INTO public.pop_user (id, password, username) VALUES (20240038, '$2a$10$K3EiCE/BExVemOP3xKaxU.zTB8x/k49AYM2sXiU4hlRMfgJQ0yvTu', 'Tom치코 Zigmund');
INSERT INTO public.pop_user (id, password, username) VALUES (20240039, '$2a$10$UsPOvEP/iry6n1Jqpp1YPux/kUA/fTqjZDJi8EuG2MZ3.WPIipoMm', 'Tom치코 Zigmund 1');
INSERT INTO public.pop_user (id, password, username) VALUES (20240040, '$2a$10$i/fum5M0XW5jzKpxQzFzJe9EzlyB8mkaD9OdVfgMIsqy33FewTp.C', 'petra');
INSERT INTO public.pop_user (id, password, username) VALUES (20240041, '$2a$10$X/Cc3/t.LbcBkh7UHn6Eru.Z23X6l/cjpwuIar5rERpUH0PSxmSqW', 'Karol칤na Vacul캜칤kov치');
INSERT INTO public.pop_user (id, password, username) VALUES (20240042, '$2a$10$OVhlQJwVcgGedHKInVyyO.oVpK7SABFDTA0hHe8CJRuvPrkLdBYqy', 'Vendula Pol치chov치');
INSERT INTO public.pop_user (id, password, username) VALUES (20240043, '$2a$10$IJBEnx9t21vxfCQK9buYjO5lXraD5LzfIzpTvJU78jhYI//LSVoHW', 'Venda Pol치chov치');
INSERT INTO public.pop_user (id, password, username) VALUES (20240044, '$2a$10$mrKOxLJUdWsvlsejAzq2I.QAzzi5P83nWc3IbdEQIHtnY/T9dvWB6', 'Pol치ch Ond콏ej');
INSERT INTO public.pop_user (id, password, username) VALUES (20240045, '$2a$10$L3gA2v5CP9ZmaOWMohA1qOE7cbMtRwZ7KQIRXGvXKp45HOyM/OXsy', 'Martin Ondru코');
INSERT INTO public.pop_user (id, password, username) VALUES (20240046, '$2a$10$qC1ASOKxpiVAUdgsNs98E.qmDjwgvUWg.RnpkU7oDDvUnvon9gD6u', 'Miroslav 콯콢rek');
INSERT INTO public.pop_user (id, password, username) VALUES (20240047, '$2a$10$zcvzTtDb96OGDnaeav27EOJOnEuqxtpzHisUArEV7QCPrbKBY4ES6', 'David Hlav치캜');
INSERT INTO public.pop_user (id, password, username) VALUES (20240048, '$2a$10$YjuoL1WCuqDUTET9A45PPOkjJs.4Pulg7xgQcW9VjroEwYHM5T1QK', 'Simona Hlav치캜ov치');
INSERT INTO public.pop_user (id, password, username) VALUES (20240049, '$2a$10$QFXHs7OchQMrm.ZHQHufiO4HyxQ8gMl.46xHXfj0Ym95SGqu6UAe6', 'Kry코tof');
INSERT INTO public.pop_user (id, password, username) VALUES (20240050, '$2a$10$x5t2Rvrg4OK1BK5m3YSoM.NB2lJn1jyUxSICiyQnwSkUyi0Ihsf.a', 'Krist칳na Branikovi캜');
INSERT INTO public.pop_user (id, password, username) VALUES (20240051, '$2a$10$HYdCl/e2FpjIFxmHvHkIf.3qVBIgKErkFUVW0WmlND6S/KEwTcqhy', 'Patrik merhaut');
INSERT INTO public.pop_user (id, password, username) VALUES (20240052, '$2a$10$tbc7q10CyyJWQKNabE.OGumNw1o/SdpacFCcNka6h/TaL16hTRMIK', 'venca');
INSERT INTO public.pop_user (id, password, username) VALUES (20240053, '$2a$10$hjl34lzX5lvkG27RIZkWH.GJVWC/FHA2/qOCMrIgUcZrNUPZBWxCW', 'Patrik Lischka');
INSERT INTO public.pop_user (id, password, username) VALUES (20240054, '$2a$10$R2zf/ATA2eD.ENjjZDrsVuyVoHRV0hs1EsN20XS6JXHQu0DHBRxNG', 'Stanislav');
INSERT INTO public.pop_user (id, password, username) VALUES (20240055, '$2a$10$IYX/LsJhSZ24hMG7AFl0/eCjYQSrjUTj5DyqIy9Qad0DpAiLcf7Im', 'Tereza Sk칳vov치');
INSERT INTO public.pop_user (id, password, username) VALUES (20240056, '$2a$10$Wz7DeYuIhE7GpwHHk3gaUO92Ml8KmfKT7fju703SBQdX1w03vLp0y', 'Vojt캩ch Schreiber');
INSERT INTO public.pop_user (id, password, username) VALUES (20240057, '$2a$10$zTTLG8WWlPQ1qMFl0ybfGum3B0HS8Euw4v2aUuDxoWIFTaHJoDjny', 'Petr Tkadlec');
INSERT INTO public.pop_user (id, password, username) VALUES (20240058, '$2a$10$7Buy33uGOykcw8W.FKIqiuFmxbG8sC22XEWXFkkdGxJhFUbnEF9ea', 'Zb캩nda');
INSERT INTO public.pop_user (id, password, username) VALUES (20240059, '$2a$10$waVevFTAqYaQzZrl/sYm0O75Fmi2xBmZPLEt.c6bs8dDdz7PrOeEi', 'Radim Hurta');
INSERT INTO public.pop_user (id, password, username) VALUES (20240060, '$2a$10$zQaZ6Hi53doHT/JdofgbeOFbJ4PVKCk9FQMMB0aPjZouXQg08t9W.', 'elizabeth');
INSERT INTO public.pop_user (id, password, username) VALUES (20240061, '$2a$10$yFoI6IAaWAZtb2a.thQHrufQBDxu6Smy7jkwN6KlWtHIVPJbj9TJm', 'Adam');
INSERT INTO public.pop_user (id, password, username) VALUES (20240062, '$2a$10$zdVzrCGXuNelDLqBGmEsxuu.rx.tuonvv6jdLZmvNXus1pDiCEGdC', 'Lucie 마brsulova');
INSERT INTO public.pop_user (id, password, username) VALUES (20240063, '$2a$10$i3UWvi/KJdw5n1E4B0ey6equEJ53.ly026pavnuYOwDDPOH4bG/ki', 'Joska');
INSERT INTO public.pop_user (id, password, username) VALUES (20240064, '$2a$10$9o/eBl2P60eB4ooKv9wfoeKi.LeIzmEbg6Jwf6QCmzKSQ10iLe4u2', 'Martina Gargulakov치');
INSERT INTO public.pop_user (id, password, username) VALUES (20240065, '$2a$10$X7UXZQ/LHWA1Mr4H48aUROaQ.OvZi9Lnoz9Knq3Atjx7DYeAnY6cK', 'Daniel Zich');
INSERT INTO public.pop_user (id, password, username) VALUES (20240066, '$2a$10$7dy1fNqTXOaxhzUUwyt8Mu3i1yw7lux8peJwFP3ZlYRxVF57GERtq', 'Adam Kov치콏');
INSERT INTO public.pop_user (id, password, username) VALUES (20240068, '$2a$10$2wjq1MgXW74.UPE7qXIokusSd1XeOrXW8f0oS1tHH4VIoIKYBP.x6', 'Kov치콏 Adam');
INSERT INTO public.pop_user (id, password, username) VALUES (20240067, '$2a$10$Z8ic2w4bQ.V4mP2/L0UJ1OnHt0jw.jJvgZTJI4zuP6L524o/93kJm', 'Krist칳na Vil칤mov치');
INSERT INTO public.pop_user (id, password, username) VALUES (20240069, '$2a$10$maEI9UVq.yZZEC.IIcyHfeD1sSM6hO04AYQrJh1yiRup0.aORfX2q', 'LolliTech');
INSERT INTO public.pop_user (id, password, username) VALUES (20240070, '$2a$10$1AjNeOp3I6hMFh/4aKjtjeyONbmrN.UGYfiSM2gLiBLVYHz8ypbB6', 'Radka Ko캜칤bov치');
INSERT INTO public.pop_user (id, password, username) VALUES (20240071, '$2a$10$WMlDrV7MuYOYauKP2eajIumypuAXKLDymX.B.jww6DuUjRwMOn5fW', 'Luk치코');
INSERT INTO public.pop_user (id, password, username) VALUES (20240072, '$2a$10$fQ6xmXnr.yj0fVrdix3C5.xqiotKa00.3mqd80wmzaNg2o77jKRZ2', 'pat콏il merhaut');
INSERT INTO public.pop_user (id, password, username) VALUES (20240073, '$2a$10$ccBaIs2XxEcxA050iRBiwu9ltGVAO5r3Tph20jRj3WG1mcb5fwcAG', 'Martin V치vra');
INSERT INTO public.pop_user (id, password, username) VALUES (20240074, '$2a$10$XwVReURKuSgBOTGX1E1fPuJEPUD7LWwhh/dAErq461v0egeYIzo8K', 'Lucie V치vrov치 Pustkov치');
INSERT INTO public.pop_user (id, password, username) VALUES (20240075, '$2a$10$OIjCMw.4dIVLaaw2NTAxpO9jbUjpyFTvh3wDvoAQbX6HTIPJkE3Sm', 'Romana');
INSERT INTO public.pop_user (id, password, username) VALUES (20240076, '$2a$10$/JEPg3euNrrzCAmYE.XR7.VMlTzdvs7I27cRCC3IZPx.1kNJV3DPK', 'luciiennee');
INSERT INTO public.pop_user (id, password, username) VALUES (20240077, '$2a$10$8swvezTygXlQeej8wGhlJeVI6AiKeWNuV4Mdw6muJAL2VMqTHHhPC', 'Dana V치vrov치');
INSERT INTO public.pop_user (id, password, username) VALUES (20240078, '$2a$10$9RGyXKnEjKmrDmQB5HZ8F.k1C5HT3iByWItPHrWi.b0DNSHbwfBae', 'Adam 캛ech');
INSERT INTO public.pop_user (id, password, username) VALUES (20240079, '$2a$10$/ZQzxon7C1E2F7n0/t3roua.y1I9loXR1UfO/tfGDl8QqerZuNPSm', 'bohuslav stloukal');
INSERT INTO public.pop_user (id, password, username) VALUES (20240080, '$2a$10$OZXk.KxvdMqgU/VXlUieBe3zMVQQRP4mM2vMRVkuEb.7KCDieAGym', 'Kl치ra Haluzov치');
INSERT INTO public.pop_user (id, password, username) VALUES (20240081, '$2a$10$KT3g45W/TCGck1ZewMm8J.ZwwB1kYnY8es0QxqVV0A2jRuiSF.reO', 'petr gargulak');
INSERT INTO public.pop_user (id, password, username) VALUES (20240082, '$2a$10$MOadHFElEc6T.BCJWXfPTuy4XXqSkRDNtMKeknGrtI2cxHsmLNmH.', 'Denisa');
INSERT INTO public.pop_user (id, password, username) VALUES (20240083, '$2a$10$Q1cVREUAzrd8PPT8fdz.c.OJUGIeToUdfpD1dXMHi7ziU8PrcIPbi', 'Mario');
INSERT INTO public.pop_user (id, password, username) VALUES (20240084, '$2a$10$WpeU8fIsPsGcrYvHosUF8u2fsnRogyaPpvnuBTXSTtzvfr99he7Tu', 'Denisa11');
INSERT INTO public.pop_user (id, password, username) VALUES (20240085, '$2a$10$tpERF29.dJS..ksv0w2eneSNuYE6/U3vbc821kSTylUy5nZiEmFqG', 'Pavla Ba캞a');
INSERT INTO public.pop_user (id, password, username) VALUES (20240086, '$2a$10$S/jtlBVux.8ob/EHC8mpsuouN.jH3rE4uIQbgzQVPPHCooOgzJVd2', 'Ales Trusina');
INSERT INTO public.pop_user (id, password, username) VALUES (20240087, '$2a$10$0/3lgbfSRT5oexDeDoESO.vWnti7dCJdudw3XXsJuyI0H/OteykN2', 'Denisa111');
INSERT INTO public.pop_user (id, password, username) VALUES (20240088, '$2a$10$/9jdO2nRwknCIh2p.e9Z6eRcLfk5Bid4ioG7w2bILWdC50.aEIYnK', 'Ales Zrusina');
INSERT INTO public.pop_user (id, password, username) VALUES (20240089, '$2a$10$XY7Q36lX1iH2ydp7Ri5jTONm8JwKWp8NNVwlW3KuYWQ5osRQVRp6K', 'Josef Pt치캜ek');
INSERT INTO public.pop_user (id, password, username) VALUES (20240090, '$2a$10$3AxCFpYmBwr8w9KMfQuHg.Pc7QSjP7fK6nbBVbiMNdKs0kIqLdCEG', 'josef');
INSERT INTO public.pop_user (id, password, username) VALUES (20240091, '$2a$10$jX0IwAthrpzFCC8Y8zxEc.KXXbND5dG808SQzACEc3GSPyvPLN64q', 'hana.kolinkova@centrum.cz');
INSERT INTO public.pop_user (id, password, username) VALUES (20240092, '$2a$10$OgvFlaM.tAhNbeunZ0uNZupkkCPY6HlsOIPYlGrdRM/GS4u9lnOOG', 'Josef Pt치캜ek 1');
INSERT INTO public.pop_user (id, password, username) VALUES (20240093, '$2a$10$/j0Vzr8.EKdf9ovPBYHIweZjWOf/vLxLO/vb29hWzm/hUS05H9QeS', 'Milan 맒rla');
INSERT INTO public.pop_user (id, password, username) VALUES (20240094, '$2a$10$EIpJUJVHxf9x9jbZNuoj/eMxln5C5DX0JWrOP7uLX.djgL8WFavD2', 'Petra Kindlov치');
INSERT INTO public.pop_user (id, password, username) VALUES (20240095, '$2a$10$7d0uvZjhb7TncIJOQIwcFOK9Fk9vhkStwozARacQgDu6riB3qT6Ve', 'Michaela 코krlova');
INSERT INTO public.pop_user (id, password, username) VALUES (20240096, '$2a$10$YGu6s8Ugnq34yCyO6.0myeNHF90GP2ApydDsV1c0DP9ddFJaIZlE.', 'Lenka Hn치tkov치');
INSERT INTO public.pop_user (id, password, username) VALUES (20240097, '$2a$10$3234myoVZHhIxlPqsmxAVe76/7vzCJJadRj0MvCB0K62JNP5VpsPK', 'Jarom칤r D칳bal');
INSERT INTO public.pop_user (id, password, username) VALUES (20240098, '$2a$10$WBdTvRk6STEIS77ZgTNIkOmSO35lT03kL2LfLGjam7cK/0rpMlKRS', 'Jana Hr켿ov치');
INSERT INTO public.pop_user (id, password, username) VALUES (20240099, '$2a$10$g7TPVR1N3FL4BVxFAOmaWeAG4NovkLskx6MDUPYUNacaZ5qZ5APvS', 'Maxim gergela');
INSERT INTO public.pop_user (id, password, username) VALUES (20240100, '$2a$10$BCgsJ4W6HuhpWEpBi6qzYuBJVm4Zwk2tMe/pIVvGqRgjhbSyCCE3O', 'Frysko');
INSERT INTO public.pop_user (id, password, username) VALUES (20240101, '$2a$10$W/bdbAtLiMaakQdA3YBUK./VJGozFRGTD0sgw.lojecpIdLvHkQJa', 'Tana Stankova');
INSERT INTO public.pop_user (id, password, username) VALUES (20240102, '$2a$10$1h08DsW6lWaELhmknNZHkOsJsaX/VE7RAF6LRdjQto7N8VzN4jx8m', 'Ji콏칤 Ju콏ica');
INSERT INTO public.pop_user (id, password, username) VALUES (20240103, '$2a$10$gPFTk041.RAkUw6Mq1N4UOc.M4yXwm83zst86EG/oVnokyNTNhJVO', 'Adam Hajda');
INSERT INTO public.pop_user (id, password, username) VALUES (20240104, '$2a$10$4Ty.0o2isFCZucoIa/imTOd6QXwxy5he3TAwY8A1iOiWNSi/KqZM2', 'Ji콏칤 Srba');
INSERT INTO public.pop_user (id, password, username) VALUES (20240105, '$2a$10$LmLwiKA8DDW9nuoPfLEM/OFrj.X28djro02pj2C6NpA/A7rcaKVD2', 'David Tr캜ka');
INSERT INTO public.pop_user (id, password, username) VALUES (20240106, '$2a$10$mji7aILuMPctx26NX0eImeDLejb.ETea1q2rrotkb9mbSn9Hkp4ia', 'Hana Mar코치lkov치');
INSERT INTO public.pop_user (id, password, username) VALUES (20240107, '$2a$10$iO.01uFUlVN14RlIq.g0b..tnrSGGSExgudXQ.tSXsQ0874TAyIV2', 'V칤t');
INSERT INTO public.pop_user (id, password, username) VALUES (20240108, '$2a$10$9pNE.AltgFau7wnSCIBuZ.jnpeZDd0grfPs7Kb87n/GVvIom86ex6', 'Radka B캩l칤캜kov치');
INSERT INTO public.pop_user (id, password, username) VALUES (20240109, '$2a$10$wlKOCXSe84KDvoicmgEz6eHxrATmI5IPMxF4EuZr4n.y2NB8x4WWW', 'Krist칳naM');
INSERT INTO public.pop_user (id, password, username) VALUES (20240110, '$2a$10$ofudi/KpenkR7q8cCDmBgOmVyuf9D3eUUHJBZIokuu/HqD/mwW8CS', 'Roman Pil캜칤k');
INSERT INTO public.pop_user (id, password, username) VALUES (20240111, '$2a$10$Vw0lZ7ATGJABo./ptH47P.Kj.khhmtthWaCPto2PZ2nzA0zYof/K6', 'Irena Mo콏kovsk치');
INSERT INTO public.pop_user (id, password, username) VALUES (20240112, '$2a$10$QDVI7juTNLFwCfdP4chxuehKNaXBmTU8fZB3KSAc7GqvOBub0qizm', 'Lenka Masa콏ov치');
INSERT INTO public.pop_user (id, password, username) VALUES (20240113, '$2a$10$dNFphtfuCrdy74FA3mRyd.SaAR.z50X1azlOHT7gRVqiNJdHorHJ6', 'IrenaMo콏kovsk치');
INSERT INTO public.pop_user (id, password, username) VALUES (20240114, '$2a$10$2CJuhFmH1SmwFAtxqN42Ju7JAaJZMOpN6XPOZg5dHtlFSzovvsOei', 'Nat치lie Piskl치kov치');
INSERT INTO public.pop_user (id, password, username) VALUES (20240115, '$2a$10$Ksct.PF4qgeYrqXOlls6fO0ZnO95UnjICBxpTS9y.bLsORDwP6nza', 'Honza');
INSERT INTO public.pop_user (id, password, username) VALUES (20240116, '$2a$10$9UkB6bYO8.jhPe2ywjW2auCIOpaxVDdquH7o6oPp3BtSv0mN55p9.', 'veronika Kopi코ov치');
INSERT INTO public.pop_user (id, password, username) VALUES (20240117, '$2a$10$NTR3sxu/g1jfGV6lVUrHj.bthQrAOnFee5/YNFFqKnBbGgbQdhvVi', 'Marta Pil캜칤kov치');
INSERT INTO public.pop_user (id, password, username) VALUES (20240118, '$2a$10$HdIG/1yQA7tY.MhY7p6RseJZ8N/Xz03iRft6WqyLiv5Bk6fma3axm', 'Tom치코 Da켿a');
INSERT INTO public.pop_user (id, password, username) VALUES (20240119, '$2a$10$wFuthUxdh0b.fvikxy2gR.8vXU6AFbadSDFsqmd.XzH07eBluQ8eW', 'Ond콏ej Dan');
INSERT INTO public.pop_user (id, password, username) VALUES (20240120, '$2a$10$xWGV9hE4P0QQAHuJADJzrOxlPnjiMpwIwkqStIbnjJDqDxxmHrjIO', 'Jan 맚ach');
INSERT INTO public.pop_user (id, password, username) VALUES (20240121, '$2a$10$yxvCy6HdnZJ.f8IhQS5vT.j14d3l.BdTKz8ZsI/rvs1Ysl2lJlSKm', '');
INSERT INTO public.pop_user (id, password, username) VALUES (20240122, '$2a$10$fTeq7X2JGFNy7l6fYAxRgOFTIA2T/xTrB8EjhP3UuHyLJF2JwQe2m', 'Filip Hrt치켿');
INSERT INTO public.pop_user (id, password, username) VALUES (20240123, '$2a$10$YroYYXD9bF/gEyJTaNp0quWa5UmUyZgKj.omGPqSL1/saNHMJYiOK', 'Ondraj74');
INSERT INTO public.pop_user (id, password, username) VALUES (20240124, '$2a$10$5Jid.96plGqESjOX33zsDOw6FZlgBQhWPx3hVcvZByeS4SfEeg4dK', 'michaela 코tachov치');
INSERT INTO public.pop_user (id, password, username) VALUES (20240125, '$2a$10$cYEcoewVb4BKiTBVRauJl.ZhDxHlqDef2we7pQ9/v/Ti/GLlsF.0a', 'Samuel');
INSERT INTO public.pop_user (id, password, username) VALUES (20240126, '$2a$10$HR9oGCEoeRf83m3NIS2qqOIxR9xboJfb8kHvwvch2dpfwj5NaIwAG', 'ondra747');
INSERT INTO public.pop_user (id, password, username) VALUES (20240127, '$2a$10$BFkXqe8Fw63NFbY1D9vPj.QV0ZI/D8cTnQDd/pnHqPjkGTOdY2DzK', 'Cmelda');
INSERT INTO public.pop_user (id, password, username) VALUES (20240128, '$2a$10$9DMq7W/qgfqSsqIZ/lTMBuS1jWD1ldig.ALt.vHSMDvdmUnnJw1w6', 'michaela 맚achov치');
INSERT INTO public.pop_user (id, password, username) VALUES (20240129, '$2a$10$Gx3q3eSL3gcLhbN3LG4n4OU/TLcS6zEpf6lSmlbXFZNBUHCO8vbCu', 'Luk치코 Slez치k');
INSERT INTO public.pop_user (id, password, username) VALUES (20240130, '$2a$10$LIFr/XmYuNS6/30.lmMnsOwXG3/gKlGThXpvxLQosHqJoAHyqm3vq', 'Krist칳na46');
INSERT INTO public.pop_user (id, password, username) VALUES (20240131, '$2a$10$FFCP5tUuzPkIiInv3A7jAOzY0eiQ/tS69jD0YcqMCZ0eGX6OGsyN6', 'Vanesa Metelkov치');
INSERT INTO public.pop_user (id, password, username) VALUES (20240132, '$2a$10$bOkEM8S6DbBD69hmNFrk8eiI.hPhkCEZUE4DvfLpOmGzYyzN4LdQu', 'ondra hop');
INSERT INTO public.pop_user (id, password, username) VALUES (20240133, '$2a$10$d2W.VeFmbIAS3Bq0MfcB5eO.mn032Q7tK2zyXM0vMh0KMZrjzmJz2', 'Tajzler Jan');
INSERT INTO public.pop_user (id, password, username) VALUES (20240134, '$2a$10$LTbziO647FkBGygcOMlN/OZ0Tn8Hga590UfZnOwbCSCRMobRrD/z.', 'kate콏ina');
INSERT INTO public.pop_user (id, password, username) VALUES (20240135, '$2a$10$KVABHFs03P5XhWRxrIEpduOsZEB.BeTHichdvhiKdH8wx1mlZ53la', 'Jana Vrublov치');
INSERT INTO public.pop_user (id, password, username) VALUES (20240136, '$2a$10$BDX/iyIXTdT4eMCABaSSL.ViyICRtQGPcohyh7z..Fbl.DtVIu2QS', 'Jan Mudry');
INSERT INTO public.pop_user (id, password, username) VALUES (20240137, '$2a$10$1aL/gIoBO4xnf2.uvUxdlOSDio5p/BHWO15EEpTthyBaNMhPrcdlu', 'Marek Konarik');
INSERT INTO public.pop_user (id, password, username) VALUES (20240138, '$2a$10$.DkcJPFObcz/fasD/023VePa.gtoiUkQirGWWB3gTa5H.JsApVSBO', 'dominik');
INSERT INTO public.pop_user (id, password, username) VALUES (20240139, '$2a$10$iFkE0LEr.NEWrkkZErIvNOGfm/cAlNOaaY0g.d0fSwr6MZQK/fu.K', 'Krist칳na Z');
INSERT INTO public.pop_user (id, password, username) VALUES (20240140, '$2a$10$THiIdRd.efL9iuJHzAaiMehFVnmTR8vornLHY2YAng1.WLXCb1fh2', '먞rka Va켿kov치');
INSERT INTO public.pop_user (id, password, username) VALUES (20240146, '$2a$10$wGsK.NFQiT21qs/PuDBCNOmzuebBQZl0VbT5wm6L69W5zIysrOrta', 'macik');
INSERT INTO public.pop_user (id, password, username) VALUES (20240147, '$2a$10$YRIuXMHs.6VMLo0FQyv1l.TprFWMCWt6T9KXK0TFUoCHl4/Kn6w3a', 'Ji콏칤 Dan캩k');
INSERT INTO public.pop_user (id, password, username) VALUES (20240148, '$2a$10$qjkoJbFPlmscib69ZppOO.MeWNKRWIT/kAK0L7YAj7hJXzyQwOp7u', 'Ondra');
INSERT INTO public.pop_user (id, password, username) VALUES (20240149, '$2a$10$i/4gIC4YypC02s17teAICOew1IQeh/KBMCfKl1hlMENVnaw/qQXjG', 'Ren칠 Je콏치bek');
INSERT INTO public.pop_user (id, password, username) VALUES (20240153, '$2a$10$/1rNxxrhNaSL5c2MnQxW/Ormefv9UF5b7pviMW6D12CKMUKZ3sJnu', 'Michal B캩h콢nek');
INSERT INTO public.pop_user (id, password, username) VALUES (20240155, '$2a$10$7zBcvDCqH7pSqfgHJZ5Xdujn67RKj6.lksOWC3ja1rnmf9ruwoMM.', 'plavec');
INSERT INTO public.pop_user (id, password, username) VALUES (20240141, '$2a$10$w/9edA0ZrZgQm8hjwnHmVuxwqnNgse.hIcLKDve1fOkL.5BJ5AgxC', 'jiri danek');
INSERT INTO public.pop_user (id, password, username) VALUES (20240142, '$2a$10$X6nVa.Mek9kSsiGwUVdDUuS2hMkJSsROH.x9clQScKNb0njqc0yWe', 'bliznakova.k');
INSERT INTO public.pop_user (id, password, username) VALUES (20240143, '$2a$10$bHZfxnyKyhVFGyy2b4YYouBeL0CLSdZvAhHVUYBW3CsMYrpKXfhPW', 'Diana');
INSERT INTO public.pop_user (id, password, username) VALUES (20240144, '$2a$10$E.RX8f9RQYjTrlMNZD1MIeygkQJCfqyURmerjufQAhPXREREP/qsK', 'Martin Miku코ek');
INSERT INTO public.pop_user (id, password, username) VALUES (20240145, '$2a$10$tMtWsAEtMJH4ViHhUjm4buOZ3kmwnreLI3yDNt2D7uYgmmDIKAjwi', 'david r치b');
INSERT INTO public.pop_user (id, password, username) VALUES (20240150, '$2a$10$LriuZ5qY/2gzk4Pa4fBsw.9fopDpIVDU51m7v3Ft4i3H33uQr2oce', 'Ond콏ej Grycman');
INSERT INTO public.pop_user (id, password, username) VALUES (20240151, '$2a$10$I.6LtcnOF66cVgk0EySlM.z4v5VeuC5oPu/tMCb5rE/Iv0i5LUWyG', 'Lenka Molkov치');
INSERT INTO public.pop_user (id, password, username) VALUES (20240152, '$2a$10$a/PMhBGtgu4Aa5qMyp49Iukb.kw8UkNn8xmQMecD8uSmCvVw9/VNG', 'Tom치코 V캜elica');
INSERT INTO public.pop_user (id, password, username) VALUES (20240154, '$2a$10$se.pm9HJyDru1pfvdQVwXu0ogIWwepDfhlRC2J9jeSCg1mqynh7dy', 'Vaclav Jan치캜');
INSERT INTO public.pop_user (id, password, username) VALUES (20240156, '$2a$10$DOmmLSg1bn/0Orfidm8Sa.dG7QCwz6VwLBBp42YW9LwJxs99oTgmq', 'Luk치코 Riemer');
INSERT INTO public.pop_user (id, password, username) VALUES (20240157, '$2a$10$h/PpQyUwOcJsFW9e0uW/Zujkg4z/LOd8KbFLpl3XG9ubFd0iUtyvy', 'Team Arnie');
INSERT INTO public.pop_user (id, password, username) VALUES (20240158, '$2a$10$TwFZF26Qe2wGc9pW6r7DU.7gNS4V.tCOX/tMsoReJtv2WdVhiRJsK', 'DianaLenkaLacoLenka');
INSERT INTO public.pop_user (id, password, username) VALUES (20240159, '$2a$10$Qtz9e0XiNjVV.UXHeKR91.2u4lHF0GLJF5Imn5oT1ej/uCT6dHOL6', 'V캩ra');
INSERT INTO public.pop_user (id, password, username) VALUES (20240160, '$2a$10$dYkg6UtU1Hf9wgpDr/SXtO5uuvBxkqGrRfcxlHWhTg9igIcp/dws2', 'Leninka Molkov치');
INSERT INTO public.pop_user (id, password, username) VALUES (20240161, '$2a$10$kg26b0dgyxUxCoAeiGLrSuORKV51KTHxDGZkvZgofg5dmrRGZ7nyq', 'Michal Baran');
INSERT INTO public.pop_user (id, password, username) VALUES (20240162, '$2a$10$aZSTjUaXBWJ68jwlNs4Rx.VNNmiq6xLoeC95wQiK3Sad3Dl7NcW9G', '말mon');
INSERT INTO public.pop_user (id, password, username) VALUES (20240163, '$2a$10$KqOwzJBCnp8KMdeid0ch6enEBSyq5CKSgDMhOXjCq9e6jzfa1uN3q', 'V치clav');
INSERT INTO public.pop_user (id, password, username) VALUES (20240164, '$2a$10$eFsuyLYj5HAH.wc38DRNkeEmYsylgOxMPa9eXQo0nwmZ0Sok8bXW2', 'The Boys');
INSERT INTO public.pop_user (id, password, username) VALUES (20240165, '$2a$10$yRAdmgD3DYjElZ2qrSZUEebQoow5XXfVUjzhZxqa6VTtpIJ6aD/c6', 'Ondris');
INSERT INTO public.pop_user (id, password, username) VALUES (20240166, '$2a$10$TotxOgoN71g9VKF1TSraFuw.7h4i/eAWNK9YSjkrlwJqOW0hrVjGW', 'Mark칠ta 맔칤dov치');
INSERT INTO public.pop_user (id, password, username) VALUES (20240167, '$2a$10$4o71u8IssAK9qLn8DjqgveXPUY0z2GNfaFeFDc77O4sBOpxsuqVoW', 'Ly코ania');
INSERT INTO public.pop_user (id, password, username) VALUES (20240168, '$2a$10$T0jfbon8JtWdkOAhTui1ge6/tern3vmmCz1JfbR7cbAIxUg5q9XC6', '맚캩p치n Soukup');
INSERT INTO public.pop_user (id, password, username) VALUES (20240169, '$2a$10$ffkISdQ1hq2hGje1SZGXW.bjbBN.RRpe9Jl7pP7c2UXlz5N0Xvftq', 'Barbora Sklenovsk치');
INSERT INTO public.pop_user (id, password, username) VALUES (20240170, '$2a$10$KtJrsQPGpyV54SyY7qKQ9O844Dr/laHz4LR1cWhXHIEVt5P1A8qMm', 'Lenka');
INSERT INTO public.pop_user (id, password, username) VALUES (20240171, '$2a$10$Dmkr4bUx9EYhWqDZJ9lMTO1aCoCKxaSPJCd6x6D5R3h65YtIFlYKC', 'Iveta Zetakova');
INSERT INTO public.pop_user (id, password, username) VALUES (20240172, '$2a$10$Px55tr12Mww0N3woNc9.oO1s9iKKxge3CWr/ZEwr9LIZ921i2oi4G', '말mon 먠벼stn칳');
INSERT INTO public.pop_user (id, password, username) VALUES (20240173, '$2a$10$1Abj9xNY19Dbuint5zJzS.bZpTcPY6hCO3G29AFXc79S3bhkdWlAK', 'Jitka Kunovska');
INSERT INTO public.pop_user (id, password, username) VALUES (20240174, '$2a$10$BR0/IZWCoo1/hITqCuP3DO68wd3YJVQsYGHFHXRyQQoHL4kDsVFeW', 'Lenka Da켿kov치');
INSERT INTO public.pop_user (id, password, username) VALUES (20240175, '$2a$10$mC9ehy.fLepKH23fh6Vzvu9zn75CB0kPyHFGKm4n/3dkxlGVqeutO', 'Ludevit');
INSERT INTO public.pop_user (id, password, username) VALUES (20240176, '$2a$10$FQhPZnRBGa4cvzZcOu0gguimK3lGMdsajs.YhiwBbYyP8NzAWR4ga', '코t캩pis');
INSERT INTO public.pop_user (id, password, username) VALUES (20240177, '$2a$10$z7X1MdZZKgyDDk1uBWAPou6Ke.wX.rdvcvFkDKesUxRhjjAY3kyAO', 'Jakub Krop치캜ek');
INSERT INTO public.pop_user (id, password, username) VALUES (20240178, '$2a$10$4RcHxNNw30Y5.toJ4sLFg.OpgY7bbSSpcHgCV5C99C.LTbjZgOTLi', 'Honza a Sim캜a');
INSERT INTO public.pop_user (id, password, username) VALUES (20240179, '$2a$10$8xQxrB5Zh5pYgwR5fDyXTuRwiyf3RmNqgp9qVY0kmt2A2eG8TprjG', 'Monika');
INSERT INTO public.pop_user (id, password, username) VALUES (20240180, '$2a$10$AnFLXGX0AeBP3XD90/TAsu07.cAd9/fplGl9B75G/impWSDiSYC3e', 'Anna Kunderov치');
INSERT INTO public.pop_user (id, password, username) VALUES (20240181, '$2a$10$slHP5bqjCCpKa3m7DqDiJOP3g3gGz2hH1VwMMu.FgdDCW4/uG5dqu', 'Lenka Zlochov치');
INSERT INTO public.pop_user (id, password, username) VALUES (20240182, '$2a$10$vvGyqBu4eeYrjbz1tX9XhuOcxZwWMaSFlKrGHVTG2MX6OAjBJIhqi', 'Martin Ze콘치k');
INSERT INTO public.pop_user (id, password, username) VALUES (20240183, '$2a$10$mdyYYTCd5gEqRBXqF3Qo4O3ySEPC3pfyhcwT/NdrPjhGJk3dflIga', 'Ond콏ej Hol칤k');
INSERT INTO public.pop_user (id, password, username) VALUES (20240184, '$2a$10$XKh8UDbyTbtaBlC8MEtTR.fxTG3g3uaoDg2hKAC/waFWXM.hvnAQ6', 'Pytel');
INSERT INTO public.pop_user (id, password, username) VALUES (20240185, '$2a$10$8lVmlt9CBmvce1vjvQRNeegSuWn67b0n1rwn.qPHvt7zEmJNuyrfy', 'hana mondekova');
INSERT INTO public.pop_user (id, password, username) VALUES (20240186, '$2a$10$sqXi30s8aH9rUbNdTI8Nze33zXwXgp7JV7Ema63gQtVnra0avcUvO', 'Stanislav Bedlek');
INSERT INTO public.pop_user (id, password, username) VALUES (20240187, '$2a$10$qYPTAH6rjKTGj29F/abYT.FG4DUiAh9.IzXo.bcNjMEEQjJngOTaS', 'Mark칠ta Mouric');
INSERT INTO public.pop_user (id, password, username) VALUES (20240188, '$2a$10$sWBxijMZmuZyKT918Xj49utanGa/Vuo.Xd/S1OnOlJHYmcRtFq5fa', 'Daniel Bla쬰k');
INSERT INTO public.pop_user (id, password, username) VALUES (20240189, '$2a$10$uWwvfKETZyCCaBFd/n.IgO6ns/g3R6gnAYca37Jbv86Rg5CHpY5Gi', 'Martin mi캜ka');
INSERT INTO public.pop_user (id, password, username) VALUES (20240190, '$2a$10$dZZGQRoagKDG69ifDsjv1e3eKUdRnRGE.n4615JEkZkDXo7DdHYy6', 'Martin v캜elica');
INSERT INTO public.pop_user (id, password, username) VALUES (20240191, '$2a$10$Zinhyl05YMiIIgTEL1St7O4gY0aYYM7ol7nlSmy3d.gnC8J/QWGHu', 'Arny');
INSERT INTO public.pop_user (id, password, username) VALUES (20240192, '$2a$10$A/YrHdT6sdFzpgZFmGqsIeri4d8FiZYdH9ENI8p0gYSnvhjJXdYyC', 'vcela05');
INSERT INTO public.pop_user (id, password, username) VALUES (20240193, '$2a$10$al0dBgbIOWpnRLAYJLWxVuW0sg1wlGiUCGh9jR2VxzzbbitUDb3QW', 'B콏etislav zicha');
INSERT INTO public.pop_user (id, password, username) VALUES (20240194, '$2a$10$rhB3by1XmOhFDiud.NweDu3sF8FChonswbWKzECvsJG9ecTOn2oau', 'Miroslav Coufal');
INSERT INTO public.pop_user (id, password, username) VALUES (20240195, '$2a$10$vBVkXAZ8FOgFo3ZyTShKaunl.m607oOYN0grDj7mN7uRWWnN2OhD6', 'Michal Jan치캜');
INSERT INTO public.pop_user (id, password, username) VALUES (20240196, '$2a$10$NPmscJANJM/iG7koIrApxeSGzEwFCJfWLYXgJUg6.leY45uRcyXYy', 'DAVID JAN츼캛');
INSERT INTO public.pop_user (id, password, username) VALUES (20240197, '$2a$10$1Y/QESne06xlpJ0HEYO74.xqNcByOeBIYGIv81yMe6PYVLMppfCUW', 'Jitka Coufalov치');
INSERT INTO public.pop_user (id, password, username) VALUES (20240198, '$2a$10$GMH.lE6ytW8TZXz9Yz8//eKCQgkxxQaKeLlGhcvLh8Km/NURRIvP6', 'Jitka Kunovsk치');
INSERT INTO public.pop_user (id, password, username) VALUES (20240199, '$2a$10$rjy3OXK2YfbeKDua9iP4VOGBNbcDZNzaUpk40tX1HEH4iR8v43pwG', 'Tom치코 Kozub칤k');
INSERT INTO public.pop_user (id, password, username) VALUES (20240200, '$2a$10$SRQovpQmjZ7Ou8GkgHEWAejLevcelkEnykoJuE.INrdB3uaAqa3bS', 'Roman F');
INSERT INTO public.pop_user (id, password, username) VALUES (20240201, '$2a$10$r7pvnExpi/E.6Ech7q/fBe/OGGzq4R0rQpliCFDkI44Y3NyYh4lUm', 'vendula');
INSERT INTO public.pop_user (id, password, username) VALUES (20240202, '$2a$10$vWIDkmlULmWOiFSvxqnlIet/EIScPbCrIP5G2OCpCN9pPHOb5st8W', 'vendelinvg');
INSERT INTO public.pop_user (id, password, username) VALUES (20240203, '$2a$10$EOdpRvO2OQLkb9G1c1FSluRRIao4LZxDG8.ftwONF61M0jyZhEJau', 'Tom치코 Seman칤k');
INSERT INTO public.pop_user (id, password, username) VALUES (20240204, '$2a$10$gKE.28iyBUFU6lmI64JIxe1lGHllqXZ8jFUX3CXHOI5VX3yF5cwqe', 'Kate콏ina');
INSERT INTO public.pop_user (id, password, username) VALUES (20240205, '$2a$10$kYps3uBN9IDiNLSjwO4BIewu7rNzfw7MUS8eaLxROqaLCp8dnQ8oW', 'Tom치코 Jan치캜');
INSERT INTO public.pop_user (id, password, username) VALUES (20240206, '$2a$10$GcEdjyVlRnqWeLlKTHgl8uVt1M6Q/55zDma.mv3Y5PGNsRVAR8laq', 'Iva Kratinov치');
INSERT INTO public.pop_user (id, password, username) VALUES (20240207, '$2a$10$Q9XeanSTtVSeZ0KMRZ541ucHu0.UsyWkDzsjqftKr/QkcPKAwrFv2', 'Pavl칤na Macha캜ov치');
INSERT INTO public.pop_user (id, password, username) VALUES (20240208, '$2a$10$3C9q/7l8hD4QZL2kDJaM4e2x4uAwlU0oBmhzgfot6G6.y8ikfbOh6', 'Kry코tof Martin Knebl칤k');
INSERT INTO public.pop_user (id, password, username) VALUES (20240209, '$2a$10$CM6gjHYwE31skVAt.D.3PulfSXPRr4xuGN22z9EjH2DzWVindJUU2', 'Ani캜ka Kunovsk치');
INSERT INTO public.pop_user (id, password, username) VALUES (20240210, '$2a$10$cP70scwTGmyN.zBnOUuHaOKcuV4Lri767vrfVtyGzj91Ad6Fr/Ub6', 'David Kratina');
INSERT INTO public.pop_user (id, password, username) VALUES (20240211, '$2a$10$UpsNu6SYHp.l0G9p8AnGzOKxgarjAt/5dvEgv.t/6/974oG4ie1Q6', 'Kate콏ina Knebl칤k');
INSERT INTO public.pop_user (id, password, username) VALUES (20240212, '$2a$10$bJnGD0gKgYz0NGbnyEGMSehPIRorkx9lGezN6FSBfroJydLV1wZom', 'Kate콏ina Mare캜kov치');
INSERT INTO public.pop_user (id, password, username) VALUES (20240213, '$2a$10$/xh.0K9.pIi/xAfjEpQvS.yOBNljoOxAwjFHrOlSICqnTJRQmgaeu', 'Filip Rozsypal');
INSERT INTO public.pop_user (id, password, username) VALUES (20240214, '$2a$10$CP3Zv0P8n23bETeR0KIPVefhWPrPar9IWqZFdrim1wWiKxZPaP0.u', 'Veronika Knebl칤k');
INSERT INTO public.pop_user (id, password, username) VALUES (20240215, '$2a$10$VS8zplQmz2B8klNt5C2/k.xSWGa5XIb/EyI0UGlB0Bv2TX36zgIZm', 'Adam Tome캜ek');
INSERT INTO public.pop_user (id, password, username) VALUES (20240216, '$2a$10$1Wqp/K9csHduXLojq3r4EOGzuUR/vCmnn.wboirpV2fXb/dUWR7y6', 'Tomas Janac');
INSERT INTO public.pop_user (id, password, username) VALUES (20240217, '$2a$10$wLQSSGBDQg1HOLqMZE/FMOQ6mF3DRDL60BjjZ/EDmOLaG1V4fu/gi', 'Stanislas');
INSERT INTO public.pop_user (id, password, username) VALUES (20240218, '$2a$10$EdFVn5F1A/bFVxx.3k.29uCPgdG9jBNPdCKO0o416QGtcwQH91GCy', 'Nandosak');
INSERT INTO public.pop_user (id, password, username) VALUES (20240220, '$2a$10$sXQkAkiHr50oXwU83Zlje.yx4prWgVVvtcwWrsGZrF/V6Ang10dIq', 'RomanoHipHop88');
INSERT INTO public.pop_user (id, password, username) VALUES (20240221, '$2a$10$bgHMmlADOOyBDRyUDRB7Yu5M6HFMhSbHP6/20ZWLFUEmzWHE1vAGm', 'Dominik');
INSERT INTO public.pop_user (id, password, username) VALUES (20240219, '$2a$10$hxOY61Ji6Vhy3grGrwqnQON5mnli2MWQ2Qfg7vJX689GpUcCI/6Ya', 'Jan Herber');
INSERT INTO public.pop_user (id, password, username) VALUES (20240222, '$2a$10$P5JDdeD8u5uLrTfblsPSsOl3YHIjcPnBELT89vw/W9Yb0NgbXrc3m', '말mon Koval캜칤k');
INSERT INTO public.pop_user (id, password, username) VALUES (20240223, '$2a$10$Bg4KCMdVY60eBc.mGrsbW.reS0DyfgVZZN8S0LAmrLfrawn6UGtUO', 'Daniel 먠벼stn칳');
INSERT INTO public.pop_user (id, password, username) VALUES (20240224, '$2a$10$qhyGxudwqKYmO9j8qYIf7ehkiPcY/b71Nfs9Zz2QMcb6gTDjSmt7O', 'DanielHappy');
INSERT INTO public.pop_user (id, password, username) VALUES (20240225, '$2a$10$hOlnK7CDbhPYwg4Sk8OTOeZ9LJHyNMDARd6rAFd2z.HDRvJXEbwfG', 'Lucie Tome캜kov치');
INSERT INTO public.pop_user (id, password, username) VALUES (20240226, '$2a$10$5bgiXda2Q9WmXmyzPcblpuZcxxIxkRk9lVqXoxQMVpxxx.RNKBLn.', 'Val칠rie');
INSERT INTO public.pop_user (id, password, username) VALUES (20240227, '$2a$10$OPJPhMyT5ArSokGrennFn.YMIki9Atga8mq9ZlLglxI2LgxC64WiS', 'davd');
INSERT INTO public.pop_user (id, password, username) VALUES (20240228, '$2a$10$b8o8LhYmNp0/oy6nB3Ne6eDvUfBA5DAa66WmfOthQxWJLpRq4j81a', 'michaela');
INSERT INTO public.pop_user (id, password, username) VALUES (20240229, '$2a$10$tcoitntMG4vMTlsoaAe94.Y9l6J.hVjc2.VHWSgkxvZhOJ6jvqZQO', 'Petr Mar코치lek');


--
-- TOC entry 4398 (class 0 OID 2343266)
-- Dependencies: 235
-- Data for Name: user_role; Type: TABLE DATA; Schema: public; Owner: yvfqbqqqabpzca
--

INSERT INTO public.user_role (user_id, role_id) VALUES (1, 1);
INSERT INTO public.user_role (user_id, role_id) VALUES (2, 2);
INSERT INTO public.user_role (user_id, role_id) VALUES (1001, 3);
INSERT INTO public.user_role (user_id, role_id) VALUES (1003, 3);
INSERT INTO public.user_role (user_id, role_id) VALUES (1004, 3);
INSERT INTO public.user_role (user_id, role_id) VALUES (1010, 3);
INSERT INTO public.user_role (user_id, role_id) VALUES (1011, 3);
INSERT INTO public.user_role (user_id, role_id) VALUES (1012, 3);
INSERT INTO public.user_role (user_id, role_id) VALUES (1013, 3);
INSERT INTO public.user_role (user_id, role_id) VALUES (1014, 3);
INSERT INTO public.user_role (user_id, role_id) VALUES (1015, 3);
INSERT INTO public.user_role (user_id, role_id) VALUES (1016, 3);
INSERT INTO public.user_role (user_id, role_id) VALUES (1017, 3);
INSERT INTO public.user_role (user_id, role_id) VALUES (1018, 3);
INSERT INTO public.user_role (user_id, role_id) VALUES (1019, 3);
INSERT INTO public.user_role (user_id, role_id) VALUES (1020, 3);
INSERT INTO public.user_role (user_id, role_id) VALUES (1021, 3);
INSERT INTO public.user_role (user_id, role_id) VALUES (1022, 3);
INSERT INTO public.user_role (user_id, role_id) VALUES (1023, 3);
INSERT INTO public.user_role (user_id, role_id) VALUES (1024, 3);
INSERT INTO public.user_role (user_id, role_id) VALUES (1025, 3);
INSERT INTO public.user_role (user_id, role_id) VALUES (1026, 3);
INSERT INTO public.user_role (user_id, role_id) VALUES (1027, 3);
INSERT INTO public.user_role (user_id, role_id) VALUES (1028, 3);
INSERT INTO public.user_role (user_id, role_id) VALUES (1029, 3);
INSERT INTO public.user_role (user_id, role_id) VALUES (1030, 3);
INSERT INTO public.user_role (user_id, role_id) VALUES (1031, 3);
INSERT INTO public.user_role (user_id, role_id) VALUES (1032, 3);
INSERT INTO public.user_role (user_id, role_id) VALUES (1033, 3);
INSERT INTO public.user_role (user_id, role_id) VALUES (1034, 3);
INSERT INTO public.user_role (user_id, role_id) VALUES (1035, 3);
INSERT INTO public.user_role (user_id, role_id) VALUES (1036, 3);
INSERT INTO public.user_role (user_id, role_id) VALUES (1037, 3);
INSERT INTO public.user_role (user_id, role_id) VALUES (1038, 3);
INSERT INTO public.user_role (user_id, role_id) VALUES (1039, 3);
INSERT INTO public.user_role (user_id, role_id) VALUES (1040, 3);
INSERT INTO public.user_role (user_id, role_id) VALUES (1041, 3);
INSERT INTO public.user_role (user_id, role_id) VALUES (1042, 3);
INSERT INTO public.user_role (user_id, role_id) VALUES (1043, 3);
INSERT INTO public.user_role (user_id, role_id) VALUES (1044, 3);
INSERT INTO public.user_role (user_id, role_id) VALUES (1045, 3);
INSERT INTO public.user_role (user_id, role_id) VALUES (1046, 3);
INSERT INTO public.user_role (user_id, role_id) VALUES (1047, 3);
INSERT INTO public.user_role (user_id, role_id) VALUES (1048, 3);
INSERT INTO public.user_role (user_id, role_id) VALUES (1049, 3);
INSERT INTO public.user_role (user_id, role_id) VALUES (1050, 3);
INSERT INTO public.user_role (user_id, role_id) VALUES (1051, 3);
INSERT INTO public.user_role (user_id, role_id) VALUES (1052, 3);
INSERT INTO public.user_role (user_id, role_id) VALUES (1053, 3);
INSERT INTO public.user_role (user_id, role_id) VALUES (1054, 3);
INSERT INTO public.user_role (user_id, role_id) VALUES (1055, 3);
INSERT INTO public.user_role (user_id, role_id) VALUES (1056, 3);
INSERT INTO public.user_role (user_id, role_id) VALUES (1057, 3);
INSERT INTO public.user_role (user_id, role_id) VALUES (1058, 3);
INSERT INTO public.user_role (user_id, role_id) VALUES (1059, 3);
INSERT INTO public.user_role (user_id, role_id) VALUES (1060, 3);
INSERT INTO public.user_role (user_id, role_id) VALUES (1061, 3);
INSERT INTO public.user_role (user_id, role_id) VALUES (1062, 3);
INSERT INTO public.user_role (user_id, role_id) VALUES (1063, 3);
INSERT INTO public.user_role (user_id, role_id) VALUES (1064, 3);
INSERT INTO public.user_role (user_id, role_id) VALUES (1065, 3);
INSERT INTO public.user_role (user_id, role_id) VALUES (1066, 3);
INSERT INTO public.user_role (user_id, role_id) VALUES (1067, 3);
INSERT INTO public.user_role (user_id, role_id) VALUES (1068, 3);
INSERT INTO public.user_role (user_id, role_id) VALUES (1069, 3);
INSERT INTO public.user_role (user_id, role_id) VALUES (1070, 3);
INSERT INTO public.user_role (user_id, role_id) VALUES (1071, 3);
INSERT INTO public.user_role (user_id, role_id) VALUES (1072, 3);
INSERT INTO public.user_role (user_id, role_id) VALUES (1073, 3);
INSERT INTO public.user_role (user_id, role_id) VALUES (1074, 3);
INSERT INTO public.user_role (user_id, role_id) VALUES (1075, 3);
INSERT INTO public.user_role (user_id, role_id) VALUES (1076, 3);
INSERT INTO public.user_role (user_id, role_id) VALUES (1077, 3);
INSERT INTO public.user_role (user_id, role_id) VALUES (1078, 3);
INSERT INTO public.user_role (user_id, role_id) VALUES (1079, 3);
INSERT INTO public.user_role (user_id, role_id) VALUES (1080, 3);
INSERT INTO public.user_role (user_id, role_id) VALUES (1081, 3);
INSERT INTO public.user_role (user_id, role_id) VALUES (1082, 3);
INSERT INTO public.user_role (user_id, role_id) VALUES (1083, 3);
INSERT INTO public.user_role (user_id, role_id) VALUES (1084, 3);
INSERT INTO public.user_role (user_id, role_id) VALUES (1085, 3);
INSERT INTO public.user_role (user_id, role_id) VALUES (1086, 3);
INSERT INTO public.user_role (user_id, role_id) VALUES (1087, 3);
INSERT INTO public.user_role (user_id, role_id) VALUES (1088, 3);
INSERT INTO public.user_role (user_id, role_id) VALUES (1089, 3);
INSERT INTO public.user_role (user_id, role_id) VALUES (1090, 3);
INSERT INTO public.user_role (user_id, role_id) VALUES (1091, 3);
INSERT INTO public.user_role (user_id, role_id) VALUES (1092, 3);
INSERT INTO public.user_role (user_id, role_id) VALUES (1093, 3);
INSERT INTO public.user_role (user_id, role_id) VALUES (1094, 3);
INSERT INTO public.user_role (user_id, role_id) VALUES (1095, 3);
INSERT INTO public.user_role (user_id, role_id) VALUES (1096, 3);
INSERT INTO public.user_role (user_id, role_id) VALUES (1097, 3);
INSERT INTO public.user_role (user_id, role_id) VALUES (1098, 3);
INSERT INTO public.user_role (user_id, role_id) VALUES (1099, 3);
INSERT INTO public.user_role (user_id, role_id) VALUES (1100, 3);
INSERT INTO public.user_role (user_id, role_id) VALUES (1101, 3);
INSERT INTO public.user_role (user_id, role_id) VALUES (1102, 3);
INSERT INTO public.user_role (user_id, role_id) VALUES (1103, 3);
INSERT INTO public.user_role (user_id, role_id) VALUES (1104, 3);
INSERT INTO public.user_role (user_id, role_id) VALUES (1105, 3);
INSERT INTO public.user_role (user_id, role_id) VALUES (1106, 3);
INSERT INTO public.user_role (user_id, role_id) VALUES (1107, 3);
INSERT INTO public.user_role (user_id, role_id) VALUES (1108, 3);
INSERT INTO public.user_role (user_id, role_id) VALUES (1109, 3);
INSERT INTO public.user_role (user_id, role_id) VALUES (1110, 3);
INSERT INTO public.user_role (user_id, role_id) VALUES (1111, 3);
INSERT INTO public.user_role (user_id, role_id) VALUES (1112, 3);
INSERT INTO public.user_role (user_id, role_id) VALUES (1113, 3);
INSERT INTO public.user_role (user_id, role_id) VALUES (1114, 3);
INSERT INTO public.user_role (user_id, role_id) VALUES (1115, 3);
INSERT INTO public.user_role (user_id, role_id) VALUES (1116, 3);
INSERT INTO public.user_role (user_id, role_id) VALUES (1117, 3);
INSERT INTO public.user_role (user_id, role_id) VALUES (1118, 3);
INSERT INTO public.user_role (user_id, role_id) VALUES (1119, 3);
INSERT INTO public.user_role (user_id, role_id) VALUES (1120, 3);
INSERT INTO public.user_role (user_id, role_id) VALUES (1121, 3);
INSERT INTO public.user_role (user_id, role_id) VALUES (1122, 3);
INSERT INTO public.user_role (user_id, role_id) VALUES (1123, 3);
INSERT INTO public.user_role (user_id, role_id) VALUES (1124, 3);
INSERT INTO public.user_role (user_id, role_id) VALUES (1125, 3);
INSERT INTO public.user_role (user_id, role_id) VALUES (1126, 3);
INSERT INTO public.user_role (user_id, role_id) VALUES (1127, 3);
INSERT INTO public.user_role (user_id, role_id) VALUES (1128, 3);
INSERT INTO public.user_role (user_id, role_id) VALUES (1129, 3);
INSERT INTO public.user_role (user_id, role_id) VALUES (1130, 3);
INSERT INTO public.user_role (user_id, role_id) VALUES (1131, 3);
INSERT INTO public.user_role (user_id, role_id) VALUES (1132, 3);
INSERT INTO public.user_role (user_id, role_id) VALUES (1133, 3);
INSERT INTO public.user_role (user_id, role_id) VALUES (1134, 3);
INSERT INTO public.user_role (user_id, role_id) VALUES (1135, 3);
INSERT INTO public.user_role (user_id, role_id) VALUES (1136, 3);
INSERT INTO public.user_role (user_id, role_id) VALUES (1137, 3);
INSERT INTO public.user_role (user_id, role_id) VALUES (1138, 3);
INSERT INTO public.user_role (user_id, role_id) VALUES (1139, 3);
INSERT INTO public.user_role (user_id, role_id) VALUES (1140, 3);
INSERT INTO public.user_role (user_id, role_id) VALUES (1141, 3);
INSERT INTO public.user_role (user_id, role_id) VALUES (1142, 3);
INSERT INTO public.user_role (user_id, role_id) VALUES (1143, 3);
INSERT INTO public.user_role (user_id, role_id) VALUES (1144, 3);
INSERT INTO public.user_role (user_id, role_id) VALUES (1145, 3);
INSERT INTO public.user_role (user_id, role_id) VALUES (1146, 3);
INSERT INTO public.user_role (user_id, role_id) VALUES (1147, 3);
INSERT INTO public.user_role (user_id, role_id) VALUES (1148, 3);
INSERT INTO public.user_role (user_id, role_id) VALUES (1149, 3);
INSERT INTO public.user_role (user_id, role_id) VALUES (1150, 3);
INSERT INTO public.user_role (user_id, role_id) VALUES (1151, 3);
INSERT INTO public.user_role (user_id, role_id) VALUES (1152, 3);
INSERT INTO public.user_role (user_id, role_id) VALUES (1153, 3);
INSERT INTO public.user_role (user_id, role_id) VALUES (1154, 3);
INSERT INTO public.user_role (user_id, role_id) VALUES (1155, 3);
INSERT INTO public.user_role (user_id, role_id) VALUES (1156, 3);
INSERT INTO public.user_role (user_id, role_id) VALUES (1157, 3);
INSERT INTO public.user_role (user_id, role_id) VALUES (1158, 3);
INSERT INTO public.user_role (user_id, role_id) VALUES (1159, 3);
INSERT INTO public.user_role (user_id, role_id) VALUES (1160, 3);
INSERT INTO public.user_role (user_id, role_id) VALUES (1161, 3);
INSERT INTO public.user_role (user_id, role_id) VALUES (1162, 3);
INSERT INTO public.user_role (user_id, role_id) VALUES (1163, 3);
INSERT INTO public.user_role (user_id, role_id) VALUES (1164, 3);
INSERT INTO public.user_role (user_id, role_id) VALUES (1165, 3);
INSERT INTO public.user_role (user_id, role_id) VALUES (1166, 3);
INSERT INTO public.user_role (user_id, role_id) VALUES (1167, 3);
INSERT INTO public.user_role (user_id, role_id) VALUES (1168, 3);
INSERT INTO public.user_role (user_id, role_id) VALUES (1169, 3);
INSERT INTO public.user_role (user_id, role_id) VALUES (1170, 3);
INSERT INTO public.user_role (user_id, role_id) VALUES (1171, 3);
INSERT INTO public.user_role (user_id, role_id) VALUES (1172, 3);
INSERT INTO public.user_role (user_id, role_id) VALUES (1173, 3);
INSERT INTO public.user_role (user_id, role_id) VALUES (1174, 3);
INSERT INTO public.user_role (user_id, role_id) VALUES (1175, 3);
INSERT INTO public.user_role (user_id, role_id) VALUES (1176, 3);
INSERT INTO public.user_role (user_id, role_id) VALUES (1177, 3);
INSERT INTO public.user_role (user_id, role_id) VALUES (1178, 3);
INSERT INTO public.user_role (user_id, role_id) VALUES (1179, 3);
INSERT INTO public.user_role (user_id, role_id) VALUES (1180, 3);
INSERT INTO public.user_role (user_id, role_id) VALUES (1181, 3);
INSERT INTO public.user_role (user_id, role_id) VALUES (1182, 3);
INSERT INTO public.user_role (user_id, role_id) VALUES (1183, 3);
INSERT INTO public.user_role (user_id, role_id) VALUES (1184, 3);
INSERT INTO public.user_role (user_id, role_id) VALUES (1185, 3);
INSERT INTO public.user_role (user_id, role_id) VALUES (1186, 3);
INSERT INTO public.user_role (user_id, role_id) VALUES (1187, 3);
INSERT INTO public.user_role (user_id, role_id) VALUES (1188, 3);
INSERT INTO public.user_role (user_id, role_id) VALUES (1189, 3);
INSERT INTO public.user_role (user_id, role_id) VALUES (1190, 3);
INSERT INTO public.user_role (user_id, role_id) VALUES (1191, 3);
INSERT INTO public.user_role (user_id, role_id) VALUES (1192, 3);
INSERT INTO public.user_role (user_id, role_id) VALUES (1193, 3);
INSERT INTO public.user_role (user_id, role_id) VALUES (1194, 3);
INSERT INTO public.user_role (user_id, role_id) VALUES (1195, 3);
INSERT INTO public.user_role (user_id, role_id) VALUES (1196, 3);
INSERT INTO public.user_role (user_id, role_id) VALUES (1197, 3);
INSERT INTO public.user_role (user_id, role_id) VALUES (1198, 3);
INSERT INTO public.user_role (user_id, role_id) VALUES (1199, 3);
INSERT INTO public.user_role (user_id, role_id) VALUES (1200, 3);
INSERT INTO public.user_role (user_id, role_id) VALUES (1201, 3);
INSERT INTO public.user_role (user_id, role_id) VALUES (1202, 3);
INSERT INTO public.user_role (user_id, role_id) VALUES (1203, 3);
INSERT INTO public.user_role (user_id, role_id) VALUES (1204, 3);
INSERT INTO public.user_role (user_id, role_id) VALUES (1205, 3);
INSERT INTO public.user_role (user_id, role_id) VALUES (1206, 3);
INSERT INTO public.user_role (user_id, role_id) VALUES (1207, 3);
INSERT INTO public.user_role (user_id, role_id) VALUES (1208, 3);
INSERT INTO public.user_role (user_id, role_id) VALUES (1209, 3);
INSERT INTO public.user_role (user_id, role_id) VALUES (1210, 3);
INSERT INTO public.user_role (user_id, role_id) VALUES (1211, 3);
INSERT INTO public.user_role (user_id, role_id) VALUES (1212, 3);
INSERT INTO public.user_role (user_id, role_id) VALUES (1213, 3);
INSERT INTO public.user_role (user_id, role_id) VALUES (1214, 3);
INSERT INTO public.user_role (user_id, role_id) VALUES (1215, 3);
INSERT INTO public.user_role (user_id, role_id) VALUES (1216, 3);
INSERT INTO public.user_role (user_id, role_id) VALUES (1217, 3);
INSERT INTO public.user_role (user_id, role_id) VALUES (1218, 3);
INSERT INTO public.user_role (user_id, role_id) VALUES (1219, 3);
INSERT INTO public.user_role (user_id, role_id) VALUES (1220, 3);
INSERT INTO public.user_role (user_id, role_id) VALUES (1221, 3);
INSERT INTO public.user_role (user_id, role_id) VALUES (20240000, 3);
INSERT INTO public.user_role (user_id, role_id) VALUES (20240002, 3);
INSERT INTO public.user_role (user_id, role_id) VALUES (20240003, 3);
INSERT INTO public.user_role (user_id, role_id) VALUES (20240004, 3);
INSERT INTO public.user_role (user_id, role_id) VALUES (20240005, 3);
INSERT INTO public.user_role (user_id, role_id) VALUES (20240006, 3);
INSERT INTO public.user_role (user_id, role_id) VALUES (20240007, 3);
INSERT INTO public.user_role (user_id, role_id) VALUES (20240008, 3);
INSERT INTO public.user_role (user_id, role_id) VALUES (20240009, 3);
INSERT INTO public.user_role (user_id, role_id) VALUES (20240010, 3);
INSERT INTO public.user_role (user_id, role_id) VALUES (20240011, 3);
INSERT INTO public.user_role (user_id, role_id) VALUES (20240012, 3);
INSERT INTO public.user_role (user_id, role_id) VALUES (20240013, 3);
INSERT INTO public.user_role (user_id, role_id) VALUES (20240014, 3);
INSERT INTO public.user_role (user_id, role_id) VALUES (20240015, 3);
INSERT INTO public.user_role (user_id, role_id) VALUES (20240016, 3);
INSERT INTO public.user_role (user_id, role_id) VALUES (20240017, 3);
INSERT INTO public.user_role (user_id, role_id) VALUES (20240018, 3);
INSERT INTO public.user_role (user_id, role_id) VALUES (20240019, 3);
INSERT INTO public.user_role (user_id, role_id) VALUES (20240020, 3);
INSERT INTO public.user_role (user_id, role_id) VALUES (20240021, 3);
INSERT INTO public.user_role (user_id, role_id) VALUES (20240022, 3);
INSERT INTO public.user_role (user_id, role_id) VALUES (20240023, 3);
INSERT INTO public.user_role (user_id, role_id) VALUES (20240024, 3);
INSERT INTO public.user_role (user_id, role_id) VALUES (20240025, 3);
INSERT INTO public.user_role (user_id, role_id) VALUES (20240026, 3);
INSERT INTO public.user_role (user_id, role_id) VALUES (20240027, 3);
INSERT INTO public.user_role (user_id, role_id) VALUES (20240028, 3);
INSERT INTO public.user_role (user_id, role_id) VALUES (20240029, 3);
INSERT INTO public.user_role (user_id, role_id) VALUES (20240030, 3);
INSERT INTO public.user_role (user_id, role_id) VALUES (20240031, 3);
INSERT INTO public.user_role (user_id, role_id) VALUES (20240032, 3);
INSERT INTO public.user_role (user_id, role_id) VALUES (20240033, 3);
INSERT INTO public.user_role (user_id, role_id) VALUES (20240034, 3);
INSERT INTO public.user_role (user_id, role_id) VALUES (20240035, 3);
INSERT INTO public.user_role (user_id, role_id) VALUES (20240036, 3);
INSERT INTO public.user_role (user_id, role_id) VALUES (20240037, 3);
INSERT INTO public.user_role (user_id, role_id) VALUES (20240038, 3);
INSERT INTO public.user_role (user_id, role_id) VALUES (20240039, 3);
INSERT INTO public.user_role (user_id, role_id) VALUES (20240040, 3);
INSERT INTO public.user_role (user_id, role_id) VALUES (20240041, 3);
INSERT INTO public.user_role (user_id, role_id) VALUES (20240042, 3);
INSERT INTO public.user_role (user_id, role_id) VALUES (20240043, 3);
INSERT INTO public.user_role (user_id, role_id) VALUES (20240044, 3);
INSERT INTO public.user_role (user_id, role_id) VALUES (20240045, 3);
INSERT INTO public.user_role (user_id, role_id) VALUES (20240046, 3);
INSERT INTO public.user_role (user_id, role_id) VALUES (20240047, 3);
INSERT INTO public.user_role (user_id, role_id) VALUES (20240048, 3);
INSERT INTO public.user_role (user_id, role_id) VALUES (20240049, 3);
INSERT INTO public.user_role (user_id, role_id) VALUES (20240050, 3);
INSERT INTO public.user_role (user_id, role_id) VALUES (20240051, 3);
INSERT INTO public.user_role (user_id, role_id) VALUES (20240052, 3);
INSERT INTO public.user_role (user_id, role_id) VALUES (20240053, 3);
INSERT INTO public.user_role (user_id, role_id) VALUES (20240054, 3);
INSERT INTO public.user_role (user_id, role_id) VALUES (20240055, 3);
INSERT INTO public.user_role (user_id, role_id) VALUES (20240056, 3);
INSERT INTO public.user_role (user_id, role_id) VALUES (20240057, 3);
INSERT INTO public.user_role (user_id, role_id) VALUES (20240058, 3);
INSERT INTO public.user_role (user_id, role_id) VALUES (20240059, 3);
INSERT INTO public.user_role (user_id, role_id) VALUES (20240060, 3);
INSERT INTO public.user_role (user_id, role_id) VALUES (20240061, 3);
INSERT INTO public.user_role (user_id, role_id) VALUES (20240062, 3);
INSERT INTO public.user_role (user_id, role_id) VALUES (20240063, 3);
INSERT INTO public.user_role (user_id, role_id) VALUES (20240064, 3);
INSERT INTO public.user_role (user_id, role_id) VALUES (20240065, 3);
INSERT INTO public.user_role (user_id, role_id) VALUES (20240066, 3);
INSERT INTO public.user_role (user_id, role_id) VALUES (20240067, 3);
INSERT INTO public.user_role (user_id, role_id) VALUES (20240068, 3);
INSERT INTO public.user_role (user_id, role_id) VALUES (20240069, 3);
INSERT INTO public.user_role (user_id, role_id) VALUES (20240070, 3);
INSERT INTO public.user_role (user_id, role_id) VALUES (20240071, 3);
INSERT INTO public.user_role (user_id, role_id) VALUES (20240072, 3);
INSERT INTO public.user_role (user_id, role_id) VALUES (20240073, 3);
INSERT INTO public.user_role (user_id, role_id) VALUES (20240074, 3);
INSERT INTO public.user_role (user_id, role_id) VALUES (20240075, 3);
INSERT INTO public.user_role (user_id, role_id) VALUES (20240076, 3);
INSERT INTO public.user_role (user_id, role_id) VALUES (20240077, 3);
INSERT INTO public.user_role (user_id, role_id) VALUES (20240078, 3);
INSERT INTO public.user_role (user_id, role_id) VALUES (20240079, 3);
INSERT INTO public.user_role (user_id, role_id) VALUES (20240080, 3);
INSERT INTO public.user_role (user_id, role_id) VALUES (20240081, 3);
INSERT INTO public.user_role (user_id, role_id) VALUES (20240082, 3);
INSERT INTO public.user_role (user_id, role_id) VALUES (20240083, 3);
INSERT INTO public.user_role (user_id, role_id) VALUES (20240084, 3);
INSERT INTO public.user_role (user_id, role_id) VALUES (20240085, 3);
INSERT INTO public.user_role (user_id, role_id) VALUES (20240086, 3);
INSERT INTO public.user_role (user_id, role_id) VALUES (20240087, 3);
INSERT INTO public.user_role (user_id, role_id) VALUES (20240088, 3);
INSERT INTO public.user_role (user_id, role_id) VALUES (20240089, 3);
INSERT INTO public.user_role (user_id, role_id) VALUES (20240090, 3);
INSERT INTO public.user_role (user_id, role_id) VALUES (20240091, 3);
INSERT INTO public.user_role (user_id, role_id) VALUES (20240092, 3);
INSERT INTO public.user_role (user_id, role_id) VALUES (20240093, 3);
INSERT INTO public.user_role (user_id, role_id) VALUES (20240094, 3);
INSERT INTO public.user_role (user_id, role_id) VALUES (20240095, 3);
INSERT INTO public.user_role (user_id, role_id) VALUES (20240096, 3);
INSERT INTO public.user_role (user_id, role_id) VALUES (20240097, 3);
INSERT INTO public.user_role (user_id, role_id) VALUES (20240098, 3);
INSERT INTO public.user_role (user_id, role_id) VALUES (20240099, 3);
INSERT INTO public.user_role (user_id, role_id) VALUES (20240100, 3);
INSERT INTO public.user_role (user_id, role_id) VALUES (20240101, 3);
INSERT INTO public.user_role (user_id, role_id) VALUES (20240102, 3);
INSERT INTO public.user_role (user_id, role_id) VALUES (20240103, 3);
INSERT INTO public.user_role (user_id, role_id) VALUES (20240104, 3);
INSERT INTO public.user_role (user_id, role_id) VALUES (20240105, 3);
INSERT INTO public.user_role (user_id, role_id) VALUES (20240106, 3);
INSERT INTO public.user_role (user_id, role_id) VALUES (20240107, 3);
INSERT INTO public.user_role (user_id, role_id) VALUES (20240108, 3);
INSERT INTO public.user_role (user_id, role_id) VALUES (20240109, 3);
INSERT INTO public.user_role (user_id, role_id) VALUES (20240110, 3);
INSERT INTO public.user_role (user_id, role_id) VALUES (20240111, 3);
INSERT INTO public.user_role (user_id, role_id) VALUES (20240112, 3);
INSERT INTO public.user_role (user_id, role_id) VALUES (20240113, 3);
INSERT INTO public.user_role (user_id, role_id) VALUES (20240114, 3);
INSERT INTO public.user_role (user_id, role_id) VALUES (20240115, 3);
INSERT INTO public.user_role (user_id, role_id) VALUES (20240116, 3);
INSERT INTO public.user_role (user_id, role_id) VALUES (20240117, 3);
INSERT INTO public.user_role (user_id, role_id) VALUES (20240118, 3);
INSERT INTO public.user_role (user_id, role_id) VALUES (20240119, 3);
INSERT INTO public.user_role (user_id, role_id) VALUES (20240120, 3);
INSERT INTO public.user_role (user_id, role_id) VALUES (20240121, 3);
INSERT INTO public.user_role (user_id, role_id) VALUES (20240122, 3);
INSERT INTO public.user_role (user_id, role_id) VALUES (20240123, 3);
INSERT INTO public.user_role (user_id, role_id) VALUES (20240124, 3);
INSERT INTO public.user_role (user_id, role_id) VALUES (20240125, 3);
INSERT INTO public.user_role (user_id, role_id) VALUES (20240126, 3);
INSERT INTO public.user_role (user_id, role_id) VALUES (20240127, 3);
INSERT INTO public.user_role (user_id, role_id) VALUES (20240128, 3);
INSERT INTO public.user_role (user_id, role_id) VALUES (20240129, 3);
INSERT INTO public.user_role (user_id, role_id) VALUES (20240130, 3);
INSERT INTO public.user_role (user_id, role_id) VALUES (20240131, 3);
INSERT INTO public.user_role (user_id, role_id) VALUES (20240132, 3);
INSERT INTO public.user_role (user_id, role_id) VALUES (20240133, 3);
INSERT INTO public.user_role (user_id, role_id) VALUES (20240134, 3);
INSERT INTO public.user_role (user_id, role_id) VALUES (20240135, 3);
INSERT INTO public.user_role (user_id, role_id) VALUES (20240136, 3);
INSERT INTO public.user_role (user_id, role_id) VALUES (20240137, 3);
INSERT INTO public.user_role (user_id, role_id) VALUES (20240138, 3);
INSERT INTO public.user_role (user_id, role_id) VALUES (20240139, 3);
INSERT INTO public.user_role (user_id, role_id) VALUES (20240140, 3);
INSERT INTO public.user_role (user_id, role_id) VALUES (20240141, 3);
INSERT INTO public.user_role (user_id, role_id) VALUES (20240142, 3);
INSERT INTO public.user_role (user_id, role_id) VALUES (20240143, 3);
INSERT INTO public.user_role (user_id, role_id) VALUES (20240144, 3);
INSERT INTO public.user_role (user_id, role_id) VALUES (20240145, 3);
INSERT INTO public.user_role (user_id, role_id) VALUES (20240146, 3);
INSERT INTO public.user_role (user_id, role_id) VALUES (20240147, 3);
INSERT INTO public.user_role (user_id, role_id) VALUES (20240148, 3);
INSERT INTO public.user_role (user_id, role_id) VALUES (20240149, 3);
INSERT INTO public.user_role (user_id, role_id) VALUES (20240150, 3);
INSERT INTO public.user_role (user_id, role_id) VALUES (20240151, 3);
INSERT INTO public.user_role (user_id, role_id) VALUES (20240152, 3);
INSERT INTO public.user_role (user_id, role_id) VALUES (20240153, 3);
INSERT INTO public.user_role (user_id, role_id) VALUES (20240154, 3);
INSERT INTO public.user_role (user_id, role_id) VALUES (20240156, 3);
INSERT INTO public.user_role (user_id, role_id) VALUES (20240157, 3);
INSERT INTO public.user_role (user_id, role_id) VALUES (20240155, 3);
INSERT INTO public.user_role (user_id, role_id) VALUES (20240158, 3);
INSERT INTO public.user_role (user_id, role_id) VALUES (20240159, 3);
INSERT INTO public.user_role (user_id, role_id) VALUES (20240160, 3);
INSERT INTO public.user_role (user_id, role_id) VALUES (20240161, 3);
INSERT INTO public.user_role (user_id, role_id) VALUES (20240162, 3);
INSERT INTO public.user_role (user_id, role_id) VALUES (20240163, 3);
INSERT INTO public.user_role (user_id, role_id) VALUES (20240164, 3);
INSERT INTO public.user_role (user_id, role_id) VALUES (20240165, 3);
INSERT INTO public.user_role (user_id, role_id) VALUES (20240166, 3);
INSERT INTO public.user_role (user_id, role_id) VALUES (20240167, 3);
INSERT INTO public.user_role (user_id, role_id) VALUES (20240168, 3);
INSERT INTO public.user_role (user_id, role_id) VALUES (20240169, 3);
INSERT INTO public.user_role (user_id, role_id) VALUES (20240170, 3);
INSERT INTO public.user_role (user_id, role_id) VALUES (20240171, 3);
INSERT INTO public.user_role (user_id, role_id) VALUES (20240172, 3);
INSERT INTO public.user_role (user_id, role_id) VALUES (20240173, 3);
INSERT INTO public.user_role (user_id, role_id) VALUES (20240174, 3);
INSERT INTO public.user_role (user_id, role_id) VALUES (20240175, 3);
INSERT INTO public.user_role (user_id, role_id) VALUES (20240176, 3);
INSERT INTO public.user_role (user_id, role_id) VALUES (20240177, 3);
INSERT INTO public.user_role (user_id, role_id) VALUES (20240178, 3);
INSERT INTO public.user_role (user_id, role_id) VALUES (20240179, 3);
INSERT INTO public.user_role (user_id, role_id) VALUES (20240180, 3);
INSERT INTO public.user_role (user_id, role_id) VALUES (20240181, 3);
INSERT INTO public.user_role (user_id, role_id) VALUES (20240182, 3);
INSERT INTO public.user_role (user_id, role_id) VALUES (20240183, 3);
INSERT INTO public.user_role (user_id, role_id) VALUES (20240184, 3);
INSERT INTO public.user_role (user_id, role_id) VALUES (20240185, 3);
INSERT INTO public.user_role (user_id, role_id) VALUES (20240186, 3);
INSERT INTO public.user_role (user_id, role_id) VALUES (20240187, 3);
INSERT INTO public.user_role (user_id, role_id) VALUES (20240188, 3);
INSERT INTO public.user_role (user_id, role_id) VALUES (20240189, 3);
INSERT INTO public.user_role (user_id, role_id) VALUES (20240190, 3);
INSERT INTO public.user_role (user_id, role_id) VALUES (20240191, 3);
INSERT INTO public.user_role (user_id, role_id) VALUES (20240192, 3);
INSERT INTO public.user_role (user_id, role_id) VALUES (20240193, 3);
INSERT INTO public.user_role (user_id, role_id) VALUES (20240194, 3);
INSERT INTO public.user_role (user_id, role_id) VALUES (20240195, 3);
INSERT INTO public.user_role (user_id, role_id) VALUES (20240196, 3);
INSERT INTO public.user_role (user_id, role_id) VALUES (20240197, 3);
INSERT INTO public.user_role (user_id, role_id) VALUES (20240198, 3);
INSERT INTO public.user_role (user_id, role_id) VALUES (20240199, 3);
INSERT INTO public.user_role (user_id, role_id) VALUES (20240200, 3);
INSERT INTO public.user_role (user_id, role_id) VALUES (20240201, 3);
INSERT INTO public.user_role (user_id, role_id) VALUES (20240202, 3);
INSERT INTO public.user_role (user_id, role_id) VALUES (20240203, 3);
INSERT INTO public.user_role (user_id, role_id) VALUES (20240204, 3);
INSERT INTO public.user_role (user_id, role_id) VALUES (20240205, 3);
INSERT INTO public.user_role (user_id, role_id) VALUES (20240206, 3);
INSERT INTO public.user_role (user_id, role_id) VALUES (20240207, 3);
INSERT INTO public.user_role (user_id, role_id) VALUES (20240208, 3);
INSERT INTO public.user_role (user_id, role_id) VALUES (20240209, 3);
INSERT INTO public.user_role (user_id, role_id) VALUES (20240210, 3);
INSERT INTO public.user_role (user_id, role_id) VALUES (20240211, 3);
INSERT INTO public.user_role (user_id, role_id) VALUES (20240212, 3);
INSERT INTO public.user_role (user_id, role_id) VALUES (20240213, 3);
INSERT INTO public.user_role (user_id, role_id) VALUES (20240214, 3);
INSERT INTO public.user_role (user_id, role_id) VALUES (20240215, 3);
INSERT INTO public.user_role (user_id, role_id) VALUES (20240216, 3);
INSERT INTO public.user_role (user_id, role_id) VALUES (20240217, 3);
INSERT INTO public.user_role (user_id, role_id) VALUES (20240218, 3);
INSERT INTO public.user_role (user_id, role_id) VALUES (20240219, 3);
INSERT INTO public.user_role (user_id, role_id) VALUES (20240220, 3);
INSERT INTO public.user_role (user_id, role_id) VALUES (20240221, 3);
INSERT INTO public.user_role (user_id, role_id) VALUES (20240222, 3);
INSERT INTO public.user_role (user_id, role_id) VALUES (20240223, 3);
INSERT INTO public.user_role (user_id, role_id) VALUES (20240224, 3);
INSERT INTO public.user_role (user_id, role_id) VALUES (20240225, 3);
INSERT INTO public.user_role (user_id, role_id) VALUES (20240226, 3);
INSERT INTO public.user_role (user_id, role_id) VALUES (20240227, 3);
INSERT INTO public.user_role (user_id, role_id) VALUES (20240228, 3);
INSERT INTO public.user_role (user_id, role_id) VALUES (20240229, 3);


--
-- TOC entry 4406 (class 0 OID 0)
-- Dependencies: 226
-- Name: game_info_id_seq; Type: SEQUENCE SET; Schema: public; Owner: yvfqbqqqabpzca
--

SELECT pg_catalog.setval('public.game_info_id_seq', 1, true);


--
-- TOC entry 4407 (class 0 OID 0)
-- Dependencies: 230
-- Name: pop_role_id_seq; Type: SEQUENCE SET; Schema: public; Owner: yvfqbqqqabpzca
--

SELECT pg_catalog.setval('public.pop_role_id_seq', 1, false);


--
-- TOC entry 4408 (class 0 OID 0)
-- Dependencies: 219
-- Name: seq; Type: SEQUENCE SET; Schema: public; Owner: yvfqbqqqabpzca
--

SELECT pg_catalog.setval('public.seq', 1001, true);


--
-- TOC entry 4409 (class 0 OID 0)
-- Dependencies: 220
-- Name: seq2; Type: SEQUENCE SET; Schema: public; Owner: yvfqbqqqabpzca
--

SELECT pg_catalog.setval('public.seq2', 1003, true);


--
-- TOC entry 4410 (class 0 OID 0)
-- Dependencies: 221
-- Name: seq_feedback; Type: SEQUENCE SET; Schema: public; Owner: yvfqbqqqabpzca
--

SELECT pg_catalog.setval('public.seq_feedback', 20240001, true);


--
-- TOC entry 4411 (class 0 OID 0)
-- Dependencies: 222
-- Name: seq_player; Type: SEQUENCE SET; Schema: public; Owner: yvfqbqqqabpzca
--

SELECT pg_catalog.setval('public.seq_player', 20240229, true);


--
-- TOC entry 4412 (class 0 OID 0)
-- Dependencies: 223
-- Name: seq_stage; Type: SEQUENCE SET; Schema: public; Owner: yvfqbqqqabpzca
--

SELECT pg_catalog.setval('public.seq_stage', 20240006, true);


--
-- TOC entry 4413 (class 0 OID 0)
-- Dependencies: 224
-- Name: seq_stamp; Type: SEQUENCE SET; Schema: public; Owner: yvfqbqqqabpzca
--

SELECT pg_catalog.setval('public.seq_stamp', 20240653, true);


--
-- TOC entry 4414 (class 0 OID 0)
-- Dependencies: 225
-- Name: seq_user; Type: SEQUENCE SET; Schema: public; Owner: yvfqbqqqabpzca
--

SELECT pg_catalog.setval('public.seq_user', 20240229, true);


-- Completed on 2024-07-07 11:21:18

--
-- PostgreSQL database dump complete
--

